x,y,sigma,sigma_vee,psi
-5,6,0.00054103659642088474,0.00054103659642088474,5.8838482520319459
-4.875,5.125,0.00041299184809924223,0.00041299184809924223,0.70469427191814982
-4.875,5.25,0.00041355228654928048,0.00041355228654928048,0.72736288634529678
-4.875,5.375,0.00041415371865990963,0.00041415371865990963,0.75168961235602494
-4.875,5.5,0.00041501031933730622,0.00041497178864434973,0.78477890708665787
-4.875,5.625,0.00041578985862878983,0.00041578985862878983,0.81786820181729092
-4.875,5.75,0.00041669092256373526,0.00041669092256373526,0.85431443585796363
-4.875,5.875,0.00041787098916766058,0.00041787098916766058,0.90204576985353502
-4.75,4.25,0.00040730990037916208,0.00040730990037916208,0.47487085053634792
-4.75,4.375,0.00040776139317102512,0.00040764282547114993,0.4883370046570723
-4.75,4.5,0.00040797575056313777,0.00040797575056313777,0.50180315877779669
-4.75,4.625,0.00040843431086456185,0.00040843431086456185,0.52035100584979765
-4.75,4.75,0.00040892739890456851,0.00040892739890456851,0.54029543089198717
-4.75,4.875,0.00040960880247875294,0.00040959854290678556,0.56744186349366221
-4.75,5,0.00041063753317984255,0.0004102696869090026,0.59458829609533737
-4.75,5.125,0.00041125066632312091,0.00041094083091121965,0.62173472869701241
-4.75,5.25,0.0004116119749134367,0.0004116119749134367,0.64888116129868745
-4.75,5.375,0.00041248347905527619,0.00041248347905527619,0.68413176082781124
-4.75,5.5,0.00041365612457096567,0.00041343813313254527,0.72274560894519091
-4.75,5.625,0.00041452494437379405,0.00041452494437379405,0.76670495003122185
-4.75,5.75,0.0004158675588724359,0.0004158675588724359,0.82101102127228731
-4.625,3.375,0.00040300922657941177,0.00040300922657941177,0.30091719668404732
-4.625,3.5,0.00040305322016258668,0.00040305322016258668,0.30269664913630601
-4.625,3.625,0.00040393626472557379,0.00040322842083420293,0.30978316590184013
-4.625,3.75,0.00040346419572736853,0.00040340362150581924,0.31686968266737642
-4.625,3.875,0.00040391280456306063,0.00040357882217743554,0.32395619943291271
-4.625,4,0.00040375402284905179,0.00040375402284905179,0.33104271619844683
-4.625,4.125,0.00040454908821585517,0.000404295419924545,0.35294114510799601
-4.625,4.25,0.0004050014210113994,0.00040483681700003826,0.37483957401754747
-4.625,4.375,0.00040560478573701517,0.00040537821407553152,0.39673800292709893
-4.625,4.5,0.00040619957846886438,0.0004059717652496722,0.42074596081874127
-4.625,4.625,0.00040672919889151457,0.00040657535606205132,0.44516000199785177
-4.625,4.75,0.00040730270983119514,0.00040717894687443038,0.46957404317696005
-4.625,4.875,0.00040824640156999017,0.00040781631428172844,0.49535428006735177
-4.625,5,0.00041004023644062633,0.00040848745828394548,0.52250071266902687
-4.625,5.125,0.00040923199156089353,0.00040923199156089353,0.55261559465502152
-4.625,5.25,0.00041018534370135528,0.00041018534370135528,0.59117678203241819
-4.625,5.375,0.00041127466754982986,0.00041127466754982986,0.63523775305551822
-4.625,5.5,0.00041244052208930433,0.00041244052208930433,0.6823942374681814
-4.625,5.625,0.00041412506380891128,0.00041397744346313421,0.7445596331968527
-4.5,2.5,0.00040087766418091893,0.00040087766418091893,0.21469976078980874
-4.5,2.625,0.00040050344338302314,0.00040050344338302314,0.19956327795651987
-4.5,2.75,0.00040031268321116727,0.00040031268321116727,0.19184741052529383
-4.5,2.875,0.00040018468937721633,0.00040018468937721633,0.18667031592964592
-4.5,3,0.00040037092981932743,0.000400235968426032,0.18874445089614231
-4.5,3.125,0.00040028724747484767,0.00040028724747484767,0.1908185858626387
-4.5,3.25,0.00040109447470615926,0.00040043199714089468,0.1966734203549079
-4.5,3.375,0.00040072202780211597,0.00040060719781251093,0.20375993712044199
-4.5,3.5,0.00040087980665856415,0.00040080263973502842,0.21166517200242962
-4.5,3.625,0.00040103251160016306,0.000401018322908447,0.22038912500086422
-4.5,3.75,0.00040250004950973336,0.0004012667374454239,0.23043699619250602
-4.5,3.875,0.00040185127453246523,0.00040154788334595924,0.24180878557735941
-4.5,4,0.00040182902924649453,0.00040182902924649453,0.25318057496221058
-4.5,4.125,0.00040383352125317737,0.00040242258042063521,0.27718853285385298
-4.5,4.25,0.00040301613159477584,0.00040301613159477584,0.30119649074549315
-4.5,4.375,0.0004036998758196703,0.00040361972240715496,0.32561053192460365
-4.5,4.5,0.00040476367121207869,0.00040422331321953407,0.35002457310371415
-4.5,4.625,0.00040488727209933584,0.00040482690403191313,0.37443861428282244
-4.5,4.75,0.00040590225205585799,0.00040543049484429225,0.39885265546193294
-4.5,4.875,0.00040603408565667131,0.00040603408565667131,0.42326669664104127
-4.5,5,0.00040766457018092875,0.00040706998700659058,0.46516683444257589
-4.5,5.125,0.00040822797741100553,0.00040810588835650985,0.50706697224411046
-4.5,5.25,0.00040916346027615073,0.00040916346027615073,0.54984364124974472
-4.5,5.375,0.00041069070577948565,0.000410600398336662,0.60796491192130464
-4.5,5.5,0.00041222861906786771,0.00041208732805383258,0.6681082451214202
-4.5,5.625,0.00041430343536581613,0.00041430343536581613,0.75774535367653095
-4.375,1.625,0.0004000975581397005,0.0004000975581397005,0.18314603163460588
-4.375,1.75,0.00039928159559899441,0.00039928159559899441,0.15014197878812607
-4.375,1.875,0.00039883223992495523,0.00039883223992495523,0.13196644048458933
-4.375,2,0.00039851591940620422,0.00039838636874417184,0.11393184296426251
-4.375,2.125,0.00039794049756338839,0.00039794049756338839,0.095897245443933493
-4.375,2.25,0.00039824191215748276,0.00039788967687742137,0.093841650337939425
-4.375,2.375,0.00039823718509763466,0.00039783885619145435,0.091786055231945357
-4.375,2.5,0.00039800295800346139,0.00039778803550548738,0.089730460125953482
-4.375,2.625,0.00039847609425901925,0.00039773721481952036,0.087674865019959414
-4.375,2.75,0.00039770520950730646,0.00039768639413355339,0.085619269913967538
-4.375,2.875,0.00039763557344758642,0.00039763557344758642,0.083563674807975663
-4.375,3,0.00040202409169781998,0.000397851256621005,0.092287627806410255
-4.375,3.125,0.00039858809561107555,0.00039806693979442358,0.10101158080484485
-4.375,3.25,0.00039930996986752964,0.0003982826229678421,0.10973553380327725
-4.375,3.375,0.00039849830614126068,0.00039849830614126068,0.11845948680171184
-4.375,3.5,0.00039934219062391364,0.00039883184208709156,0.1319503487386795
-4.375,3.625,0.00039953411225654298,0.00039916537803292239,0.14544121067564497
-4.375,3.75,0.00039981583875709891,0.00039949891397875333,0.15893207261261483
-4.375,3.875,0.00040034236540687558,0.00039983244992458416,0.1724229345495803
-4.375,4,0.00040067508260205309,0.00040042600109872485,0.19643089244122267
-4.375,4.125,0.00040189244109950501,0.00040102959191110396,0.22084493362033317
-4.375,4.25,0.00040188617856308457,0.00040163318272348303,0.24525897479944148
-4.375,4.375,0.00040264017878784998,0.00040225168704008911,0.27027623739752427
-4.375,4.5,0.00040329082190792334,0.00040288510486092226,0.29589672141458367
-4.375,4.625,0.0004038228988719411,0.00040351852268175542,0.32151720543164308
-4.375,4.75,0.00040502227867155995,0.00040415194050258857,0.34713768944870249
-4.375,4.875,0.00040602421829788297,0.0004050891867571265,0.38504742595225261
-4.375,5,0.00040602643301166443,0.00040602643301166443,0.42295716245580273
-4.375,5.125,0.0004075360215141377,0.00040740232914480008,0.47860940924887363
-4.375,5.25,0.00040947025343205469,0.00040879977089466559,0.53513313314743394
-4.375,5.375,0.000410197212644531,0.000410197212644531,0.59165685704598991
-4.375,5.5,0.00041232471138860904,0.00041232471138860904,0.67770992624645832
-4.25,0.75,0.00040064723636692659,0.00040064723636692659,0.20537941656944667
-4.25,0.875,0.00039949538092542937,0.00039949538092542937,0.15878916767176698
-4.25,1,0.00039866373443022367,0.00039866373443022367,0.12515073023368697
-4.25,1.125,0.0003982535166205546,0.00039789553321726613,0.094078527571980375
-4.25,1.25,0.00039712733200430864,0.00039712733200430864,0.063006324910275968
-4.25,1.375,0.00039695550867480816,0.00039681346062458772,0.050310855343324024
-4.25,1.5,0.00039659970183514651,0.00039649958924486679,0.037615385776372079
-4.25,1.625,0.00039628668936103536,0.00039618571786514592,0.024919916209422327
-4.25,1.75,0.000395871846485425,0.000395871846485425,0.012224446642470382
-4.25,1.875,0.00039661211707192628,0.00039580929691871569,0.0096944417682123529
-4.25,2,0.00039600805669033639,0.00039574674735200644,0.0071644368939565162
-4.25,2.125,0.00039572131041201139,0.00039568419778529713,0.0046344320196984867
-4.25,2.25,0.00039666521603512537,0.00039562164821858783,0.0021044271454404573
-4.25,2.375,0.00039555909865187852,0.00039555909865187852,-0.00042557772881757217
-4.25,2.5,0.00039603638696355847,0.00039558091170423427,0.00045671661286791898
-4.25,2.625,0.00039619633043194691,0.00039560272475658997,0.0013390109545512174
-4.25,2.75,0.00039577574798941022,0.00039562453780894573,0.0022213052962367086
-4.25,2.875,0.00039670502518032291,0.0003958402209823643,0.010945258294671301
-4.25,3,0.00039656849538014844,0.00039605590415578288,0.019669211293105893
-4.25,3.125,0.00039684161868874037,0.000396280754479114,0.028763957171203003
-4.25,3.25,0.00039668655963600913,0.00039656615244938346,0.040307734272662349
-4.25,3.375,0.00039720132301295289,0.00039688358198770608,0.053147124238735355
-4.25,3.5,0.00039721681847551196,0.00039720101152602869,0.065986514204808361
-4.25,3.625,0.0003991499535827578,0.00039751844106435125,0.078825904170879174
-4.25,3.75,0.00039783587060267386,0.00039783587060267386,0.09166529413695218
-4.25,3.875,0.00039865022148372032,0.00039846928842350696,0.1172857781540094
-4.25,4,0.00039986184360092647,0.00039910270624434006,0.14290626217106661
-4.25,4.125,0.00040049857683798997,0.00039973612406517326,0.16852674618812821
-4.25,4.25,0.00040068854233446348,0.00040036954188600642,0.19414723020518762
-4.25,4.375,0.00040104294557880438,0.00040100295970683952,0.21976771422224484
-4.25,4.5,0.00040367602701636598,0.00040163637752767267,0.24538819823930424
-4.25,4.625,0.00040265985936116039,0.00040226979534850583,0.27100868225636365
-4.25,4.75,0.00040356757481837575,0.00040320704160304375,0.30891841875991377
-4.25,4.875,0.00040424375626358397,0.00040424375626358397,0.35085145334944434
-4.25,5,0.00040603338104207168,0.00040566397057515964,0.40829628182405708
-4.25,5.125,0.00040720491408554205,0.00040708418488673531,0.46574111029866982
-4.25,5.25,0.00040873612910686814,0.00040850439919831109,0.5231859387732869
-4.25,5.375,0.00041048517591171048,0.00041048517591171048,0.6033043952768653
-4.125,-0.125,0.00040293267761966513,0.00040293267761966513,0.29782094436021511
-4.125,0,0.00040170515584718469,0.00040170515584718469,0.2481701437069263
-4.125,0.125,0.00040091136413778616,0.00040070234654455516,0.20760851303416727
-4.125,0.25,0.0003997651371265085,0.00039969953724192564,0.16704688236140824
-4.125,0.375,0.00039869672793929611,0.00039869672793929611,0.12648525168864921
-4.125,0.5,0.00039801510349984432,0.00039778467462069978,0.089594519058064814
-4.125,0.625,0.00039687262130210351,0.00039687262130210351,0.052703786427482607
-4.125,0.75,0.00039637678804726117,0.00039630510720130497,0.029748976078383421
-4.125,0.875,0.00039587798738851854,0.00039573759310050643,0.006794165729284235
-4.125,1,0.0003951700789997079,0.0003951700789997079,-0.016160644619814951
-4.125,1.125,0.00039494227625700096,0.00039491878199509543,-0.026325105862380044
-4.125,1.25,0.00039570634488842517,0.0003946674849904828,-0.036489567104951715
-4.125,1.375,0.00039442489286773492,0.00039441618798587033,-0.046654028347516807
-4.125,1.5,0.00039466599867794225,0.00039416489098125776,-0.056818489590086285
-4.125,1.625,0.00039455161882793674,0.00039391359397664529,-0.066982950832651378
-4.125,1.75,0.00039439872177117707,0.0003937566706909844,-0.073330183891062939
-4.125,1.875,0.00039389010129884207,0.00039369412112427509,-0.075860188765320968
-4.125,2,0.00039484670338210323,0.00039363157155756579,-0.078390193639578998
-4.125,2.125,0.00039470196835358657,0.00039361706042448168,-0.078977139950564823
-4.125,2.25,0.00039393448432212242,0.00039360254929139758,-0.079564086261550648
-4.125,2.375,0.00039530365230023223,0.00039358803815831353,-0.080151032572534281
-4.125,2.5,0.00039364992610963628,0.00039359168911794938,-0.080003358557183352
-4.125,2.625,0.00039373777220102384,0.00039361350217030508,-0.079121064215500053
-4.125,2.75,0.000394595835976821,0.00039382918534372366,-0.070397111217065461
-4.125,2.875,0.00039462280257643046,0.00039406320281696737,-0.06093157245930364
-4.125,3,0.00039447416345815534,0.00039432749411368029,-0.050241518089859605
-4.125,3.125,0.00039463399875750625,0.00039463399875750625,-0.037844018256387141
-4.125,3.25,0.00039637406146216203,0.00039496235319032551,-0.024562738157713593
-4.125,3.375,0.00039828745707940199,0.0003954529729165394,-0.0047181514718143414
-4.125,3.5,0.00039710993660505717,0.00039594359264275334,0.015126435214087103
-4.125,3.625,0.00039660498429504955,0.00039643421236896728,0.034971021899988547
-4.125,3.75,0.00039787027968947946,0.00039693217631195528,0.055112667465967324
-4.125,3.875,0.00039888195410068341,0.00039749593303430107,0.077915499371409569
-4.125,4,0.00039858940443382522,0.00039807427646632552,0.10130833450993482
-4.125,4.125,0.0003999276787843555,0.00039865261989834987,0.12470116964845568
-4.125,4.25,0.00040266364707540979,0.00039923096333037433,0.14809400478698093
-4.125,4.375,0.00040070613857306873,0.00039980930676239873,0.17148683992550398
-4.125,4.5,0.00040038765019442314,0.00040038765019442314,0.19487967506402704
-4.125,4.625,0.00040206371112896396,0.00040157707892112129,0.24298968820151381
-4.125,4.75,0.00040398489764874242,0.00040276650764781944,0.29109970133900059
-4.125,4.875,0.00040487854238771542,0.00040400096309972162,0.34103095545754003
-4.125,5,0.00040544059706080165,0.0004054062744259064,0.39787298797906201
-4.125,5.125,0.00040681158575209112,0.00040681158575209112,0.45471502050058177
-4.125,5.25,0.00040876640537595402,0.00040876640537595402,0.53378356464658816
-4.125,5.375,0.00041176234526403479,0.00041176234526403479,0.65496334123967914
-4,-1,0.00040590803015637291,0.00040590803015637291,0.4181680037649716
-4,-0.875,0.00040428427104904533,0.00040428427104904533,0.3524901953917855
-4,-0.75,0.00040335972917592092,0.0004032493223908549,0.31062859206529891
-4,-0.625,0.00040221437373266447,0.00040221437373266447,0.26876698873881233
-4,-0.5,0.00040151853933072267,0.00040122306568146626,0.22867056068394748
-4,-0.375,0.00040025881478256278,0.00040023175763026801,0.1885741326290804
-4,-0.25,0.00040002016558055844,0.00039924044957906981,0.14847770457421552
-4,-0.125,0.0003982491415278716,0.0003982491415278716,0.10838127651935064
-4,0,0.00039854689591762769,0.00039757452949146726,0.081094568870867662
-4,0.125,0.00039712206143135997,0.00039689991745506297,0.053807861222386871
-4,0.25,0.00039622530541865867,0.00039622530541865867,0.026521153573906081
-4,0.375,0.00039586894557823161,0.00039559175997648391,0.00089550752882128215
-4,0.5,0.00039532274222388628,0.0003949582145343092,-0.024730138516261324
-4,0.625,0.00039457475072136389,0.00039439070043351067,-0.04768494886536051
-4,0.75,0.00039578288746656271,0.0003939203614606216,-0.066709219640777417
-4,0.875,0.00039420377410571939,0.00039354719761564185,-0.081802950842518624
-4,1,0.00039413768829305192,0.00039323772403565983,-0.094320538205631355
-4,1.125,0.0003945340508362575,0.00039292825045567786,-0.10683812556874189
-4,1.25,0.0003926187768756959,0.0003926187768756959,-0.11935571293185243
-4,1.375,0.00039525604133494921,0.00039231386607154823,-0.13168874513801729
-4,1.5,0.00039268741294145015,0.00039200895526740061,-0.14402177734417995
-4,1.625,0.000391704044463253,0.000391704044463253,-0.15635480955034262
-4,1.75,0.00039318904539637026,0.0003916895333301689,-0.15694175586132844
-4,1.875,0.0003921224197431066,0.00039167502219708479,-0.15752870217231427
-4,2,0.00039193058721730128,0.00039166051106400074,-0.1581156484832979
-4,2.125,0.00039188080947687143,0.00039164599993091664,-0.15870259479428372
-4,2.25,0.00039231283882045257,0.00039163148879783254,-0.15928954110526955
-4,2.375,0.00039173263484261077,0.00039161697766474849,-0.15987648741625318
-4,2.5,0.00039160246653166444,0.00039160246653166444,-0.16046343372723681
-4,2.625,0.00039341248792771119,0.00039184565115482075,-0.15062710208981028
-4,2.75,0.00039208883577797712,0.00039208883577797712,-0.14079077045238156
-4,2.875,0.00039277917984846772,0.00039257945550419106,-0.12094618376648011
-4,3,0.00039454712637863052,0.000393070075230405,-0.10110159708057867
-4,3.125,0.00039610509784952688,0.00039356069495661894,-0.081257010394677226
-4,3.25,0.00039549663960374254,0.00039405131468283288,-0.061412423708775782
-4,3.375,0.00039766351244507545,0.00039454193440904682,-0.041567837022874338
-4,3.5,0.00039774834488478416,0.00039503255413526081,-0.021723250336970701
-4,3.625,0.0003964965053188545,0.00039552317386147475,-0.0018786636510692567
-4,3.75,0.00039619973996829342,0.00039602848202123671,0.018560040794982469
-4,3.875,0.00039907937424914751,0.00039657765203390393,0.040772869467346096
-4,4,0.00039935290602933891,0.00039715599546592833,0.06416570460586915
-4,4.125,0.00039781574212825342,0.00039773433889795268,0.087558539744390013
-4,4.25,0.0004016083155512876,0.00039831268232997714,0.11095137488291526
-4,4.375,0.00039989536845066201,0.00039908845681418405,0.14232990122011657
-4,4.5,0.00040155614427015476,0.00040009983030535681,0.18323793619107226
-4,4.625,0.00040155399319206231,0.00040128925903205496,0.23134794932855904
-4,4.75,0.00040341543461910775,0.00040252371448395714,0.28127920344709845
-4,4.875,0.00040375816993585927,0.00040375816993585927,0.33121045756563566
-4,5,0.00040584316554219564,0.00040530378732587066,0.39372758975681632
-4,5.125,0.00040716371054073865,0.00040715630639127063,0.4686582809141146
-4,5.25,0.0004097292219186375,0.0004097292219186375,0.57272756816504955
-3.875,-1.125,0.0004045832465479075,0.0004045832465479075,0.36458315636976235
-3.875,-1,0.00040329410199808425,0.0004032584842516314,0.3109991710099867
-3.875,-0.875,0.00040193372195535535,0.00040193372195535535,0.25741518565021321
-3.875,-0.75,0.00040095399938266187,0.00040081538619001357,0.21218074061366871
-3.875,-0.625,0.0004001719480474196,0.00039969705042467184,0.1669462955771264
-3.875,-0.5,0.00039857871465933011,0.00039857871465933011,0.12171185054058409
-3.875,-0.375,0.00039814827117336222,0.0003977880136746422,0.089729577111927528
-3.875,-0.25,0.00039755016913687561,0.00039699731268995429,0.057747303683270967
-3.875,-0.125,0.00039681385170202616,0.00039620661170526643,0.0257650302546166
-3.875,0,0.00039563697002803212,0.00039541591072057852,-0.0062172431740399603
-3.875,0.125,0.00039650348981900028,0.00039462520973589061,-0.03819951660269652
-3.875,0.25,0.00039385292588422946,0.00039383450875120281,-0.070181790031348695
-3.875,0.375,0.0003930438077665149,0.0003930438077665149,-0.10216406346000526
-3.875,0.5,0.00039332318150538776,0.0003926706439215352,-0.11725779466174427
-3.875,0.625,0.00039233980949772798,0.0003922974800765555,-0.13235152586348328
-3.875,0.75,0.0003922888456592442,0.00039192431623157579,-0.1474452570652223
-3.875,0.875,0.00039175117144397032,0.00039161484265159388,-0.15996284442833064
-3.875,1,0.00039181966646708173,0.00039130765045952904,-0.17238815421296944
-3.875,1.125,0.00039145999577880071,0.00039100273965538143,-0.1847211864191321
-3.875,1.25,0.00039130965565346674,0.0003908209729447971,-0.19207328632884671
-3.875,1.375,0.00039165249974735486,0.00039063920623421284,-0.19942538623855913
-3.875,1.5,0.00039090010245988017,0.00039056112941465531,-0.2025834374360222
-3.875,1.625,0.00039176741549992364,0.00039048305259509766,-0.20574148863348965
-3.875,1.75,0.00039216276723848899,0.00039040497577554008,-0.20889953983095491
-3.875,1.875,0.00039032689895598249,0.00039032689895598249,-0.21205759102842017
-3.875,2,0.00039098168558449959,0.00039037164416029567,-0.21024773700436084
-3.875,2.125,0.00039410829999951742,0.00039041638936460895,-0.20843788298029711
-3.875,2.25,0.00039109715134565722,0.00039046113456892218,-0.20662802895623558
-3.875,2.375,0.00039155893818576873,0.00039051136247952639,-0.20459641042811655
-3.875,2.5,0.00039242459571714239,0.00039056707309642158,-0.20234302739594001
-3.875,2.625,0.00039239466437280618,0.00039081025771957789,-0.19250669575851348
-3.875,2.75,0.00039769216847058395,0.00039127352629572351,-0.17376840839057561
-3.875,2.875,0.00039326453338265173,0.00039173679487186923,-0.15503012102263336
-3.875,3,0.00039535646953980718,0.00039220006344801485,-0.13629183365469549
-3.875,3.125,0.00039540373606226139,0.00039266333202416046,-0.11755354628675763
-3.875,3.25,0.00039405242999234391,0.00039314027617534029,-0.098262109259835778
-3.875,3.375,0.00040007340632506092,0.00039363089590155423,-0.078417522573934334
-3.875,3.5,0.00039521741441742448,0.00039412151562776817,-0.05857293588803289
-3.875,3.625,0.00039637918281341169,0.00039461213535398211,-0.038728349202131446
-3.875,3.75,0.00039800277146799713,0.00039512478773051808,-0.01799258587600458
-3.875,3.875,0.00039586713699988122,0.00039565937103350674,0.0036302395632804296
-3.875,4,0.00039726609148892084,0.00039623771446553114,0.027023074701803484
-3.875,4.125,0.00039835481005595495,0.0003969147734236468,0.054408755439665668
-3.875,4.25,0.00039778926343394491,0.00039778926343394491,0.089780127376203916
-3.875,4.375,0.00040079273516983286,0.00039880063692511773,0.1306881623471618
-3.875,4.5,0.00039981201041629048,0.00039981201041629048,0.17159619731811748
-3.875,4.625,0.00040107994652279242,0.00040107994652279242,0.2228816769539079
-3.875,4.75,0.00040237601450514028,0.00040237601450514028,0.27530503470391399
-3.875,4.875,0.00040399129943924128,0.00040379598889965019,0.33274015901305082
-3.875,5,0.00040566204455941892,0.0004055462074065873,0.40353299718164326
-3.875,5.125,0.00040793053009935843,0.00040793053009935843,0.49997408145884981
-3.75,-1.25,0.00040379637152919781,0.00040379637152919781,0.33275563561299298
-3.75,-1.125,0.00040265330696819028,0.0004025077727971966,0.28063439410100799
-3.75,-1,0.00040124377747981417,0.00040121917406519539,0.22851315258902294
-3.75,-0.875,0.00039993057533319423,0.00039993057533319423,0.17639191107704011
-3.75,-0.75,0.00039908542815843826,0.00039883377026190072,0.13202833955336052
-3.75,-0.625,0.00039790377492696099,0.00039773696519060711,0.087664768029676543
-3.75,-0.5,0.00039724569629026504,0.00039677006184361271,0.048555461450446785
-3.75,-0.375,0.0003968405995496445,0.00039593306022091745,0.014700419815669052
-3.75,-0.25,0.00039509605859822214,0.00039509605859822214,-0.019154621819110873
-3.75,-0.125,0.00039437668075762767,0.00039432415847318568,-0.05037643807658565
-3.75,0,0.00039526869140742372,0.00039355225834814922,-0.081598254334060427
-3.75,0.125,0.00039278035822311276,0.00039278035822311276,-0.1128200705915352
-3.75,0.25,0.00039293192466561947,0.0003920736594817671,-0.14140462128148434
-3.75,0.375,0.00039171284420168556,0.00039145392863786631,-0.16647149445558368
-3.75,0.5,0.00039123210131804655,0.00039087768174268805,-0.18977952887175373
-3.75,0.625,0.0003903014348475098,0.0003903014348475098,-0.21308756328792378
-3.75,0.75,0.0003907218452282039,0.00039011966813692553,-0.22043966319763619
-3.75,0.875,0.0003917495473140528,0.00038993790142634126,-0.22779176310734861
-3.75,1,0.00038992372597543507,0.00038975613471575705,-0.23514386301705884
-3.75,1.125,0.00039103444771091642,0.00038957436800517273,-0.24249596292677345
-3.75,1.25,0.00039014842340706217,0.00038949629118561514,-0.24565401412423871
-3.75,1.375,0.00038995572667219235,0.00038941821436605756,-0.24881206532170397
-3.75,1.5,0.00039237654707285793,0.00038936100957047301,-0.25112588489350773
-3.75,1.625,0.00039070799450537899,0.00038930380477488857,-0.25343970446530706
-3.75,1.75,0.00039054445149249893,0.00038924659997930408,-0.2557535240371086
-3.75,1.875,0.00039032524517131577,0.00038928591592303377,-0.25416327274513001
-3.75,2,0.00038959725373543218,0.00038932523186676346,-0.25257302145315141
-3.75,2.125,0.00038936454781049321,0.00038936454781049321,-0.25098277016117065
-3.75,2.25,0.0003903568292128779,0.00038942025842738834,-0.24872938712899628
-3.75,2.375,0.00039175446743835204,0.00038947596904428353,-0.24647600409681975
-3.75,2.5,0.00038953167966117872,0.00038953167966117872,-0.24422262106464321
-3.75,2.625,0.00039169927228950157,0.00038999494823732433,-0.22548433369670534
-3.75,2.75,0.0003906906637761532,0.00039045821681346995,-0.20674604632876747
-3.75,2.875,0.00039322561623435432,0.00039092148538961562,-0.18800775896082741
-3.75,3,0.00039380451372930892,0.00039138475396576129,-0.16926947159288736
-3.75,3.125,0.0003947231620853325,0.00039184802254190696,-0.1505311842249473
-3.75,3.25,0.00039724376738659977,0.00039231129111805258,-0.13179289685700943
-3.75,3.375,0.00039724848546717032,0.00039277455969419819,-0.11305460948907156
-3.75,3.5,0.00039404412900874891,0.00039323782827034386,-0.094316322121131502
-3.75,3.625,0.00039370109684648953,0.00039370109684648953,-0.075578034753191442
-3.75,3.75,0.00039642839287987099,0.00039422109343979956,-0.054545212546987243
-3.75,3.875,0.00039474109003310954,0.00039474109003310954,-0.033512390340785236
-3.75,4,0.00039652684540182951,0.00039565698426145623,0.0035336994073814909
-3.75,4.125,0.00039723369925948249,0.00039657287848980286,0.040579789155546026
-3.75,4.25,0.00039770391874547392,0.00039753651234956261,0.079556851515108329
-3.75,4.375,0.00039894250525634442,0.00039859653090304362,0.12243248196630824
-3.75,4.5,0.00040073682081312505,0.00039981174728963336,0.17158555437108999
-3.75,4.625,0.00040109942552907685,0.00040106900992675554,0.22243931351740789
-3.75,4.75,0.00040267426656389509,0.00040235101197118046,0.27429373221030723
-3.75,4.875,0.00040447005145733675,0.00040393610842190392,0.33840771344916964
-3.75,5,0.00040658990704900931,0.00040649401878446387,0.44187007179399451
-3.625,-1.375,0.00040312716384044282,0.00040312716384044282,0.3056875230182311
-3.625,-1.25,0.00040235551041205661,0.00040182514228376802,0.25302335509384866
-3.625,-1.125,0.00040086524208961087,0.00040052312072709327,0.20035918716946846
-3.625,-1,0.00039922109917041857,0.00039922109917041857,0.14769501924509043
-3.625,-0.875,0.00039909772730738045,0.00039808020299714257,0.10154805082842269
-3.625,-0.75,0.00039709448816959949,0.00039693930682386657,0.055401082411754954
-3.625,-0.625,0.00039579841065059062,0.00039579841065059062,0.009254113995089408
-3.625,-0.5,0.00039522979914277087,0.00039496432055556948,-0.024483162168325551
-3.625,-0.375,0.00039500818333708311,0.00039413023046054835,-0.058220438331740509
-3.625,-0.25,0.00039378485538675296,0.00039335833033551188,-0.089442254589215286
-3.625,-0.125,0.00039278815602235409,0.00039259860645779877,-0.12017156599495527
-3.625,0,0.00039211343825412215,0.00039185105882740901,-0.15040837254896045
-3.625,0.125,0.00039111553565055385,0.00039110351119701924,-0.18064517910296563
-3.625,0.25,0.00039243915177317304,0.00039044029640439596,-0.20747089103499206
-3.625,0.375,0.00039024373667427282,0.00038986404950921776,-0.23077892545115991
-3.625,0.5,0.00039130177046762095,0.00038944603926961425,-0.24768660362264278
-3.625,0.625,0.0003899415234254855,0.00038904998713138643,-0.26370612050968156
-3.625,0.75,0.00038969340627048528,0.00038877975845375955,-0.27463633006233357
-3.625,0.875,0.00038850952977613267,0.00038850952977613267,-0.28556653961498557
-3.625,1,0.00038972997799862659,0.00038845232498054813,-0.28788035918678934
-3.625,1.125,0.00038944450825020686,0.00038839512018496364,-0.29019417875859088
-3.625,1.25,0.00038898134990015122,0.0003883379153893792,-0.29250799833039021
-3.625,1.375,0.00038932234264793379,0.00038828071059379465,-0.29482181790219397
-3.625,1.5,0.0003886891311666986,0.00038822350579821016,-0.29713563747399552
-3.625,1.625,0.00039032357187772468,0.00038816630100262567,-0.29944945704579706
-3.625,1.75,0.00039087317670431548,0.00038820561694635536,-0.29785920575381841
-3.625,1.875,0.00038839333831803543,0.00038824493289008505,-0.29626895446183987
-3.625,2,0.00038924417788434887,0.00038830064350698024,-0.29401557142966328
-3.625,2.125,0.00038972237987362134,0.00038835635412387543,-0.2917621883974868
-3.625,2.25,0.00039047296849662063,0.00038845248142374978,-0.28787403137216877
-3.625,2.375,0.00038893584297417948,0.00038859087369492188,-0.28227634078779995
-3.625,2.5,0.00038987855787660138,0.00038891905761054079,-0.26900195776884617
-3.625,2.625,0.0003916152082340486,0.00038924724152615976,-0.25572757474989011
-3.625,2.75,0.0003903198531423277,0.00038971051010230543,-0.23698928738195005
-3.625,2.875,0.00039111658513104014,0.00039017377867845104,-0.21825100001401218
-3.625,3,0.00039367339236091376,0.00039063704725459671,-0.19951271264607212
-3.625,3.125,0.0003913499478305676,0.00039110031583074233,-0.18077442527813425
-3.625,3.25,0.00039590327711631489,0.000391563584406888,-0.16203613791019419
-3.625,3.375,0.00039287377159259441,0.00039202685298303362,-0.14329785054225633
-3.625,3.5,0.00039578719996505828,0.00039254684957634365,-0.12226502833605213
-3.625,3.625,0.00039476705324521181,0.00039315018118929646,-0.097861471255336591
-3.625,3.75,0.00039477272286009729,0.00039379518031207067,-0.071772546737365384
-3.625,3.875,0.00039513756030407185,0.00039458482143484936,-0.039833142603213273
-3.625,4,0.00039725798226988824,0.00039542664664996181,-0.0057829963023445785
-3.625,4.125,0.00039627238777400749,0.00039627238777400749,0.028425540683054862
-3.625,4.25,0.00039741022044009804,0.00039738105138979686,0.073268766614503378
-3.625,4.375,0.00039954251899238343,0.00039855911802105326,0.12091920571556231
-3.625,4.5,0.00040165464889103464,0.00039981148416297612,0.17157491142405812
-3.625,4.625,0.00040116147406491669,0.00040106874680009841,0.2224286705703804
-3.625,4.75,0.00040232600943722059,0.00040232600943722059,0.27328242971669831
-3.625,4.875,0.0004050575074695693,0.0004050575074695693,0.38376606212913922
-3.625,5,0.00040877169836995387,0.00040877169836995387,0.53399765566789426
-3.5,-1.5,0.00040263439347259584,0.00040263439347259584,0.28575594717955632
-3.5,-1.375,0.0004015876557994124,0.00040135015907862416,0.23381123441218998
-3.5,-1.25,0.00040022304918833646,0.00040006592468465248,0.18186652164482361
-3.5,-1.125,0.00039911865304085995,0.00039878169029068086,0.12992180887745944
-3.5,-1,0.00039774644117719057,0.00039758664906581874,0.081584781414236224
-3.5,-0.875,0.00039661996457685629,0.00039644575289254279,0.035437812997570678
-3.5,-0.75,0.00039631678366311586,0.00039534342026106129,-0.0091493372805930007
-3.5,-0.625,0.00039481659135101599,0.00039425391129196789,-0.05321779606248267
-3.5,-0.5,0.00039316440232287455,0.00039316440232287455,-0.097286254844370146
-3.5,-0.375,0.0003924415589059024,0.00039241685469248479,-0.12752306139837533
-3.5,-0.25,0.00039228829690199173,0.00039166930706209508,-0.15775986795237831
-3.5,-0.125,0.00039210497343499152,0.00039092175943170526,-0.18799667450638569
-3.5,0,0.00039177357023117098,0.00039017421180131549,-0.21823348106039087
-3.5,0.125,0.00038942666417092568,0.00038942666417092568,-0.24847028761439824
-3.5,0.25,0.00039110362707627698,0.00038900865393132216,-0.26537796578588113
-3.5,0.375,0.00038892263196293412,0.00038859064369171871,-0.28228564395736178
-3.5,0.5,0.00038945222356831776,0.00038818361250280299,-0.29874924148662479
-3.5,0.625,0.0003882972131827319,0.00038779853941526302,-0.31432467773144157
-3.5,0.75,0.00038866126519004245,0.00038752831073763619,-0.32525488728409135
-3.5,0.875,0.0003885817076696021,0.00038739307998699558,-0.33072470068600279
-3.5,1,0.00038782923571667281,0.00038732534819984818,-0.33346431601254073
-3.5,1.125,0.00038794909736753483,0.00038725761641270073,-0.33620393133908083
-3.5,1.25,0.00038937154657419412,0.00038720041161711618,-0.33851775091088454
-3.5,1.375,0.00038784273839714795,0.00038714320682153175,-0.34083157048268392
-3.5,1.5,0.00039040539860941612,0.00038708600202594725,-0.34314539005448547
-3.5,1.625,0.00038969242577971939,0.00038712531796967695,-0.34155513876250687
-3.5,1.75,0.00038722670475374837,0.00038718102858657213,-0.33930175573033033
-3.5,1.875,0.00038976559136163417,0.00038727715588644655,-0.33541359870501014
-3.5,2,0.00038880659395763097,0.0003873732831863209,-0.33152544167969211
-3.5,2.125,0.00038798195205991476,0.00038746941048619526,-0.32763728465437414
-3.5,2.25,0.00038841971823907968,0.00038765006772866503,-0.32033006051095675
-3.5,2.375,0.00038951155164080161,0.00038797825164428395,-0.30705567749200291
-3.5,2.5,0.00038887618688652462,0.00038830643555990292,-0.29378129447304691
-3.5,2.625,0.00039021147805524779,0.00038863461947552194,-0.28050691145408868
-3.5,2.75,0.00039192575717679278,0.00038896280339114085,-0.26723252843513479
-3.5,2.875,0.00039032985853125598,0.00038942607196728647,-0.24849424106719695
-3.5,3,0.00039801585646060398,0.00038988934054343214,-0.22975595369925689
-3.5,3.125,0.00039220184079748812,0.00039035260911957775,-0.21101766633131902
-3.5,3.25,0.00039344209275324766,0.00039091427322270918,-0.18829947668785915
-3.5,3.375,0.00039323953439331094,0.00039155927234548344,-0.16221055216988575
-3.5,3.5,0.00039265213085653238,0.0003922042714682576,-0.13612162765191674
-3.5,3.625,0.00039499419612159224,0.00039284927059103181,-0.11003270313394553
-3.5,3.75,0.00039421734770096962,0.00039359847534827647,-0.079728869112913381
-3.5,3.875,0.00039457211581034476,0.00039442855283658928,-0.046153894865636924
-3.5,4,0.00039755883592601065,0.00039526646214276852,-0.012262139249298976
-3.5,4.125,0.00039647636150704917,0.00039616557187654999,0.024105051262694133
-3.5,4.25,0.0003979430652826662,0.00039730893700007288,0.070351883778947855
-3.5,4.375,0.00040062879355555448,0.00039855640664679642,0.12080953604962158
-3.5,4.5,0.00040152577724256888,0.00039981122103631899,0.17156426847703063
-3.5,4.625,0.00040131845053717458,0.00040122324111795549,0.22867765673906382
-3.5,4.75,0.00040373066059250467,0.00040364927534079792,0.32680588898459406
-3.5,4.875,0.00040665498493677781,0.00040665498493677781,0.44838083072278878
-3.375,-1.625,0.00040242311882233615,0.00040242311882233615,0.2772103101258524
-3.375,-1.5,0.00040117062611308191,0.00040106283968520509,0.22218973958717556
-3.375,-1.375,0.00040008091825363419,0.00039970256054807409,0.1671691690485009
-3.375,-1.25,0.00039834228141094315,0.00039834228141094315,0.11214859850982845
-3.375,-1.125,0.00039709309513449496,0.00039709309513449496,0.061621512000051948
-3.375,-1,0.00039656719229916218,0.00039598435067181938,0.016775015973750168
-3.375,-0.875,0.00039525051493397213,0.00039488842987153196,-0.027552788556275409
-3.375,-0.75,0.00039431588522808903,0.00039387662517099541,-0.068478265083577627
-3.375,-0.625,0.00039422550885533195,0.00039294252473901566,-0.10626075935629459
-3.375,-0.5,0.00039420774961807501,0.00039205308359495042,-0.14223687475144561
-3.375,-0.375,0.00039155038716769618,0.00039129762031462885,-0.17279385351389226
-3.375,-0.25,0.00039183042183836472,0.00039054215703430718,-0.20335083227634329
-3.375,-0.125,0.00039074845936032355,0.00038978669375398556,-0.23390781103879213
-3.375,0,0.00038961730583970868,0.00038903123047366394,-0.264464789801241
-3.375,0.125,0.00038827576719334227,0.00038827576719334227,-0.295021768563692
-3.375,0.25,0.00038836895185807174,0.0003877965025337809,-0.31440706551363001
-3.375,0.375,0.00038731723787421959,0.00038731723787421959,-0.33379236246356581
-3.375,0.5,0.00038906084301311227,0.00038693216478667962,-0.34936779870838258
-3.375,0.625,0.00038681121123460607,0.0003865470916991396,-0.36494323495320152
-3.375,0.75,0.00038979295738951253,0.00038634436198500593,-0.37314324643047997
-3.375,0.875,0.00038696798222947744,0.00038627663019785848,-0.37588286175702007
-3.375,1,0.00038707509771086524,0.00038620889841071103,-0.37862247708356017
-3.375,1.125,0.00038656309895994634,0.00038614116662356364,-0.38136209241009811
-3.375,1.25,0.00038772956608534615,0.00038607343483641624,-0.38410170773663599
-3.375,1.375,0.00038600570304926884,0.00038600570304926884,-0.38684132306317387
-3.375,1.5,0.00038619110578462675,0.00038610183034914325,-0.38295316603785368
-3.375,1.625,0.00038779823475403079,0.00038619795764901756,-0.37906500901253792
-3.375,1.75,0.00038862423364741387,0.00038629408494889197,-0.37517685198721773
-3.375,1.875,0.00038807229678998174,0.00038639021224876632,-0.3712886949618997
-3.375,2,0.00038648633954864068,0.00038648633954864068,-0.36740053793658167
-3.375,2.125,0.00038673182704289106,0.00038670926176240814,-0.35838378023411571
-3.375,2.25,0.0003890588652982351,0.0003870374456780271,-0.34510939721515965
-3.375,2.375,0.00039023250949806788,0.00038736562959364602,-0.33183501419620587
-3.375,2.5,0.00038813114567769197,0.00038769381350926499,-0.31856063117724981
-3.375,2.625,0.00039223889063670875,0.00038802199742488396,-0.30528624815829375
-3.375,2.75,0.00038928168719604914,0.00038835018134050303,-0.29201186513933336
-3.375,2.875,0.00038867836525612195,0.00038867836525612195,-0.27873748212037952
-3.375,3,0.00039068726587448819,0.00038932336437889621,-0.25264855760240612
-3.375,3.125,0.00039037364007118633,0.00038996836350167031,-0.2265596330844393
-3.375,3.25,0.00039079723967333697,0.00039061336262444457,-0.2004707085664659
-3.375,3.375,0.00039423697155908385,0.00039125836174721873,-0.17438178404849689
-3.375,3.5,0.00039542294362956043,0.00039190336086999294,-0.14829285953052568
-3.375,3.625,0.0003938379720814684,0.0003926525656272376,-0.11798902550949353
-3.375,3.75,0.0003946024680835542,0.00039344220675001623,-0.08604962137534361
-3.375,3.875,0.00039575082114287516,0.00039427228423832914,-0.052474647128062768
-3.375,4,0.00039558012011150736,0.00039510627763557517,-0.018741282196255565
-3.375,4.125,0.0003960587559790925,0.0003960587559790925,0.019784561842333404
-3.375,4.25,0.00039952934811219318,0.00039730622562581604,0.070242214113007129
-3.375,4.375,0.00039855369527253952,0.00039855369527253952,0.12069986638367866
-3.375,4.5,0.00040025196320405207,0.0004001204727986904,0.18407288376142933
-3.375,4.625,0.00040242634922566829,0.00040224104321202647,0.2698457158400468
-3.375,4.75,0.00040512465372482371,0.00040512465372482371,0.38648199386166943
-3.25,-1.75,0.00040264990346183837,0.00040264990346183837,0.28638329522443834
-3.25,-1.625,0.00040129598922394953,0.00040108372393870141,0.22303446587259451
-3.25,-1.5,0.00039986173023522705,0.00039961810764484201,0.1637532180185696
-3.25,-1.375,0.00039839023506514203,0.00039825305458025996,0.10853955166235482
-3.25,-1.25,0.00039729531130336566,0.00039688800151567796,0.05332588530614224
-3.25,-1.125,0.00039552294845109602,0.00039552294845109602,-0.0018877810500681491
-3.25,-1,0.00039571990486672739,0.00039458884801911627,-0.039670275322785109
-3.25,-0.875,0.0003938286886952891,0.00039365474758713657,-0.077452769595499876
-3.25,-0.75,0.00039322845590061351,0.00039272064715515682,-0.11523526386821684
-3.25,-0.625,0.00039199980432996502,0.00039178654672317702,-0.15301775814093599
-3.25,-0.5,0.00039240478199303625,0.00039094176486702633,-0.18718749465851889
-3.25,-0.375,0.00039031456432160616,0.00039018630158670471,-0.21774447342096773
-3.25,-0.25,0.00039020673608780706,0.0003894308383063831,-0.24830145218341657
-3.25,-0.125,0.00038904912314516359,0.00038867537502606148,-0.27885843094586538
-3.25,0,0.00039107505754015749,0.00038801883536593827,-0.30541414711852877
-3.25,0.125,0.00038886649387018056,0.00038744533222723421,-0.32861120207283068
-3.25,0.25,0.0003885207337315994,0.0003869079101661797,-0.35034884959836343
-3.25,0.375,0.00038721263919712698,0.00038637048810512525,-0.37208649712389391
-3.25,0.5,0.00038910691641091998,0.00038583306604407074,-0.39382414464942661
-3.25,0.625,0.00038529564398301624,0.00038529564398301624,-0.41556179217495931
-3.25,0.75,0.00038653239464796413,0.00038528221756027066,-0.41610486412217218
-3.25,0.875,0.00038698801529812394,0.00038526879113752509,-0.41664793606938511
-3.25,1,0.00038610497867771289,0.00038525536471477947,-0.4171910080166002
-3.25,1.125,0.00039046409578677812,0.00038524193829203389,-0.41773407996381307
-3.25,1.25,0.00038600361348661345,0.00038522851186928838,-0.41827715191102377
-3.25,1.375,0.0003859260691155627,0.00038526077421424882,-0.41697220458206385
-3.25,1.5,0.00038612972556748931,0.00038533872532691522,-0.41381923797693326
-3.25,1.625,0.00038623918157703897,0.00038541667643958162,-0.41066627137180267
-3.25,1.75,0.00038612455340640155,0.00038551280373945598,-0.4067781143464847
-3.25,1.875,0.00038632717197800584,0.00038560893103933033,-0.40288995732116667
-3.25,2,0.00038887660729469584,0.00038576845579615124,-0.39643749995727467
-3.25,2.125,0.00038656809452098989,0.00038609663971177015,-0.38316311693832084
-3.25,2.25,0.00038813611488467087,0.00038642482362738918,-0.36988873391936261
-3.25,2.375,0.00038937951565824904,0.00038675300754300814,-0.35661435090040661
-3.25,2.5,0.00039142889785076008,0.00038714325057347538,-0.34082980080406766
-3.25,2.625,0.00039175364395921272,0.00038753349360394268,-0.32504525070772661
-3.25,2.75,0.00039018165213582583,0.00038794936627584061,-0.30822403287479894
-3.25,2.875,0.0003915676690745623,0.00038849417008427519,-0.28618780843123698
-3.25,3,0.00038911867341444968,0.0003890613589227708,-0.26324615429176679
-3.25,3.125,0.00039128448410817666,0.0003896674529034057,-0.23873086496304605
-3.25,3.25,0.00039193614053130676,0.00039031245202617991,-0.21264194044507484
-3.25,3.375,0.00039509132480712469,0.00039095745114895407,-0.18655301592710583
-3.25,3.5,0.00039334508808498139,0.00039170665590619873,-0.15624918190607368
-3.25,3.625,0.00039318076172521527,0.00039245586066344334,-0.12594534788504372
-3.25,3.75,0.00039459726101657045,0.00039328593815175615,-0.092370373637767261
-3.25,3.875,0.00039571499584701723,0.00039411601564006901,-0.058795399390488612
-3.25,4,0.00039494609312838187,0.00039494609312838187,-0.025220425143209962
-3.25,4.125,0.00039729121680901505,0.00039613075703183584,0.022696860423695897
-3.25,4.25,0.00039731542093528974,0.00039731542093528974,0.070614145990599564
-3.25,4.375,0.0004007532629081493,0.00039901770447942536,0.13946811078379703
-3.25,4.5,0.00040132907728829037,0.00040095053842048253,0.21764737803167739
-3.25,4.625,0.00040373739377567107,0.00040366571743590272,0.32747093884739342
-3.25,4.75,0.00040810544104480839,0.00040810544104480839,0.50704887938040977
-3.125,-1.875,0.00040335425743731184,0.00040332797900094648,0.31381009463028331
-3.125,-1.75,0.00040150827458897961,0.00040146217707266751,0.23834213823525541
-3.125,-1.625,0.00039990520823999332,0.00039982016330229872,0.17192596525137849
-3.125,-1.5,0.00039817814953192987,0.00039817814953192987,0.10550979226749937
-3.125,-1.375,0.00039718733399003768,0.00039692519147102682,0.054830144620092697
-3.125,-1.25,0.00039617688925712603,0.00039567223341012376,0.0041504969726860186
-3.125,-1.125,0.00039530448342837423,0.00039456562793519152,-0.040609481277373571
-3.125,-1,0.0003943367248968935,0.00039353219875324475,-0.082409624828756328
-3.125,-0.875,0.00039661917922490355,0.00039249876957129793,-0.12420976838014128
-3.125,-0.75,0.00039231430847945015,0.00039156466913931818,-0.16199226265285824
-3.125,-0.625,0.00039270530223805005,0.00039063056870733843,-0.1997747569255752
-3.125,-0.5,0.00039163370371361847,0.00038983044613910225,-0.23213811456559216
-3.125,-0.375,0.00038978729464217833,0.00038907498285878063,-0.26269509332804097
-3.125,-0.25,0.00038934061632884545,0.00038841844319865743,-0.28925080950070436
-3.125,-0.125,0.00038909797609232023,0.00038776190353853422,-0.31580652567336776
-3.125,0,0.00038887128835368148,0.00038715980923501367,-0.34016003606216694
-3.125,0.125,0.00038717491087340806,0.00038661489726112621,-0.36220063558196725
-3.125,0.25,0.00039238337466474259,0.0003860774752000717,-0.38393828310749989
-3.125,0.375,0.00038799551978429571,0.00038554005313901719,-0.40567593063303264
-3.125,0.5,0.00038637011101565265,0.00038503203909867481,-0.42622408253680111
-3.125,0.625,0.00038866011821888621,0.00038467201336030117,-0.4407864036025384
-3.125,0.75,0.00038793551006720511,0.00038452547561962727,-0.44671356213731622
-3.125,0.875,0.00038675686927811377,0.000384478173534799,-0.4486268368644501
-3.125,1,0.00038478055450753357,0.00038446474711205337,-0.44916990881166519
-3.125,1.125,0.00038701935442662211,0.00038445132068930785,-0.44971298075887589
-3.125,1.25,0.00038689965480301748,0.00038443789426656223,-0.45025605270609098
-3.125,1.375,0.00038487675104532677,0.00038451584537922868,-0.44710308610095817
-3.125,1.5,0.0003877929207771554,0.00038459379649189508,-0.44395011949582763
-3.125,1.625,0.00038531236538920258,0.00038467174760456154,-0.44079715289069482
-3.125,1.75,0.00038827929109780537,0.00038474969871722794,-0.43764418628556423
-3.125,1.875,0.00038482764982989434,0.00038482764982989434,-0.43449121968043364
-3.125,2,0.00038562029995496011,0.00038521789286036164,-0.41870666958409253
-3.125,2.125,0.0003864888364591019,0.00038560813589082893,-0.40292211948775147
-3.125,2.25,0.0003891281332384515,0.00038599837892129622,-0.38713756939141042
-3.125,2.375,0.00038690675944440516,0.00038638862195176352,-0.37135301929506931
-3.125,2.5,0.00039043552000014614,0.00038677886498223081,-0.3555684691987282
-3.125,2.625,0.00038832766816441436,0.00038722036729555922,-0.33771058362922046
-3.125,2.75,0.00038794761706229864,0.00038774278607393289,-0.31657978888156246
-3.125,2.875,0.00038993681891636269,0.00038830997491242844,-0.29363813474209444
-3.125,3,0.00038901083820016657,0.00038887716375092405,-0.27069648060262419
-3.125,3.125,0.00039346589609378247,0.0003894443525894196,-0.24775482646315619
-3.125,3.25,0.0003900115414279152,0.0003900115414279152,-0.22481317232368597
-3.125,3.375,0.00039114143631160811,0.00039076074618515986,-0.19450933830265382
-3.125,3.5,0.00039412834373404805,0.00039150995094240453,-0.16420550428162167
-3.125,3.625,0.00039494335782447852,0.00039229959206518315,-0.13226610014747175
-3.125,3.75,0.00039356254753085076,0.00039312966955349607,-0.098691125900190912
-3.125,3.875,0.00039580274957646611,0.00039403160242794063,-0.062209744994657368
-3.125,4,0.00039642457510814219,0.00039519406619078427,-0.015190410715157865
-3.125,4.125,0.00039834902593828694,0.00039637873009423818,0.032726874851745802
-3.125,4.25,0.00039791493616016027,0.00039791493616016027,0.094863337806162545
-3.125,4.375,0.00040000651601080099,0.00039981276553369182,0.17162674030676661
-3.125,4.5,0.00040240674249621171,0.00040220678114698179,0.26845988383311958
-3.125,4.625,0.00040624624987558135,0.00040599300343995795,0.42160500313941934
-3,-2,0.0004040060545400546,0.0004040060545400546,0.34123689403612828
-3,-1.875,0.0004019188290046706,0.0004019188290046706,0.25681279558091635
-3,-1.75,0.0004002744506834967,0.0004002744506834967,0.19030098124607467
-3,-1.625,0.0003992516736347188,0.00039870447134498154,0.12679845696181341
-3,-1.5,0.00039788918168002705,0.00039719077489926304,0.065572463125391417
-3,-1.375,0.00039588081938378195,0.00039582151836915151,0.010188774995440186
-3,-1.25,0.00039666026235126963,0.00039464173660123388,-0.037531037953291851
-3,-1.125,0.00039930129749548372,0.00039360830741928706,-0.079331181504676801
-3,-1,0.0003931712865402723,0.00039257487823734025,-0.12113132505606175
-3,-0.875,0.00039253024585381076,0.00039154144905539348,-0.16293146860744451
-3,-0.75,0.00039263157268525984,0.00039050801987344661,-0.20473161215883165
-3,-0.625,0.00038947459069149984,0.00038947459069149984,-0.24653175571021441
-3,-0.5,0.00039184983060871483,0.00038881805103137658,-0.27308747188287996
-3,-0.375,0.00038916569143571914,0.00038816151137125338,-0.29964318805554335
-3,-0.25,0.00038780267363401079,0.00038750497171113023,-0.32619890422820452
-3,-0.125,0.00039303578078242349,0.000386889266068459,-0.35110296606297031
-3,0,0.00038872526885218116,0.00038632188435607266,-0.37405242156557322
-3,0.125,0.00038678988366504789,0.00038578446229501815,-0.39579006909110592
-3,0.25,0.00038639150292379883,0.00038524704023396364,-0.41752771661663862
-3,0.375,0.00038705675203310277,0.00038476843421433345,-0.43688637289864074
-3,0.5,0.00038513374499846219,0.0003843224766748079,-0.45492446345737009
-3,0.625,0.00038593445340042983,0.00038404838273758621,-0.46601101503011316
-3,0.75,0.0003874226892870427,0.00038388085544245875,-0.4727871590634285
-3,0.875,0.00038467624550250805,0.0003837553072562383,-0.47786533209967313
-3,1,0.00038455858756464696,0.00038367412950932728,-0.48114880960673018
-3,1.125,0.00038599220998461378,0.00038366070308658176,-0.48169188155394088
-3,1.25,0.00038548123331505561,0.00038369296543154215,-0.48038693422498313
-3,1.375,0.00038796410166796439,0.0003837709165442086,-0.47723396761985037
-3,1.5,0.00038467267281534209,0.00038384886765687495,-0.47408100101472195
-3,1.625,0.00038551091496236899,0.00038400134522612338,-0.46791358829376173
-3,1.75,0.0003854316407316974,0.0003842046567431833,-0.45969004405172198
-3,1.875,0.000385439387000496,0.000384481791373974,-0.44848050250549987
-3,2,0.00038873773221213332,0.00038485350726911701,-0.43344533797875529
-3,2.125,0.00038919631128439569,0.0003852437502995843,-0.41766078788241423
-3,2.25,0.0003868606041502409,0.00038563399333005159,-0.40187623778607312
-3,2.375,0.00038880643231420571,0.00038602423636051889,-0.38609168768973201
-3,2.5,0.00038919790633730391,0.00038649136831527784,-0.3671971343836421
-3,2.625,0.00039345131581390369,0.0003870137870936515,-0.34606633963598404
-3,2.75,0.0003886171383958614,0.00038755859090208619,-0.32403011519241776
-3,2.875,0.0003913643640738332,0.00038812577974058174,-0.30108846105294973
-3,3,0.00038956762078753743,0.00038869296857907729,-0.2781468069134817
-3,3.125,0.00038983421872569406,0.0003892732925578371,-0.25467386262060504
-3,3.25,0.00039117153821320583,0.00038986675167686121,-0.2306696281743176
-3,3.375,0.00039328184055758549,0.0003905640412213656,-0.20246566067820401
-3,3.5,0.00039412033611685015,0.00039131324597861021,-0.17216182665717406
-3,3.625,0.00039327696750257086,0.00039214332346692302,-0.1385868524098976
-3,3.75,0.00039331900098404145,0.00039311711172749944,-0.09919906484610258
-3,3.875,0.00039895167346263731,0.00039427957549034308,-0.052179730566603078
-3,4,0.00039544203925318667,0.00039544203925318667,-0.0051603962871057674
-3,4.125,0.00039717226556123787,0.00039691182401703512,0.054289457841036365
-3,4.25,0.00039882763323136527,0.00039870999721442672,0.12702196732913212
-3,4.375,0.00040074784485806086,0.00040074784485806086,0.20944882881884572
-3,4.5,0.00040388905062778505,0.00040388905062778505,0.33650431979264983
-2.875,-2,0.00040308172598683289,0.00040291161132103139,0.29696885471307749
-2.875,-1.875,0.00040093965264428058,0.00040091512221920221,0.21621486352229111
-2.875,-1.75,0.0003992823981622634,0.00039923079315803316,0.14808712165612525
-2.875,-1.625,0.00039798760974453214,0.00039768895526591633,0.085722862595783628
-2.875,-1.5,0.00039701714823284012,0.00039620340026659626,0.025635133983285652
-2.875,-1.375,0.0003947178452672762,0.0003947178452672762,-0.034452594629212324
-2.875,-1.25,0.00039839674132444928,0.00039368875047167732,-0.076077420921595862
-2.875,-1.125,0.00039572593893588145,0.00039265965567607849,-0.11770224721397721
-2.875,-1,0.00039199653992923108,0.00039163056088047961,-0.15932707350636074
-2.875,-0.875,0.00039230444778042803,0.00039061035549736608,-0.2005923408425366
-2.875,-0.75,0.00038988017784447119,0.00038959015011425256,-0.24185760817871246
-2.875,-0.625,0.0003893681272523248,0.00038863738255943725,-0.28039515023588202
-2.875,-0.5,0.00038929445713752867,0.00038790457954384938,-0.31003556661038012
-2.875,-0.375,0.00038801688916375449,0.00038724803988372623,-0.33659128278304129
-2.875,-0.25,0.00038803310090160064,0.00038661872290190438,-0.36204589606377147
-2.875,-0.125,0.00038638281282638015,0.00038604385127668502,-0.3852983035606441
-2.875,0,0.00038769990578702511,0.0003854914493899646,-0.40764185507471196
-2.875,0.125,0.00038498661438919358,0.00038498343534962227,-0.4281900069784782
-2.875,0.25,0.00038527774666320051,0.00038450482932999203,-0.44754866326048248
-2.875,0.375,0.00038874171088661722,0.00038402622331036172,-0.46690731954248899
-2.875,0.5,0.00038932070086029988,0.00038364556273104579,-0.48230427865465975
-2.875,0.625,0.00038572906872317891,0.00038342475211487119,-0.49123562645769009
-2.875,0.75,0.00038455717395359805,0.00038325722481974368,-0.49801177049100764
-2.875,0.875,0.0003845081562900274,0.000383100192301843,-0.50436342177505422
-2.875,1,0.0003850786514913548,0.00038298513889284928,-0.50901710206203221
-2.875,1.125,0.00038287008548385562,0.00038287008548385562,-0.51367078234900809
-2.875,1.25,0.00038471375903425544,0.00038302256305310404,-0.50750336962804776
-2.875,1.375,0.00038358705319265548,0.00038317504062235235,-0.50133595690709198
-2.875,1.5,0.00038391988020713768,0.00038336140749014176,-0.49379778983874612
-2.875,1.625,0.0003861025947313696,0.00038358166365647225,-0.48488886842301038
-2.875,1.75,0.00038477314843846457,0.0003838019198228028,-0.47597994700727242
-2.875,1.875,0.00038921685793840929,0.00038413593291805365,-0.46246978533056604
-2.875,2,0.00038761427012945011,0.00038449838524553452,-0.44780931358861975
-2.875,2.125,0.00038679337280375349,0.00038487936470833967,-0.43239945627707693
-2.875,2.25,0.00038561541275858676,0.00038526960773880697,-0.41661490618073582
-2.875,2.375,0.00039199957219171369,0.00038576236933499645,-0.39668368513806362
-2.875,2.5,0.00038795144628408991,0.00038628478811337017,-0.3755528903904034
-2.875,2.625,0.00039170236889320571,0.00038680720689174383,-0.35442209564274541
-2.875,2.75,0.00038763090192169551,0.00038737439573023938,-0.33148044150327738
-2.875,2.875,0.00039029722630127558,0.00038794158456873504,-0.30853878736380497
-2.875,3,0.00039001163344837525,0.0003885350436877591,-0.28453455291751972
-2.875,3.125,0.00039263263126133012,0.00038912850280678317,-0.26053031847123448
-2.875,3.25,0.00039078854246410807,0.00038972196192580712,-0.23652608402495362
-2.875,3.375,0.00039162538161760339,0.00039036733625757135,-0.2104219830537542
-2.875,3.5,0.00039432110213404975,0.00039115697738035008,-0.1784825789195999
-2.875,3.625,0.00039245458592058086,0.0003922026210270582,-0.13618838469754999
-2.875,3.75,0.00039786247298326477,0.00039336508478990178,-0.089169050418052676
-2.875,3.875,0.00039534894835905346,0.0003945501382047562,-0.041236009894021181
-2.875,4,0.00039648054412305602,0.00039592531719942839,0.014387230082479385
-2.875,4.125,0.00039796586530552506,0.00039761731578105182,0.082825188711983938
-2.875,4.25,0.00039972637666464738,0.00039957506740374447,0.16201232634665647
-2.875,4.375,0.00040262250525348537,0.00040247822609773158,0.27943928920104688
-2.75,-2,0.00040182746048513852,0.00040181716810200818,0.2527008153900267
-2.75,-1.875,0.00040025832804803927,0.00039991141543373394,0.17561693146367024
-2.75,-1.75,0.00039818713563256956,0.00039818713563256956,0.10587326206617365
-2.75,-1.625,0.00039701449342773189,0.00039672026744486615,0.046541377609946005
-2.75,-1.5,0.00039605392583673085,0.00039525339925716274,-0.012790506846281635
-2.75,-1.375,0.00039378653106945938,0.00039378653106945938,-0.072122391302507083
-2.75,-1.25,0.00039277500681392789,0.00039276632568634585,-0.11338765863868294
-2.75,-1.125,0.00039304973938938996,0.00039174612030323233,-0.1546529259748588
-2.75,-1,0.00039192216283684319,0.00039072591492011886,-0.19591819331103247
-2.75,-0.875,0.00039183014457721535,0.00038970570953700533,-0.23718346064720833
-2.75,-0.75,0.00038915861750189848,0.00038868550415389181,-0.27844872798338416
-2.75,-0.625,0.00038817297694899083,0.00038780017442737472,-0.31425854476154735
-2.75,-0.5,0.00038733650235931767,0.00038699110805632213,-0.34698366133788239
-2.75,-0.375,0.0003873410343891709,0.00038634817973534971,-0.37298882606457484
-2.75,-0.25,0.00038647577459658317,0.00038577330811013041,-0.39624123356144525
-2.75,-0.125,0.00038519843648491105,0.00038519843648491105,-0.41949364105831793
-2.75,0,0.000388489905381049,0.0003847198304652808,-0.43885229734032222
-2.75,0.125,0.00038692562170122738,0.00038424122444565055,-0.4582109536223265
-2.75,0.25,0.00038452943456056087,0.0003837626184260203,-0.47756960990433078
-2.75,0.375,0.00038592756999096815,0.00038334930936659956,-0.49428713473978086
-2.75,0.5,0.00038328123823608068,0.00038296864878728358,-0.50968409385195379
-2.75,0.625,0.00038345315811396085,0.00038280112149215612,-0.51646023788526918
-2.75,0.75,0.00038269394884746916,0.00038263359419702866,-0.52323638191858457
-2.75,0.875,0.00038409550864443,0.00038246606690190121,-0.53001252595189996
-2.75,1,0.00038425734427021584,0.00038233002393845398,-0.53551519173741335
-2.75,1.125,0.00038300029855184512,0.00038234873601858144,-0.5347583255204178
-2.75,1.25,0.0003828104287650523,0.00038251815823710027,-0.52790553562576803
-2.75,1.375,0.00038360940182968176,0.00038273841440343077,-0.51899661421003229
-2.75,1.5,0.00038534409377991979,0.00038295867056976121,-0.51008769279429877
-2.75,1.625,0.00038632161628068389,0.00038317892673609175,-0.50117877137856082
-2.75,1.75,0.00038370560631301799,0.00038342762213465232,-0.49111953989758295
-2.75,1.875,0.00038511858058404383,0.00038379007446213325,-0.47645906815563444
-2.75,2,0.00038536970219420062,0.00038415252678961417,-0.46179859641368592
-2.75,2.125,0.0003845149791170951,0.0003845149791170951,-0.44713812467173747
-2.75,2.25,0.00038503337035471506,0.00038503337035471506,-0.42617023589248526
-2.75,2.375,0.00038841413009296549,0.00038555578913308873,-0.40503944114482721
-2.75,2.5,0.00039430746019025037,0.0003860782079114625,-0.38390864639716482
-2.75,2.625,0.00038736773725555148,0.00038662301171989714,-0.3618724219536007
-2.75,2.75,0.00038829798199772599,0.00038720333569865694,-0.33839947766072404
-2.75,2.875,0.00038802329114035258,0.00038779679481768095,-0.31439524321444101
-2.75,3,0.0003894874926960961,0.00038839025393670506,-0.29039100876815355
-2.75,3.125,0.00039422025651042258,0.00038898371305572902,-0.26638677432187269
-2.75,3.25,0.00039160722843028086,0.00038957717217475313,-0.24238253987558525
-2.75,3.375,0.00039017063129377714,0.00039017063129377714,-0.2183783054293022
-2.75,3.5,0.00039128813032661696,0.00039128813032661696,-0.17317770454899739
-2.75,3.625,0.00039336556150679062,0.00039247318374147132,-0.12524466402496809
-2.75,3.75,0.00039582288830161574,0.00039365823715632568,-0.077311623500938786
-2.75,3.875,0.00040188681181582415,0.00039498862635837682,-0.023500041056374377
-2.75,4,0.00039849193565909898,0.00039653472123356699,0.039036404455317669
-2.75,4.125,0.00039840228994942809,0.00039840228994942809,0.11457582387446721
-2.75,4.25,0.00040145121700202739,0.0004010674015676781,0.22237425860944396
-2.75,4.375,0.00040538019297444908,0.0004053310219431381,0.39482917555604991
-2.625,-2,0.00040102223433759513,0.00040072272488298491,0.20843277606697372
-2.625,-1.875,0.00039962206755088419,0.0003989077086482656,0.13501899940504719
-2.625,-1.75,0.000397317288716748,0.000397317288716748,0.070689694015022952
-2.625,-1.625,0.00039672448776633605,0.00039586602140966954,0.011988833978313407
-2.625,-1.5,0.00039459079556654006,0.00039441475410259124,-0.046712026058389561
-2.625,-1.375,0.00039472842993639687,0.0003930181333004246,-0.10320254426442593
-2.625,-1.25,0.00039241579862781288,0.00039186167972598505,-0.14997877844335686
-2.625,-1.125,0.00039284581606157932,0.00039084147434287158,-0.19124404577953052
-2.625,-1,0.00039123377921639605,0.0003898212689597581,-0.23250931311570419
-2.625,-0.875,0.00039200344118654398,0.00038880106357664458,-0.27377458045188008
-2.625,-0.75,0.000393001563879403,0.00038784829602182927,-0.31231212250904961
-2.625,-0.625,0.0003901995002684878,0.00038696296629531213,-0.34812193928721497
-2.625,-0.5,0.00038607763656879499,0.00038607763656879499,-0.38393175606538033
-2.625,-0.375,0.00038651025666244489,0.00038555263231692348,-0.40516712804507898
-2.625,-0.25,0.00038618761231996754,0.00038502762806505203,-0.42640250002477542
-2.625,-0.125,0.00038748411984530795,0.00038450262381318058,-0.44763787200447186
-2.625,0,0.00038557279203383353,0.00038397761956130913,-0.4688732439841683
-2.625,0.125,0.00038546825840254711,0.00038349901354167888,-0.48823190026617258
-2.625,0.25,0.00038377052445743865,0.00038305305600215339,-0.50626999082489976
-2.625,0.375,0.00038351664495421599,0.00038267239542283746,-0.52166694993707052
-2.625,0.5,0.00038343909463552193,0.00038234501816456862,-0.53490870527952861
-2.625,0.625,0.00038373751771816883,0.00038217749086944111,-0.54168484931284611
-2.625,0.75,0.00038429953683308076,0.00038200996357431365,-0.5484609933461615
-2.625,0.875,0.0003838693842176313,0.00038184243627918619,-0.55523713737947689
-2.625,1,0.00038167490898405874,0.00038167490898405874,-0.56201328141279228
-2.625,1.125,0.00038304066281064623,0.00038189516515038923,-0.55310435999705643
-2.625,1.25,0.00038383520644600505,0.00038211542131671967,-0.54419543858132291
-2.625,1.375,0.0003860096212613304,0.00038233567748305021,-0.53528651716558495
-2.625,1.5,0.00038362128216428055,0.00038255593364938071,-0.5263775957498491
-2.625,1.625,0.00038517316548033478,0.0003827761898157112,-0.51746867433411337
-2.625,1.75,0.00038422482206488281,0.00038308176367873197,-0.50510882272264912
-2.625,1.875,0.00038494552489222878,0.0003834442160062129,-0.49044835098070061
-2.625,2,0.00038577612291097274,0.00038391522807588449,-0.4713968547866243
-2.625,2.125,0.00038499036283771239,0.00038438624014555602,-0.45234535859255021
-2.625,2.25,0.00038515938538649023,0.00038488136933355555,-0.43231837319634514
-2.625,2.375,0.00038816162522077526,0.00038537649852155519,-0.41229138780013563
-2.625,2.5,0.00038587162770955483,0.00038587162770955483,-0.39226440240392613
-2.625,2.625,0.00038689473837394151,0.00038647394216009362,-0.36790198750853331
-2.625,2.75,0.00038912131144762347,0.00038707625661063235,-0.34353957261314261
-2.625,2.875,0.00038910501510378687,0.00038767857106117114,-0.31917715771774974
-2.625,3,0.00039198308824078663,0.00038828088551170993,-0.29481474282235687
-2.625,3.125,0.00039174898530569151,0.00038888319996224871,-0.270452327926964
-2.625,3.25,0.00039414345771360748,0.00038951008723083039,-0.24509599168737237
-2.625,3.375,0.00039132175120013078,0.00039046710259894353,-0.20638663407793215
-2.625,3.5,0.00039195189412140802,0.00039158128269304085,-0.1613202776318835
-2.625,3.625,0.00039585284653659785,0.00039276633610789522,-0.1133872371078542
-2.625,3.75,0.00039483992343421892,0.00039408552786179108,-0.060028569046274377
-2.625,3.875,0.00039832262871049865,0.00039550511495565528,-0.0026091102736552074
-2.625,4,0.00039778628547893131,0.00039731969540194331,0.070787039617803138
-2.625,4.125,0.0003997454965842458,0.00039965657703762468,0.1653092280178432
-2.625,4.25,0.00040566391215031904,0.00040322282673462646,0.30955689576217105
-2.5,-2.125,0.00040194033770304087,0.00040194033770304087,0.2576827794125971
-2.5,-2,0.0003996282816639617,0.0003996282816639617,0.16416473674392293
-2.5,-1.875,0.00039847433410483728,0.00039805932002563395,0.10070337639684221
-2.5,-1.75,0.00039720207470974955,0.00039649424444280151,0.037399199222435314
-2.5,-1.625,0.00039798819627149585,0.0003950429771357231,-0.021301660814272039
-2.5,-1.5,0.00039409069787630665,0.00039360992533028197,-0.079265740240755
-2.5,-1.375,0.00039254734019868409,0.00039224973553138992,-0.1342826972263404
-2.5,-1.25,0.00039242572600701537,0.00039098453782890422,-0.18545741389648193
-2.5,-1.125,0.00039085751708281725,0.00038993682838251082,-0.22783516558420225
-2.5,-1,0.00039408511751737747,0.0003889166229993973,-0.26910043292037811
-2.5,-0.875,0.00039087910934067953,0.00038789641761628383,-0.31036570025655175
-2.5,-0.75,0.0003890213310795979,0.00038701108788976668,-0.34617551703471716
-2.5,-0.625,0.00039114509979707303,0.00038619499964645168,-0.37918465430032222
-2.5,-0.5,0.00038731884691716373,0.00038551739436954097,-0.40659243254080674
-2.5,-0.375,0.00038832937005623633,0.00038496527602317423,-0.42892451541464871
-2.5,-0.25,0.00038707251841419387,0.00038441315767680749,-0.45125659828849063
-2.5,-0.125,0.00038662496392683491,0.00038386103933044075,-0.47358868116233255
-2.5,0,0.00038604110330202633,0.00038330892098407395,-0.49592076403617669
-2.5,0.125,0.00038275680263770716,0.00038275680263770716,-0.51825284691002083
-2.5,0.25,0.0003825419542440615,0.00038237614205839128,-0.53364980602218948
-2.5,0.375,0.00038557590791700902,0.0003819954814790753,-0.54904676513436246
-2.5,0.5,0.00038466452296019029,0.0003817213875418536,-0.56013331670710553
-2.5,0.625,0.00038274551666201079,0.00038155386024672609,-0.56690946074042303
-2.5,0.75,0.00038896985964336753,0.00038138633295159863,-0.57368560477373842
-2.5,0.875,0.00038508668300869597,0.00038139562856124161,-0.57330961595489949
-2.5,1,0.00038241476995130961,0.00038149333562326985,-0.56935756070998123
-2.5,1.125,0.00038294373026823467,0.0003816534193099241,-0.56288249575218985
-2.5,1.25,0.00038404123805200747,0.00038183342770627571,-0.55560151613655995
-2.5,1.375,0.0003844118644628549,0.00038201343610262743,-0.54832053652092572
-2.5,1.5,0.00038441044159084046,0.00038219344449897904,-0.54103955690529593
-2.5,1.625,0.0003823734528953307,0.0003823734528953307,-0.5337585772896638
-2.5,1.75,0.00038496801692787497,0.00038284446496500229,-0.51470708109558749
-2.5,1.875,0.0003840398692728453,0.00038331547703467382,-0.4956555849015134
-2.5,2,0.00038544946177375444,0.00038378648910434535,-0.47660408870743926
-2.5,2.125,0.00038472868082653125,0.00038425750117401694,-0.45755259251336294
-2.5,2.25,0.00038621672997835222,0.00038475263036201652,-0.43752560711715566
-2.5,2.375,0.00038929591617856005,0.00038524775955001611,-0.41749862172094837
-2.5,2.5,0.00038700806087018893,0.00038578882527910398,-0.39561359511080219
-2.5,2.625,0.00038806737470494776,0.00038639113972964271,-0.37125118021541154
-2.5,2.75,0.00038995349564732165,0.0003869934541801815,-0.34688876532001867
-2.5,2.875,0.0003920568239351065,0.00038759576863072029,-0.3225263504246258
-2.5,3,0.00039171166736204198,0.00038819808308125908,-0.29816393552923293
-2.5,3.125,0.00038947807029204531,0.00038884954316788364,-0.27181367794544253
-2.5,3.25,0.00039072282533915556,0.00038965271274875502,-0.23932707473835677
-2.5,3.375,0.00039417021245516934,0.00039076357390410992,-0.19439496272656209
-2.5,3.5,0.00039187443505946475,0.00039187443505946475,-0.14946285071476961
-2.5,3.625,0.00039378791749675982,0.00039319362681336062,-0.09610418265318979
-2.5,3.75,0.00039519202971681516,0.00039453521346356698,-0.041839685825642986
-2.5,3.875,0.00039709338929497869,0.0003962371008544586,0.026998255361141255
-2.5,4,0.00039874619072685814,0.00039837611852427984,0.11351724207007083
-2.5,4.125,0.00040189883466118027,0.00040155233317601445,0.24198877230343263
-2.375,-2.125,0.00040137040088631531,0.0004011142337718228,0.22426852760268878
-2.375,-2,0.00039949407205286787,0.00039891585587182308,0.13534853830349985
-2.375,-1.875,0.00039723238969619217,0.00039723238969619217,0.067255698431580746
-2.375,-1.75,0.00039662922667763111,0.00039567120016885502,0.004108704429847676
-2.375,-1.625,0.00039433311199307136,0.00039421993286177656,-0.05459215560686187
-2.375,-1.5,0.00039475193972670117,0.00039284152756124729,-0.11034589320266946
-2.375,-1.375,0.00039277152706455062,0.00039148133776235525,-0.16536285018825486
-2.375,-1.25,0.00039012114796346321,0.00039012114796346321,-0.22037980717384026
-2.375,-1.125,0.00039100403213963018,0.00038904593445379004,-0.26387004321310065
-2.375,-1,0.00038969423881380787,0.0003880119770390366,-0.30569155272504767
-2.375,-0.875,0.00038799573346209941,0.00038705920948422124,-0.34422909478221936
-2.375,-0.75,0.00038689924081478295,0.00038631236272410838,-0.37443755253526412
-2.375,-0.625,0.00038889345266555306,0.00038563475744719772,-0.40184533077574647
-2.375,-0.5,0.00038495715217028701,0.00038495715217028701,-0.42925310901623093
-2.375,-0.375,0.00038491286990434669,0.0003844141648276773,-0.45121586105010858
-2.375,-0.25,0.00038507071978273249,0.00038387117748506764,-0.47317861308398401
-2.375,-0.125,0.0003855330185032937,0.00038332819014245804,-0.49514136511785722
-2.375,0,0.0003831010368376441,0.00038278520279984838,-0.51710411715173266
-2.375,0.125,0.00038566046234480677,0.00038224221545723867,-0.53906686918561031
-2.375,0.25,0.00038321874057488457,0.00038169922811462907,-0.56102962121948352
-2.375,0.375,0.00038193765430954903,0.00038131856753531314,-0.57642658033165428
-2.375,0.5,0.00038385123165657434,0.00038109775691913853,-0.58535792813468457
-2.375,0.625,0.00038229782499947892,0.00038101864107639629,-0.58855800574192285
-2.375,0.75,0.00038230881637768202,0.00038111634813842448,-0.58460595049700681
-2.375,0.875,0.00038310516432051863,0.00038121405520045266,-0.58065389525209077
-2.375,1,0.00038186586755660832,0.0003813117622624809,-0.57670184000717251
-2.375,1.125,0.00038254391158744426,0.0003814616167348755,-0.57064052630775564
-2.375,1.25,0.00038343569563359224,0.00038163192963578942,-0.56375171009158975
-2.375,1.375,0.00038426252344066924,0.00038181193803214108,-0.55647073047595763
-2.375,1.5,0.00038259798745987898,0.00038200103595546563,-0.54882209767332613
-2.375,1.625,0.00038242908150318706,0.00038224730424270427,-0.53886103799109752
-2.375,1.75,0.00038421561479232526,0.00038271572599346315,-0.5199143150164024
-2.375,1.875,0.00038523443620237465,0.00038318673806313474,-0.50086281882232608
-2.375,2,0.00038523967797812704,0.00038365775013280627,-0.48181132262825199
-2.375,2.125,0.00038658504487837689,0.0003841287622024778,-0.4627598264341779
-2.375,2.25,0.00038610694419094634,0.00038462389139047744,-0.44273284103796839
-2.375,2.375,0.00038880754239542422,0.00038511902057847703,-0.42270585564176111
-2.375,2.5,0.00038818073534872821,0.00038570602284865307,-0.39896278781768046
-2.375,2.625,0.00038900023615345478,0.00038630833729919186,-0.37460037292228759
-2.375,2.75,0.00038716341142256295,0.00038691065174973065,-0.35023795802689472
-2.375,2.875,0.00038787179752058909,0.00038751296620026938,-0.32587554313150402
-2.375,3,0.00039071828185341948,0.00038818899910493684,-0.29853136420351489
-2.375,3.125,0.00039782825673129998,0.00038888960482764718,-0.27019326393132698
-2.375,3.25,0.00039187798831908434,0.00038994918405392141,-0.22733540338698671
-2.375,3.375,0.00039491139060234036,0.00039106004520927625,-0.18240329137519423
-2.375,3.5,0.00039348433136435435,0.00039230172576493015,-0.1321797962601052
-2.375,3.625,0.00039653756318127248,0.00039362091751882601,-0.078821128198525381
-2.375,3.75,0.00039570289556391036,0.00039515450630697377,-0.016790528895525014
-2.375,3.875,0.00039885374351577213,0.00039722328168998545,0.066887297796531603
-2.375,4,0.00040042132349735963,0.00040005093425563834,0.18126018877205957
-2.375,4.125,0.00040505509730655569,0.00040505494208852738,0.3836622975967553
-2.25,-2.125,0.00040066494182468027,0.00040028812984060469,0.19085427579277831
-2.25,-2,0.00039843891999657841,0.00039820343007968451,0.10653233986307897
-2.25,-1.875,0.00039683816318794135,0.00039643840377773042,0.03514055600164015
-2.25,-1.75,0.00039523615062251108,0.00039484815589490847,-0.029181790362742155
-2.25,-1.625,0.00039360056189242026,0.00039343331959110461,-0.086409089179000725
-2.25,-1.5,0.0003932012917083661,0.00039207312979221262,-0.14142604616458393
-2.25,-1.375,0.00039122068003766795,0.0003907996342342684,-0.19293639449231179
-2.25,-1.25,0.00039059945854554717,0.00038955982397651559,-0.24308423979789753
-2.25,-1.125,0.00039044546531621303,0.00038833357752759566,-0.29268345616381064
-2.25,-1,0.00038710733107867579,0.00038710733107867579,-0.34228267252972155
-2.25,-0.875,0.00039032645845358171,0.00038646625991562306,-0.36821271893287832
-2.25,-0.75,0.00038727452047276851,0.00038582518875257034,-0.39414276533603504
-2.25,-0.625,0.00039100680828709487,0.00038518411758951761,-0.42007281173919175
-2.25,-0.5,0.00038812221339803267,0.00038457808662582663,-0.44458555215856438
-2.25,-0.375,0.00038477545767075835,0.00038401573904950153,-0.46733138692576209
-2.25,-0.25,0.00038528611517765987,0.00038345339147317643,-0.49007722169295981
-2.25,-0.125,0.00038579255368559014,0.00038289104389685133,-0.51282305646015747
-2.25,0,0.00038385824145276143,0.00038232869632052623,-0.53556889122735529
-2.25,0.125,0.00038224442245524099,0.00038176634874420118,-0.55831472599455079
-2.25,0.25,0.00038273245476215382,0.00038120400116787602,-0.58106056076175072
-2.25,0.375,0.00038064165359155097,0.00038064165359155097,-0.60380639552894622
-2.25,0.5,0.00038642500971306843,0.00038073936065357916,-0.59985434028403017
-2.25,0.625,0.00038250146120094694,0.00038083706771560735,-0.59590228503911413
-2.25,0.75,0.00038476654394924056,0.00038093477477763553,-0.59195022979419809
-2.25,0.875,0.00038463296444439944,0.00038103248183966372,-0.58799817454928205
-2.25,1,0.0003841620459543875,0.0003811301889016919,-0.58404611930436601
-2.25,1.125,0.00038238761615663346,0.00038127950965526487,-0.57800639346384652
-2.25,1.25,0.00038143043156530301,0.00038143043156530301,-0.57190190404662378
-2.25,1.375,0.00038449214094555292,0.00038162861901560062,-0.56388561805698623
-2.25,1.5,0.00038277036491422714,0.00038182680646589817,-0.55586933206735079
-2.25,1.625,0.00038378976371472855,0.00038212115559007779,-0.54396349869253346
-2.25,1.75,0.000384234236243929,0.00038258828218138037,-0.52506916232752676
-2.25,1.875,0.00038336189100553772,0.0003830579990915956,-0.50607005274314099
-2.25,2,0.00038727722807316203,0.00038352901116126719,-0.48701855654906473
-2.25,2.125,0.00038680060521004524,0.00038400002323093878,-0.46796706035498842
-2.25,2.25,0.00038456988456655019,0.00038449515241893836,-0.44794007495878113
-2.25,2.375,0.00038963820571850607,0.00038502090596766343,-0.42667439541994939
-2.25,2.5,0.00038711953252770347,0.00038562322041820222,-0.40231198052455652
-2.25,2.625,0.00038742431752080108,0.00038622553486874101,-0.37794956562916365
-2.25,2.75,0.00038973881658480839,0.0003868278493192798,-0.35358715073377078
-2.25,2.875,0.00038816521867350763,0.00038752845504199008,-0.32524905046158503
-2.25,3,0.0003920327813202289,0.00038822906076470037,-0.29691095018939934
-2.25,3.125,0.00039114765569780958,0.00038913479420373296,-0.26027584404740911
-2.25,3.25,0.00039113526566576725,0.00039024565535908775,-0.21534373203561885
-2.25,3.375,0.00039429441179249399,0.00039146795811518116,-0.16590403015715252
-2.25,3.5,0.0003941387035784327,0.00039272901647039555,-0.11489674180544079
-2.25,3.625,0.00039491253821274556,0.0003940984058942755,-0.059507678388344587
-2.25,3.75,0.00039626688279329316,0.00039609038547571302,0.021063911721640211
-2.25,3.875,0.00039856530921718851,0.00039856530921718851,0.12116962721684069
-2.25,4,0.00040255660284146781,0.00040255660284146781,0.28260947173169004
-2.125,-2.125,0.00039946202590938662,0.00039946202590938662,0.15744002398287002
-2.125,-2,0.00039953642797649244,0.00039749100428754594,0.077716141422658092
-2.125,-1.875,0.00039609068211887553,0.00039566181804826759,0.0037292164163273134
-2.125,-1.75,0.00039402511162096198,0.00039402511162096198,-0.062472285155329793
-2.125,-1.625,0.00039330644041687181,0.00039275161606301781,-0.11398263348305546
-2.125,-1.5,0.0003924059053027333,0.00039147812050507365,-0.16549298181078112
-2.125,-1.375,0.00039158234984415079,0.00039022474643848784,-0.21618945605604389
-2.125,-1.25,0.00039040885416797731,0.00038899849998956797,-0.26578867242195481
-2.125,-1.125,0.00038846222300565025,0.00038777710059356647,-0.31519183519142324
-2.125,-1,0.00039026688463343747,0.00038669322533485366,-0.35903242165583915
-2.125,-0.875,0.00038817123175601025,0.00038605215417180093,-0.38496246805899592
-2.125,-0.75,0.00038670426526704187,0.00038541108300874826,-0.41089251446215047
-2.125,-0.625,0.00038548067996869734,0.00038477559704666999,-0.43659665065629244
-2.125,-0.5,0.00038466120506738311,0.0003841990210813662,-0.45991799530090005
-2.125,-0.375,0.0003850207820970118,0.00038363667350504115,-0.48266383006809555
-2.125,-0.25,0.00038445768462346534,0.00038307432592871599,-0.50540966483529548
-2.125,-0.125,0.00038660204896908746,0.00038251197835239089,-0.52815549960249319
-2.125,0,0.00038699464958437803,0.00038194963077606585,-0.55090133436968869
-2.125,0.125,0.00038251117893213884,0.00038138728319974074,-0.5736471691368864
-2.125,0.25,0.00038575199343740047,0.00038087576784336189,-0.5943369422716982
-2.125,0.375,0.00038361049083608206,0.0003805795626323207,-0.60631785064789234
-2.125,0.5,0.00038316385634609669,0.00038056585585589253,-0.60687226234085889
-2.125,0.625,0.00038649569487718058,0.00038065818387585251,-0.60313777858951789
-2.125,0.75,0.0003833444780057676,0.00038075320141684664,-0.59929450909138715
-2.125,0.875,0.00038277131216495308,0.00038085090847887477,-0.59534245384647333
-2.125,1,0.0003832273726181401,0.00038094861554090306,-0.59139039860155285
-2.125,1.125,0.0003866092613694113,0.00038109740257565413,-0.58537226061994185
-2.125,1.25,0.00038346229541220636,0.00038125620207573555,-0.57894913844064844
-2.125,1.375,0.00038488636654759818,0.0003814543895260331,-0.57093285245101311
-2.125,1.5,0.00038206866726498106,0.00038165746344649096,-0.56271891851633349
-2.125,1.625,0.00038441492213335646,0.00038199500693745131,-0.5490659593939694
-2.125,1.75,0.00038412384444862051,0.00038246213352875394,-0.53017162302896048
-2.125,1.875,0.00038478352305239174,0.00038292926012005652,-0.51127728666395378
-2.125,2,0.00038446484668479508,0.00038340027218972811,-0.49222579046987747
-2.125,2.125,0.00038688495541792082,0.00038387128425939969,-0.47317429427580115
-2.125,2.25,0.00038738254753379047,0.00038436641344739923,-0.45314730887959609
-2.125,2.375,0.00038556660510927546,0.00038493810353721258,-0.43002358812682545
-2.125,2.5,0.00038729563781306436,0.00038554041798775132,-0.4056611732314348
-2.125,2.625,0.00039034250706135076,0.00038616730525633305,-0.38030483699184092
-2.125,2.75,0.00038830861164231923,0.00038686791097904328,-0.35196673671965739
-2.125,2.875,0.00038831716501080076,0.00038756851670175362,-0.32362863644746953
-2.125,3,0.00039129203857753874,0.00038832040435354446,-0.29321628470783379
-2.125,3.125,0.000395274094148449,0.00038943126550889935,-0.24828417269603908
-2.125,3.25,0.00039242535361728136,0.00039065356826499265,-0.19884447081757714
-2.125,3.375,0.00039359213537665087,0.00039187587102108601,-0.149404768939113
-2.125,3.5,0.00039339487442552584,0.00039315630717586089,-0.097613687350778577
-2.125,3.625,0.00039627520274382902,0.00039495748926144064,-0.024759474353248989
-2.125,3.75,0.00039717716964481525,0.00039717716964481525,0.065022157793487384
-2.125,3.875,0.00040074856240847242,0.00040074856240847242,0.20947785229789243
-2,-2.25,0.00040133765329552806,0.00040133765329552806,0.23330540049751911
-2,-2.125,0.00039873608460933404,0.00039873608460933404,0.12807715027834313
-2,-2,0.00039887449051536277,0.00039677857849540731,0.048899942982235017
-2,-1.875,0.00039630851956861681,0.00039488523231880475,-0.027682123168985523
-2,-1.75,0.00039370564420192233,0.00039343010233382306,-0.086539220801524791
-2,-1.625,0.0003923796317835712,0.0003921566067758789,-0.13804956912925045
-2,-1.5,0.00039207242644087673,0.00039088978101140567,-0.18929013765066338
-2,-1.375,0.00038978941900229584,0.00038966342245154027,-0.23889388868009898
-2,-1.25,0.00039048999498768951,0.00038844687010845732,-0.28810099785311838
-2,-1.125,0.00038932117397244011,0.00038724925753326597,-0.33654203129445798
-2,-1,0.00038943481558406678,0.00038627911959103153,-0.37578217078195675
-2,-0.875,0.00038916978084916953,0.0003856380484279788,-0.40171221718511352
-2,-0.75,0.00038806514148056055,0.00038499697726492613,-0.42764226358826807
-2,-0.625,0.00038717654415997292,0.00038438941730772018,-0.45221684873733414
-2,-0.5,0.0003881109030067926,0.00038381995553690582,-0.47525043844323345
-2,-0.375,0.00038364085983165854,0.00038325760796058072,-0.49799627321043116
-2,-0.25,0.00038527870541079669,0.00038269526038425561,-0.52074210797762888
-2,-0.125,0.00038254246621734184,0.00038213291280793057,-0.54348794274482448
-2,0,0.00038549250116792246,0.00038157056523160541,-0.56623377751202431
-2,0.125,0.00038323473994637602,0.00038110988209517286,-0.58486748901444796
-2,0.25,0.00038589248875911997,0.0003807402213788493,-0.59981952566830365
-2,0.375,0.00038466001874722615,0.00038051747167309048,-0.60882930576683625
-2,0.5,0.00038067467180592275,0.00038042837666671061,-0.61243302058488924
-2,0.625,0.00038367440956334892,0.0003804900581202342,-0.60993812915276724
-2,0.75,0.00038276039501006042,0.00038058238614019412,-0.60620364540142835
-2,0.875,0.00038164649188055698,0.00038067471416015409,-0.60246916165008735
-2,1,0.00038076704218011407,0.00038076704218011407,-0.59873467789874635
-2,1.125,0.00038321173503381994,0.00038091529549604339,-0.59273812777603707
-2,1.25,0.00038331487366640365,0.00038108197258616809,-0.5859963728346731
-2,1.375,0.00038437619034577649,0.00038128016003646564,-0.57798008684503777
-2,1.5,0.00038244061679856183,0.00038148812042708376,-0.5695685049653163
-2,1.625,0.00038314372617640532,0.00038186885828482488,-0.55416842009540312
-2,1.75,0.00038547803338866794,0.00038233598487612746,-0.53527408373039642
-2,1.875,0.00038562250248429589,0.00038280311146743009,-0.5163797473653875
-2,2,0.00038554203995104622,0.00038327153321818903,-0.4974330243906902
-2,2.125,0.00038579152770034259,0.00038374254528786056,-0.47838152819661606
-2,2.25,0.00038858070983700002,0.00038425298665622294,-0.45773519572909438
-2,2.375,0.00038516789222198277,0.00038485530110676162,-0.4333727808337059
-2,2.5,0.00038802177125243844,0.0003855067611933863,-0.40702252324991112
-2,2.625,0.00038976983718685461,0.00038620736691609653,-0.37868442297772759
-2,2.75,0.00038979766314276791,0.00038690797263880687,-0.35034632270553967
-2,2.875,0.00038893250003581585,0.00038760857836151721,-0.32200822243335175
-2,3,0.00039343160979775637,0.00038861687565871079,-0.28122461335646587
-2,3.125,0.00039075489928327848,0.0003898391784148042,-0.23178491147799957
-2,3.25,0.00039122451658709018,0.00039106148117089756,-0.18234520959953543
-2,3.375,0.00039335142830869473,0.00039228378392699092,-0.13290550772107129
-2,3.5,0.00039395581597731396,0.00039382459304716815,-0.070582860428142574
-2,3.625,0.00039640365524653328,0.00039605758956570258,0.019737382753537924
-2,3.75,0.00040021300949766552,0.0003992156157242438,0.14747322481421321
-1.875,-2.25,0.00040113298201280604,0.00040064767089217782,0.20539699224680841
-1.875,-2.125,0.00039860186941951658,0.00039812807983341791,0.10348457310208745
-1.875,-2,0.00039631109364522178,0.00039609218009675762,0.021136500553652127
-1.875,-1.875,0.00039410864658934202,0.00039410864658934202,-0.059093462754293974
-1.875,-1.75,0.00039450356366222631,0.00039283509304668409,-0.11060615644772198
-1.875,-1.625,0.00039238940533085361,0.00039156159748873998,-0.16211650477544545
-1.875,-1.5,0.00039087039902956289,0.00039032834491351247,-0.21199910493824753
-1.875,-1.375,0.00039063871388144968,0.000389116639623348,-0.26101016051482012
-1.875,-1.25,0.00038961270899026446,0.00038791902704815671,-0.3094511939561575
-1.875,-1.125,0.00038790778655355482,0.00038672141447296542,-0.35789222739749488
-1.875,-1,0.00038710756202064615,0.00038586501384720945,-0.39253191990807212
-1.875,-0.875,0.00039154890985536827,0.00038522394268415672,-0.41846196631122889
-1.875,-0.75,0.00038592399072152813,0.00038459404192305296,-0.44394019229635395
-1.875,-0.625,0.0003843870986411452,0.00038400323756877049,-0.4678370468183714
-1.875,-0.5,0.00038363629103606577,0.00038344088999244538,-0.49058288158556912
-1.875,-0.375,0.00038393859082590497,0.00038287854241612028,-0.51332871635276689
-1.875,-0.25,0.00038325489449877992,0.00038231619483979523,-0.53607455111996238
-1.875,-0.125,0.00038308461547721092,0.00038175384726347013,-0.5588203858871601
-1.875,0,0.00038326145380750349,0.00038134399634698378,-0.57539803575719994
-1.875,0.125,0.00038219423543635735,0.00038095956154047064,-0.5909476548110435
-1.875,0.25,0.00038369062927270893,0.00038064899718490548,-0.60350936186494308
-1.875,0.375,0.00038152652132325635,0.00038045538071386021,-0.61134076088578237
-1.875,0.5,0.00038577350658931613,0.00038029089747752863,-0.61799377882892181
-1.875,0.625,0.00038050574802376029,0.00038035257893105217,-0.61549888739680203
-1.875,0.75,0.00038315751228521389,0.00038041426038457581,-0.61300399596467781
-1.875,0.875,0.00038284649012072011,0.00038050658840453573,-0.60926951221333892
-1.875,1,0.00038211983886867113,0.00038059891642449576,-0.60553502846199569
-1.875,1.125,0.00038324174819626947,0.00038073318841643275,-0.60010399493212796
-1.875,1.25,0.00038776570966014866,0.00038090774309660063,-0.59304360722869776
-1.875,1.375,0.00038477881226681464,0.00038111081701705849,-0.58482967329401825
-1.875,1.5,0.00038189581883643598,0.00038131877740767655,-0.57641809141429901
-1.875,1.625,0.00038435689512955796,0.0003817427096321984,-0.55927088079683918
-1.875,1.75,0.00038734207798233624,0.00038220983622350098,-0.54037654443183236
-1.875,1.875,0.00038537234990288692,0.00038267696281480361,-0.52148220806682344
-1.875,2,0.00038712567803855265,0.00038314408940610619,-0.50258787170181674
-1.875,2.125,0.00038591186470542484,0.00038361380631632148,-0.48358876211742885
-1.875,2.25,0.00038884421744639943,0.00038417018422577204,-0.46108438843597266
-1.875,2.375,0.0003866556165912755,0.00038484621713043955,-0.43374020950798131
-1.875,2.5,0.00038904285182091305,0.00038554682285314978,-0.40540210923579778
-1.875,2.625,0.00038804421709002758,0.00038624742857586012,-0.37706400896360981
-1.875,2.75,0.00039056534773570145,0.00038694803429857035,-0.34872590869142628
-1.875,2.875,0.00039123451203811765,0.00038780248580852234,-0.31416505401688832
-1.875,3,0.00039203714821480683,0.0003890247885646157,-0.26472535213842419
-1.875,3.125,0.00039032333407324637,0.00039024709132070906,-0.21528565025996005
-1.875,3.25,0.00039237186273381167,0.00039146939407680242,-0.16584594838149591
-1.875,3.375,0.00039269169683289577,0.00039269169683289577,-0.11640624650303177
-1.875,3.5,0.00039574011593770416,0.00039493800948658996,-0.025547392286409343
-1.875,3.625,0.00039784084311947978,0.00039769844292194141,0.086106619306685978
-1.875,3.75,0.00040225441216111898,0.00040206839357771572,0.26286238343144541
-1.75,-2.25,0.0003999955768418095,0.00039995768848882757,0.17748858399609771
-1.75,-2.125,0.00039824023447638661,0.00039752007505750177,0.078891995925831765
-1.75,-2,0.00039591100724242978,0.00039543180909159674,-0.0055741858630949659
-1.75,-1.875,0.00039489662312212914,0.00039351361797396514,-0.083161180189057882
-1.75,-1.75,0.00039234231582881731,0.00039224008375954517,-0.13467309209391698
-1.75,-1.625,0.00039099326737548472,0.00039099326737548472,-0.18510432119639389
-1.75,-1.5,0.0003901328623709693,0.00038978640913823874,-0.23391932317651964
-1.75,-1.375,0.00038895778040364177,0.0003885887965630475,-0.28236035661785486
-1.75,-1.25,0.00039216609274833906,0.00038739118398785615,-0.3308013900591944
-1.75,-1.125,0.00038914889197926093,0.00038619357141266486,-0.37924242350053178
-1.75,-1,0.00038747473885749429,0.00038545090810338737,-0.40928166903418756
-1.75,-0.875,0.000386422791377145,0.00038480983694033464,-0.43521171543734427
-1.75,-0.75,0.00038692967566074729,0.00038420786218410321,-0.45956039037739344
-1.75,-0.625,0.00038376285830954632,0.00038362417202431011,-0.48316948996070486
-1.75,-0.5,0.00038396163233299347,0.000383061824447985,-0.50591532472790257
-1.75,-0.375,0.00038311531458720438,0.00038249947687165985,-0.52866115949510251
-1.75,-0.25,0.00038712890228726507,0.0003819625454053079,-0.55037896344610615
-1.75,-0.125,0.00038859720229345192,0.0003815781105987947,-0.56592858249995193
-1.75,0,0.00038390964641352778,0.00038119367579228156,-0.58147820155379559
-1.75,0.125,0.00038184495600645672,0.00038083878916614762,-0.59583265580766109
-1.75,0.25,0.00038174979264280346,0.00038055777299096167,-0.60719919806158251
-1.75,0.375,0.00038242795456032078,0.00038039328975462999,-0.61385221600472628
-1.75,0.5,0.00038207990517563877,0.00038022880651829836,-0.62050523394786794
-1.75,0.625,0.00038430615929727161,0.00038021509974187019,-0.6210596456408346
-1.75,0.75,0.00038097198155022269,0.00038027678119539378,-0.61856475420871249
-1.75,0.875,0.00038312707197858095,0.00038033846264891742,-0.61606986277658837
-1.75,1,0.00038079635563698409,0.00038043079066887739,-0.61233537902524726
-1.75,1.125,0.00038561874585123782,0.00038055108133682207,-0.60746986208822107
-1.75,1.25,0.00038348195627134626,0.00038073351360703317,-0.60009084162272242
-1.75,1.375,0.00038127541858951199,0.00038094147399765123,-0.59167925974300317
-1.75,1.5,0.00038114943438826934,0.00038114943438826934,-0.58326767786328182
-1.75,1.625,0.0003827217536795273,0.00038161656097957197,-0.5643733414982729
-1.75,1.75,0.00038295872598723959,0.00038208368757087461,-0.54547900513326397
-1.75,1.875,0.00038422709101752848,0.00038255081416217719,-0.52658466876825716
-1.75,2,0.00038433358040122366,0.00038301794075347982,-0.50769033240324823
-1.75,2.125,0.0003834850673447824,0.0003834850673447824,-0.48879599603824153
-1.75,2.25,0.00038459264818603263,0.00038418567306749274,-0.46045789576605367
-1.75,2.375,0.00038591873721343739,0.00038488627879020303,-0.43211979549386792
-1.75,2.5,0.00038672842598730422,0.00038558688451291332,-0.40378169522168217
-1.75,2.625,0.00038980989733616058,0.00038628749023562366,-0.37544359494949431
-1.75,2.75,0.00038698809595833389,0.00038698809595833389,-0.34710549467731078
-1.75,2.875,0.00039207672017010567,0.00038826272968994644,-0.29554910950104651
-1.75,3,0.00039012783272114783,0.00038953736342155904,-0.24399272432478014
-1.75,3.125,0.00039495555746449557,0.00039081199715317163,-0.19243633914851374
-1.75,3.25,0.00039345046954794414,0.00039208763385344787,-0.14083938589574069
-1.75,3.375,0.00039460988176382691,0.00039381842940747734,-0.07083216732635661
-1.75,3.5,0.00039627774466864321,0.00039626156061652984,0.027987603817398787
-1.75,3.625,0.00040004309581914569,0.00040004309581914569,0.18094313969280473
-1.625,-2.25,0.00039986411814132918,0.00039934620938198448,0.15275547708250836
-1.625,-2.125,0.00039734126604674659,0.00039691207028158564,0.054299418749576084
-1.625,-2,0.00039598864959231733,0.00039477143808643592,-0.032284872279839866
-1.625,-1.875,0.00039370182446495572,0.00039291858935858832,-0.1072288976238196
-1.625,-1.75,0.00039219494969854355,0.00039165841405934814,-0.1582004681274865
-1.625,-1.625,0.00039301220257795429,0.00039045617865312952,-0.20682848583821697
-1.625,-1.5,0.00039004908987308522,0.00038925856607793818,-0.25526951927955654
-1.625,-1.375,0.00039086510249327684,0.00038806095350274689,-0.30371055272089392
-1.625,-1.25,0.00038738551697421812,0.00038686334092755559,-0.3521515861622313
-1.625,-1.125,0.00038820611999671671,0.00038575406763228658,-0.39701947240927249
-1.625,-1,0.0003903761396834065,0.00038503680235956524,-0.42603141816030515
-1.625,-0.875,0.00038902512679518778,0.00038441248679943588,-0.45128373393641763
-1.625,-0.75,0.00038700322358638662,0.00038382168244515346,-0.47518058845843292
-1.625,-0.625,0.00038714935958607336,0.00038324510647984967,-0.49850193310304047
-1.625,-0.5,0.00038463853029192975,0.00038268275890352462,-0.52124776787023608
-1.625,-0.375,0.00038453011446390868,0.00038219665965711887,-0.54090951018885591
-1.625,-0.25,0.00038241894685175036,0.00038181222485060567,-0.55645912924270169
-1.625,-0.125,0.00038333767482307804,0.00038142779004409248,-0.57200874829654746
-1.625,0,0.00038148357489137919,0.00038104335523757933,-0.58755836735039113
-1.625,0.125,0.00038310368067482958,0.00038074756497220375,-0.59952249200430274
-1.625,0.25,0.00038270755263185437,0.00038049568203173139,-0.60971065318052864
-1.625,0.375,0.00038280781599314695,0.00038033119879539977,-0.61636367112367019
-1.625,0.5,0.00038154329372192566,0.00038016671555906809,-0.62301668906681407
-1.625,0.625,0.00038215011395083118,0.00038007762055268821,-0.62662040388486706
-1.625,0.75,0.00038124948050212432,0.0003801393020062118,-0.62412551245274506
-1.625,0.875,0.00038588640298870236,0.00038020098345973539,-0.62163062102062305
-1.625,1,0.00038209810405392578,0.00038026266491325897,-0.61913572958850105
-1.625,1.125,0.00038179682078881891,0.00038036897425721132,-0.61483572924431629
-1.625,1.25,0.00038437126011328345,0.00038056417058762596,-0.60694042807170523
-1.625,1.375,0.00038287313053029181,0.00038085878386730768,-0.59502391013513878
-1.625,1.5,0.0003823337033955039,0.00038124005003605302,-0.57960245614172745
-1.625,1.625,0.00038270185454321581,0.00038170717662735565,-0.56070811977671853
-1.625,1.75,0.00038295054955526546,0.00038217430321865823,-0.54181378341171171
-1.625,1.875,0.00038383298257884855,0.00038264142980996087,-0.52291944704670279
-1.625,2,0.00038748854504144022,0.00038312229543796013,-0.50346939412538871
-1.625,2.125,0.00038504793659449777,0.00038369538474308394,-0.48028907791174075
-1.625,2.25,0.00038955951440944108,0.00038439599046579428,-0.45195097763955283
-1.625,2.375,0.00038511407067858455,0.00038509659618850457,-0.42361287736736708
-1.625,2.5,0.00039196397689648352,0.00038579720191121486,-0.39527477709518138
-1.625,2.625,0.00038710647007693388,0.0003864978076339252,-0.36693667682299347
-1.625,2.75,0.0003884753752574378,0.0003876576637418349,-0.32002281697026214
-1.625,2.875,0.00039104807051232012,0.0003889322974734475,-0.26846643179399571
-1.625,3,0.00039220080759181725,0.00039020693120506004,-0.2169100466177315
-1.625,3.125,0.0003921190490766933,0.00039148357087399996,-0.1652725252884496
-1.625,3.25,0.00039375731532727363,0.00039294758240522544,-0.10605618687344154
-1.625,3.375,0.0003949451619820589,0.0003949451619820589,-0.025258088149681446
-1.625,3.5,0.00039875314430676685,0.00039845280414545171,0.11661902207523078
-1.5,-2.375,0.00040117929236832111,0.00040117929236832111,0.22690001771385229
-1.5,-2.25,0.00039905856044087935,0.00039873473027514134,0.12802237016891682
-1.5,-2.125,0.00039630406550566951,0.00039630406550566951,0.029706841573320403
-1.5,-2,0.00039610999432962023,0.00039411106708127505,-0.058995558696586958
-1.5,-1.875,0.0003923235607432115,0.0003923235607432115,-0.13129661505858131
-1.5,-1.75,0.00039257442153435145,0.00039112594816802021,-0.17973764849991869
-1.5,-1.625,0.00039235633015684355,0.00038992833559282891,-0.22817868194125607
-1.5,-1.5,0.00039032129644421001,0.00038873072301763768,-0.27661971538259122
-1.5,-1.375,0.00039542381681867839,0.00038753311044244633,-0.32506074882393082
-1.5,-1.25,0.00039007051905733136,0.00038633549786725504,-0.3735017822652682
-1.5,-1.125,0.00038778557722074269,0.00038531456385190824,-0.41479652131801537
-1.5,-1,0.00038550144133023425,0.00038462269661574311,-0.44278116728642275
-1.5,-0.875,0.00038516341514675573,0.00038402630706048618,-0.46690393201745495
-1.5,-0.75,0.00038403102807179815,0.00038343550270620371,-0.4908007865394724
-1.5,-0.625,0.00038370465956802223,0.00038286604093538929,-0.51383437624537398
-1.5,-0.5,0.00038455773226605785,0.00038243077390892984,-0.53144005693160568
-1.5,-0.375,0.00038585952416269969,0.00038204633910241665,-0.54698967598545156
-1.5,-0.25,0.0003857650331953848,0.00038166190429590339,-0.56253929503929956
-1.5,-0.125,0.00038232438419220709,0.00038127746948939031,-0.57808891409314089
-1.5,0,0.00038352186941362242,0.00038093735695344583,-0.59184578594702286
-1.5,0.125,0.00038465772030238127,0.00038065634077825994,-0.60321232820094206
-1.5,0.25,0.00038084922823266909,0.00038043359107250117,-0.61222210829947254
-1.5,0.375,0.00038266499115050201,0.00038026910783616949,-0.61887512624261642
-1.5,0.5,0.0003825423778579301,0.00038010462459983787,-0.62552814418575797
-1.5,0.625,0.00037994014136350624,0.00037994014136350624,-0.63218116212889963
-1.5,0.75,0.00038421590133028838,0.00038000182281702983,-0.62968627069677763
-1.5,0.875,0.00038348406275606642,0.00038006350427055341,-0.62719137926465562
-1.5,1,0.00038366201517389139,0.00038012518572407705,-0.6246964878325314
-1.5,1.125,0.00038018686717760064,0.00038018686717760064,-0.6222015964004094
-1.5,1.25,0.00038263080405108441,0.00038056813334634597,-0.60678014240699807
-1.5,1.375,0.00038391917491564044,0.00038094939951509131,-0.59135868841358663
-1.5,1.5,0.00038165254116615498,0.0003813306656838367,-0.57593723442017297
-1.5,1.625,0.00038533437285128292,0.00038179779227513934,-0.55704289805516405
-1.5,1.75,0.00038325499527952923,0.00038226491886644192,-0.53814856169015735
-1.5,1.875,0.00038608908983698968,0.00038275952353113786,-0.51814279221253579
-1.5,2,0.00038528885431847009,0.00038328160626922711,-0.4970255896223017
-1.5,2.125,0.00038494909331591499,0.00038390570214138559,-0.47178215978523552
-1.5,2.25,0.00038956798739700146,0.00038460630786409583,-0.44344405951305199
-1.5,2.375,0.00038825476480745119,0.00038530691358680611,-0.4151059592408663
-1.5,2.5,0.00038694838574089124,0.00038600751930951646,-0.38676785896867838
-1.5,2.625,0.00039026823905527897,0.00038709370575972646,-0.34283378943058418
-1.5,2.75,0.00038965338435574374,0.0003883272315253359,-0.29294013926321349
-1.5,2.875,0.00039181202117665582,0.00038960286822561219,-0.24134318601043822
-1.5,3,0.00039230478586273768,0.000390879507894552,-0.18970566468116071
-1.5,3.125,0.00039277327158732952,0.00039215614756349176,-0.13806814335188539
-1.5,3.25,0.00039407905256835123,0.000394074314979807,-0.060482107696766374
-1.5,3.375,0.00039708311642280603,0.00039689937786684809,0.053786035958271583
-1.5,3.5,0.00040200444313224631,0.00040200444313224631,0.26027571581309861
-1.375,-2.375,0.00040079656691239201,0.00040059935160987437,0.2034425739161986
-1.375,-2.25,0.00039815097859109331,0.00039812325116829825,0.10328926325532747
-1.375,-2.125,0.00039664887046603371,0.00039572056290851484,0.0061053285236083998
-1.375,-2,0.0003947704006888782,0.00039345069607611428,-0.085706245113329665
-1.375,-1.875,0.0003952099728432775,0.00039191486206500498,-0.14782765919467852
-1.375,-1.75,0.00039173429822194885,0.00039065116951565319,-0.19894149543085962
-1.375,-1.625,0.00038973663982825029,0.00038941818066850619,-0.24881342832026171
-1.375,-1.5,0.00039123574322083636,0.00038820287995733707,-0.29796991148563035
-1.375,-1.375,0.00038829413564527991,0.00038700526738214577,-0.34641094492696772
-1.375,-1.25,0.00038616231846942033,0.00038580765480695448,-0.3948519783683051
-1.375,-1.125,0.00038792094177978739,0.00038487506007152991,-0.4325735702267583
-1.375,-1,0.00038643273928174241,0.0003842309316758189,-0.45862727557647698
-1.375,-0.875,0.00038571853580786093,0.00038364012732153643,-0.48252413009849443
-1.375,-0.75,0.00038304932296725396,0.00038304932296725396,-0.50642098462051188
-1.375,-0.625,0.00038462229024068857,0.00038266488816074082,-0.52197060367435544
-1.375,-0.5,0.00038327973761649532,0.00038228045335422762,-0.53752022272820132
-1.375,-0.375,0.00038427678494074941,0.00038189601854771437,-0.55306984178204932
-1.375,-0.25,0.00038390219567376933,0.00038151158374120128,-0.56861946083589077
-1.375,-0.125,0.00038112714893468803,0.00038112714893468803,-0.58416907988973876
-1.375,0,0.00038372523990525654,0.00038084613275950207,-0.59553562214366007
-1.375,0.125,0.00038128695123852615,0.00038056511658431618,-0.60690216439757938
-1.375,0.25,0.00038265557858591581,0.00038037150011327095,-0.61473356341841645
-1.375,0.375,0.00038228790385727888,0.00038020701687693933,-0.62138658136155811
-1.375,0.5,0.00038077971735832761,0.00038004253364060765,-0.62803959930470188
-1.375,0.625,0.00038123300459283422,0.00037989289235219507,-0.63409229013841395
-1.375,0.75,0.00038117763011978362,0.00037988504851558998,-0.63440955764141638
-1.375,0.875,0.00038147359092503559,0.00037994661921009659,-0.63191914619001299
-1.375,1,0.00038000818990460326,0.00038000818990460326,-0.62942873473860739
-1.375,1.125,0.00038411040389689667,0.00038034466677416292,-0.61581891831865831
-1.375,1.25,0.00038303743614590295,0.00038068114364372258,-0.60220910189870924
-1.375,1.375,0.00038121504343015489,0.00038104001516287499,-0.58769346669203215
-1.375,1.5,0.00038380340057663512,0.00038142128133162039,-0.5722720126986186
-1.375,1.625,0.00038394172980128809,0.00038188840792292302,-0.55337767633360968
-1.375,1.75,0.00038498845031034344,0.00038239675162431559,-0.53281619029968297
-1.375,1.875,0.00038394302327159573,0.00038291883436240485,-0.51169898770944877
-1.375,2,0.000384832436545363,0.00038344091710049415,-0.49058178511921247
-1.375,2.125,0.00038547844059354654,0.00038411601953968714,-0.46327524165873474
-1.375,2.25,0.00038631315051975324,0.00038481662526239742,-0.43493714138654904
-1.375,2.375,0.0003861814047098953,0.00038551723098510777,-0.40659904111436107
-1.375,2.5,0.00038898659065907028,0.00038658488408773275,-0.36341460841938583
-1.375,2.625,0.00038772216557722436,0.00038772216557722436,-0.31741384673242901
-1.375,2.75,0.00039126198379182058,0.00038899880524616423,-0.26577632540314933
-1.375,2.875,0.00039547919676312599,0.00039027544491510404,-0.21413880407387181
-1.375,3,0.00039430215467534341,0.00039155208458404391,-0.16250128274459211
-1.375,3.125,0.00039325666392070263,0.00039320346797755515,-0.09570612724384911
-1.375,3.25,0.00039534595158824442,0.00039534595158824442,-0.0090469501586898093
-1.375,3.375,0.00039989131891886531,0.00039942443051571954,0.15591936549982394
-1.25,-2.375,0.00040001941085142763,0.00040001941085142763,0.17998513011854492
-1.25,-2.25,0.00039781339248050416,0.0003975117720614551,0.078556156341735933
-1.25,-2.125,0.00040080838941135055,0.00039513706031136007,-0.017496184526107988
-1.25,-2,0.0003927903250709534,0.0003927903250709534,-0.11241693153007676
-1.25,-1.875,0.00039189569898399152,0.00039150616338679846,-0.16435870333077574
-1.25,-1.75,0.00039053621316450902,0.00039022200170264358,-0.21630047513147252
-1.25,-1.625,0.00039025132130271169,0.00038897877828809494,-0.26658637580313571
-1.25,-1.5,0.00039052499054868328,0.00038774578944094788,-0.31645830869253999
-1.25,-1.375,0.00038997533661115988,0.00038651280059380093,-0.36633024158193994
-1.25,-1.25,0.00038527981174665393,0.00038527981174665393,-0.416202174471342
-1.25,-1.125,0.00038443555629115163,0.00038443555629115163,-0.45035061913549901
-1.25,-1,0.00039076133159761167,0.00038392510117888837,-0.4709975075163233
-1.25,-0.875,0.00039169906805326134,0.00038341464606662511,-0.49164439589714753
-1.25,-0.75,0.00038496638480823968,0.00038291312341400853,-0.51192998415018298
-1.25,-0.625,0.00038713627599659337,0.00038251777648177994,-0.52792097686496497
-1.25,-0.5,0.00038380399565658512,0.00038213334167526674,-0.54347059591881086
-1.25,-0.375,0.00038363875506108484,0.00038174890686875355,-0.55902021497265664
-1.25,-0.25,0.00038163799209498314,0.00038136447206224035,-0.57456983402650241
-1.25,-0.125,0.00038104397222011303,0.00038104129422475322,-0.58764173119718188
-1.25,0,0.00038580999104774,0.00038075490856555826,-0.59922545834029961
-1.25,0.125,0.00038252796270325692,0.00038047389239037236,-0.61059200059421881
-1.25,0.25,0.00038527513671461188,0.00038030940915404068,-0.61724501853736258
-1.25,0.375,0.00038550309265431525,0.00038014492591770905,-0.62389803648050424
-1.25,0.5,0.00038103693427770209,0.0003799923162397127,-0.63007079273610089
-1.25,0.625,0.00038136192087260271,0.000379845643340884,-0.63600341814792383
-1.25,0.75,0.0003856342481433128,0.00037976838497316711,-0.63912836460533651
-1.25,0.875,0.00038163980587946843,0.00037982995566767372,-0.63663795315393323
-1.25,1,0.00038143357134248291,0.00038016634393001986,-0.62303172071855673
-1.25,1.125,0.00038368616305343647,0.00038050273219236594,-0.60942548828318255
-1.25,1.25,0.00038188286121931483,0.00038083912045471196,-0.59581925584781048
-1.25,1.375,0.00038292475891194428,0.00038117550871705804,-0.5822130234124363
-1.25,1.5,0.00038151189697940407,0.00038151189697940407,-0.56860679097706424
-1.25,1.625,0.00038392526492404594,0.00038203397971749332,-0.54748958838683004
-1.25,1.75,0.00038480778948933949,0.00038255606245558258,-0.52637238579659595
-1.25,1.875,0.00038646616758022956,0.00038307814519367183,-0.50525518320636176
-1.25,2,0.00038473744299785673,0.00038362573121527845,-0.48310642380441748
-1.25,2.125,0.0003863156421210913,0.00038432633693798873,-0.45476832353223173
-1.25,2.25,0.00038745538666615909,0.00038502694266069907,-0.42643022326004382
-1.25,2.375,0.00039087917718534627,0.00038608996242642777,-0.38343319977584939
-1.25,2.5,0.00038895962115934279,0.00038719931556111903,-0.33856208418385758
-1.25,2.625,0.00039206410280366897,0.00038839474226671627,-0.29020946479586041
-1.25,2.75,0.00039005224607342764,0.00038967138193565602,-0.23857194346658511
-1.25,2.875,0.00039292124992975876,0.00039094802160459595,-0.18693442213730321
-1.25,3,0.00039279389315870537,0.00039241203313582148,-0.12771808372229296
-1.25,3.125,0.00039494036718829549,0.00039440265256906467,-0.047201508886472149
-1.25,3.25,0.00039796253185707961,0.00039772890485857985,0.087338743719837908
-1.125,-2.375,0.00039993716205988098,0.00039948988183088815,0.15856674029576376
-1.125,-2.25,0.00039690029295461196,0.00039690029295461196,0.053823049428144393
-1.125,-2.125,0.00039479884417668594,0.0003946066912562046,-0.038948552069036219
-1.125,-2,0.00039364212135026863,0.00039253830969976372,-0.12261044926395706
-1.125,-1.875,0.00039215338888093007,0.0003911244217320916,-0.17979938978035914
-1.125,-1.75,0.0003928805232487846,0.00038981330302443712,-0.23283151926756754
-1.125,-1.625,0.00038927154289977657,0.0003885393759076837,-0.28435932328600977
-1.125,-1.5,0.00038808850513711018,0.00038730638706053669,-0.33423125617541183
-1.125,-1.375,0.00038622430960441649,0.00038607339821338969,-0.38410318906481394
-1.125,-1.25,0.00038524977200258246,0.00038509956496067245,-0.4234927964707208
-1.125,-1.125,0.00038722578672044085,0.00038433946460429398,-0.454237335685517
-1.125,-1,0.00038486735812548706,0.00038377996916599615,-0.47686780717378757
-1.125,-0.875,0.00038419315402819754,0.00038326951405373284,-0.49751469555461403
-1.125,-0.75,0.00038673483102019061,0.00038277692386076294,-0.51743898367986063
-1.125,-0.625,0.00038489095131048577,0.00038237066480281912,-0.53387135005557229
-1.125,-0.5,0.00038388436723796489,0.00038198622999630597,-0.54942096910941596
-1.125,-0.375,0.00038294396380551425,0.00038160179518979272,-0.56497058816326395
-1.125,-0.25,0.00038268271914635251,0.00038126330311004901,-0.57866191580473769
-1.125,-0.125,0.00038335360324880363,0.0003809554395148183,-0.59111438250462944
-1.125,0,0.00038301459393745129,0.00038066368437161444,-0.60291529453693893
-1.125,0.125,0.00038426550343765816,0.00038041180143114209,-0.61310345571316494
-1.125,0.25,0.0003847412785496545,0.00038024731819481046,-0.61975647365630659
-1.125,0.375,0.00038243211125345246,0.00038009174012723027,-0.62604929533378995
-1.125,0.5,0.00038022489851818322,0.00037994506722840158,-0.63198192074561299
-1.125,0.625,0.00038048021282641468,0.00037979839432957289,-0.63791454615743592
-1.125,0.75,0.00037965172143074425,0.00037965172143074425,-0.64384717156925675
-1.125,0.875,0.00038206179197852296,0.00037998965449738761,-0.63017845488966584
-1.125,1,0.00038049126981753968,0.00038032758756403103,-0.61650973821007282
-1.125,1.125,0.00038130369867674969,0.0003806655206306744,-0.60284102153048202
-1.125,1.25,0.00038321932561731433,0.00038100345369731776,-0.58917230485089112
-1.125,1.375,0.00038438456647259972,0.00038134138676396118,-0.5755035881712981
-1.125,1.5,0.00038474591639483917,0.00038172261095139145,-0.56008383223811864
-1.125,1.625,0.00038327555448146457,0.00038219329054876031,-0.54104578388374303
-1.125,1.75,0.00038664730707224697,0.00038271537328684962,-0.51992858129350672
-1.125,1.875,0.00038373121469487744,0.00038323745602493887,-0.49881137870327258
-1.125,2,0.00038520057006307827,0.00038383604861358004,-0.47459950567791442
-1.125,2.125,0.00038690230196717978,0.00038453665433629038,-0.44626140540572656
-1.125,2.25,0.00038771066976330714,0.00038559967410201914,-0.40326438192152991
-1.125,2.375,0.00038913380940585945,0.00038669049388912532,-0.35914290317265923
-1.125,2.5,0.00038840155282782618,0.00038782426829258904,-0.3132839961013586
-1.125,2.625,0.00038995902561594561,0.00038906731895620823,-0.26300508285928964
-1.125,2.75,0.00039120130739681415,0.00039034395862514798,-0.21136756153001432
-1.125,2.875,0.00039225441097405272,0.0003916205982940878,-0.15973004020073681
-1.125,3,0.00039345935354988493,0.00039345935354988493,-0.085356067614254488
-1.125,3.125,0.0004004511381564184,0.000396157045882431,0.02376019185256914
-1,-2.5,0.00040176582070179309,0.00040176582070179309,0.25062391574612697
-1,-2.375,0.00039907804726518735,0.00039896035281034861,0.13714835047298041
-1,-2.25,0.00039649541131379928,0.00039643693089683012,0.035080980914984572
-1,-2.125,0.00039498677850332799,0.0003941294557430485,-0.058251774105174098
-1,-2,0.00039327601499514507,0.00039228629432857404,-0.13280396699783736
-1,-1.875,0.00039176036737754435,0.00039082355114788357,-0.19196900317040552
-1,-1.75,0.00038966903392665525,0.00038945851839322979,-0.24718184803064153
-1,-1.625,0.00039118457235456998,0.00038812044266207566,-0.30130433520436373
-1,-1.5,0.00039004515293524606,0.00038686698468012545,-0.35200420365828589
-1,-1.375,0.00039121971224409936,0.00038576357363019333,-0.39663497380594037
-1,-1.25,0.00038605727724369939,0.00038497071988875657,-0.42870432193957442
-1,-1.125,0.00038516348187886396,0.00038424337291743634,-0.45812405223553498
-1,-1,0.00038669477682618105,0.00038363483715310399,-0.48273810683124968
-1,-0.875,0.00038622975572114628,0.00038312438204084068,-0.50338499521207614
-1,-0.75,0.00038371449531848285,0.00038264072430751746,-0.52294798320953395
-1,-0.625,0.00038457526723781115,0.00038222355312385824,-0.53982172324618183
-1,-0.5,0.00038562721243927146,0.0003818391183173451,-0.55537134230002549
-1,-0.375,0.00038351205125390549,0.00038148531199534491,-0.56968210041228917
-1,-0.25,0.00038153336570643549,0.0003811774484001142,-0.58213456711218092
-1,-0.125,0.00038161446731865568,0.00038086958480488344,-0.59458703381207478
-1,0,0.00038245900735701547,0.00038057246017767068,-0.60660513073357625
-1,0.125,0.00038279102907352847,0.00038034971047191187,-0.61561491083210884
-1,0.25,0.00038160644051931465,0.0003801911640147479,-0.62202779793147689
-1,0.375,0.0003835966404531059,0.00038004449111591921,-0.62796042334329982
-1,0.5,0.00038152695628144068,0.00037989781821709052,-0.63389304875512287
-1,0.625,0.00038136816391901555,0.00037979898099001707,-0.63789081691578964
-1,0.75,0.00038294778125856009,0.00037981914428194478,-0.63707525208389759
-1,0.875,0.00038149650579753915,0.00038015707734858815,-0.62340653540430668
-1,1,0.00038228495078161895,0.00038049501041523151,-0.60973781872471577
-1,1.125,0.00038285035025008919,0.00038083294348187499,-0.59606910204512054
-1,1.25,0.00038267886485489198,0.0003811708765485183,-0.58240038536553196
-1,1.375,0.00038326515631390023,0.00038152915095325703,-0.56790890224265977
-1,1.5,0.00038327816052347236,0.00038193332492337899,-0.5515608734991666
-1,1.625,0.00038361267450619544,0.00038237988126321184,-0.53349856266560758
-1,1.75,0.000384729243955509,0.0003828746841181166,-0.51348477679041971
-1,1.875,0.00038455373174475034,0.00038339676685620591,-0.4923675742001834
-1,2,0.00038502353059778865,0.00038404636601188164,-0.46609258755141147
-1,2.125,0.00038610321567684222,0.00038510938577761039,-0.42309556406721482
-1,2.25,0.00038721528907489065,0.00038618167221713166,-0.37972372216145872
-1,2.375,0.00038821105600996968,0.00038730492536251154,-0.33429037893713315
-1,2.5,0.00038939171847084987,0.00038848005047942052,-0.28675891820839866
-1,2.625,0.00039240717438539951,0.00038973989564570008,-0.23580070092272323
-1,2.75,0.00039333583344742173,0.00039101653531463989,-0.18416317959344572
-1,2.875,0.00039346458155230674,0.00039266791870815119,-0.11736802409270053
-1,3,0.00039519748264038845,0.00039490491656942009,-0.026885934600096112
-1,3.125,0.00039880576521229334,0.00039880576521229334,0.13089559130684095
-0.875,-2.5,0.0004014033851319251,0.0004011283521736694,0.22483958872058002
-0.875,-2.375,0.00039896076623080983,0.00039843976586790458,0.11609164982500425
-0.875,-2.25,0.0003960843580103753,0.00039597356883904839,0.016338912401829137
-0.875,-2.125,0.00039365222022989224,0.00039365222022989224,-0.077554996141318555
-0.875,-2,0.00039386721848434569,0.00039203427895738435,-0.14299748473171767
-0.875,-1.875,0.00039075108041017369,0.00039052268056367554,-0.2041386165604519
-0.875,-1.75,0.00038975245681469365,0.00038915764780902176,-0.25935146142068788
-0.875,-1.625,0.00038809088381840687,0.00038779261505436798,-0.31456430628092391
-0.875,-1.5,0.0003864275822997142,0.0003864275822997142,-0.36977715114115994
-0.875,-1.375,0.00038915669734622724,0.00038562086579452249,-0.40240722034315451
-0.875,-1.25,0.00039064186448609502,0.00038486960034435044,-0.43279440527171359
-0.875,-1.125,0.00038431764533208287,0.00038414728123057869,-0.46201076878555297
-0.875,-1,0.00038621980423490787,0.00038348970514021178,-0.48860840648871395
-0.875,-0.875,0.00038590228900117659,0.00038297925002794852,-0.50925529486953824
-0.875,-0.75,0.00038311771138092979,0.00038250452475427197,-0.52845698273920727
-0.875,-0.625,0.00038253542774251869,0.00038207644144489747,-0.54577209643678692
-0.875,-0.5,0.00038403893233754035,0.00038170732088064075,-0.56070228501984287
-0.875,-0.375,0.00038549120188258721,0.00038139945728541004,-0.57315475171973451
-0.875,-0.25,0.00038242745449803308,0.00038109159369017933,-0.58560721841962626
-0.875,-0.125,0.00038390388759799077,0.00038078373009494863,-0.59805968511951801
-0.875,0,0.00038245607522960882,0.00038048123598372687,-0.61029496693021568
-0.875,0.125,0.00038185947197614476,0.00038029058790226548,-0.61800630052916594
-0.875,0.25,0.00038120962724893132,0.00038014391500343678,-0.62393892594098899
-0.875,0.375,0.00038257267576877467,0.00038004507777636328,-0.62793669410165798
-0.875,0.5,0.00038167753846699725,0.00037994624054928978,-0.63193446226232697
-0.875,0.625,0.00038163554445715738,0.00037986600551222932,-0.63517980904134863
-0.875,0.75,0.00038336675864301489,0.00037998656713314531,-0.63030333259853832
-0.875,0.875,0.00038095586687875692,0.00038032450019978868,-0.61663461591894753
-0.875,1,0.0003849365016660202,0.00038066243326643204,-0.60296589923935662
-0.875,1.125,0.00038226747867967103,0.00038100036633307546,-0.5892971825597636
-0.875,1.25,0.00038375009927481903,0.00038133829939971883,-0.57562846588017269
-0.875,1.375,0.00038706774095055471,0.00038173725648064807,-0.55949144987074662
-0.875,1.5,0.00038380680981859753,0.00038214403889536648,-0.54303791476021668
-0.875,1.625,0.00038256647197766337,0.00038256647197766337,-0.52595134144747202
-0.875,1.75,0.00038691561071056555,0.00038306127483256813,-0.50593755557228426
-0.875,1.875,0.00038355607768747295,0.00038355607768747295,-0.48592376969709417
-0.875,2,0.00038628278459941755,0.00038461909745320165,-0.44292674621289974
-0.875,2.125,0.0003907143595839026,0.00038568211721893046,-0.39992972272870092
-0.875,2.25,0.00038813051761196055,0.00038679610369051788,-0.35487119792593264
-0.875,2.375,0.00038855359340900724,0.00038792637100795366,-0.30915414547029035
-0.875,2.5,0.00038954568058479391,0.00038913583266625212,-0.26023384031543434
-0.875,2.625,0.00039213805677507628,0.00039041247233519193,-0.20859631898615683
-0.875,2.75,0.00039284540381831213,0.00039187648386641751,-0.14937998057114438
-0.875,2.875,0.0003954354561896404,0.00039395785088612112,-0.065192847358172934
-0.875,3,0.00039728675798401616,0.00039711023955515365,0.062314969526854919
-0.75,-2.5,0.00040049088364554571,0.00040049088364554571,0.19905526169503307
-0.75,-2.375,0.0003987149383686413,0.00039792812100355616,0.095396638351839674
-0.75,-2.25,0.00039567247113738373,0.00039551020678126666,-0.0024031561113262989
-0.75,-2.125,0.00039645017452812943,0.00039343336859297786,-0.086407107151231455
-0.75,-2,0.00039231111157027256,0.00039178226358619467,-0.15319100246559797
-0.75,-1.875,0.00039146881164993581,0.00039027066519248591,-0.21433213429433001
-0.75,-1.75,0.00039009460861783745,0.00038885677722481378,-0.27152107481073207
-0.75,-1.625,0.00039049920140825747,0.00038749174447015995,-0.32673391967097032
-0.75,-1.5,0.00038725726610431676,0.00038628487446404336,-0.37554939767837409
-0.75,-1.375,0.000386310361853371,0.00038550588348636151,-0.40705802474364983
-0.75,-1.25,0.00038815970429424533,0.00038476848079994441,-0.43688448860384838
-0.75,-1.125,0.00038484077610047898,0.000384051189543721,-0.46589748533557318
-0.75,-1,0.00038514320308730084,0.00038336909329033688,-0.49348691459245403
-0.75,-0.875,0.00038594449285782317,0.00038283411801505631,-0.51512559452700257
-0.75,-0.75,0.00038353879012303454,0.00038236832520102649,-0.53396598226888048
-0.75,-0.625,0.0003819293297659366,0.0003819293297659366,-0.55172246962739646
-0.75,-0.5,0.00038227029339833513,0.00038162146617070589,-0.56417493632728821
-0.75,-0.375,0.0003829757021465188,0.00038131360257547518,-0.57662740302717985
-0.75,-0.25,0.00038232094041780435,0.00038100573898024447,-0.5890798697270716
-0.75,-0.125,0.00038356546188814843,0.00038069787538501376,-0.60153233642696335
-0.75,0,0.00038039001178978305,0.00038039001178978305,-0.61398480312685511
-0.75,0.125,0.00038162816740130724,0.00038029117456270955,-0.6179825712875241
-0.75,0.25,0.00038354242137667076,0.00038019233733563605,-0.62198033944819309
-0.75,0.375,0.00038586656954902861,0.00038009350010856255,-0.62597810760886208
-0.75,0.5,0.00038085290101982748,0.00037999466288148905,-0.62997587576953107
-0.75,0.625,0.0003804047621217922,0.00038000743879449409,-0.6294591156403031
-0.75,0.75,0.00038049120225320518,0.00038015398998434585,-0.62353141311317917
-0.75,0.875,0.00038205017613652549,0.00038049192305098921,-0.60986269643358826
-0.75,1,0.00038184947656336665,0.00038082985611763258,-0.59619397975399746
-0.75,1.125,0.00038156720243958964,0.000381167789184276,-0.58252526307440444
-0.75,1.25,0.0003832135592291256,0.00038154640492710999,-0.56721101350825531
-0.75,1.375,0.00038598223472035247,0.00038194536200803912,-0.55107399749883357
-0.75,1.5,0.00038399776665972514,0.00038235475286735397,-0.53451495602126675
-0.75,1.625,0.00038315651026635353,0.00038280130920718682,-0.51645264518770773
-0.75,1.75,0.00038914339436723656,0.00038329611206209158,-0.49643885931251985
-0.75,1.875,0.00038460547212462037,0.00038412880912879296,-0.46275792835858243
-0.75,2,0.00038710930074831878,0.00038519182889452171,-0.41976090487438583
-0.75,2.125,0.00038725962972034655,0.00038628728201852417,-0.37545201691473429
-0.75,2.25,0.00038962603259617989,0.00038741053516390416,-0.33001867369040438
-0.75,2.375,0.00038885796034910541,0.0003885821531947852,-0.2826290675773282
-0.75,2.5,0.00039047323826771639,0.00038980840935574402,-0.23302945837886574
-0.75,2.625,0.00039196427195005586,0.00039108504902468384,-0.18139193704958823
-0.75,2.75,0.00039318064048707643,0.00039306667257349534,-0.1012392277472603
-0.75,2.875,0.00039541471389801397,0.00039541471389801397,-0.0062656522531311099
-0.625,-2.5,0.00040365586706313852,0.00040002460462035239,0.18019520768401354
-0.625,-2.375,0.00039845195493712381,0.0003974164761392077,0.074701626878672905
-0.625,-2.25,0.00039563170052092303,0.00039516291640158765,-0.016450357388582637
-0.625,-2.125,0.00039408708991888462,0.00039321451695606348,-0.095259218161144354
-0.625,-2,0.00039340745633955428,0.00039153024821500499,-0.16338452019947827
-0.625,-1.875,0.00039029757884899717,0.00039001864982129617,-0.22452565202821251
-0.625,-1.75,0.00039107042672444818,0.0003885559066406057,-0.28369068820078069
-0.625,-1.625,0.00038771155842245563,0.00038726995526022052,-0.33570484963460057
-0.625,-1.5,0.00038614216662837258,0.00038614216662837258,-0.38132164421558606
-0.625,-1.375,0.00038638482062804835,0.00038540476394195543,-0.41114810807578683
-0.625,-1.25,0.00038468431206226887,0.00038466736125553828,-0.44097457193598755
-0.625,-1.125,0.00038845357557532403,0.00038395509785686341,-0.46978420188558895
-0.625,-1,0.00038785359248533349,0.00038327300160347923,-0.49737363114247202
-0.625,-0.875,0.0003891451125640768,0.00038268898600216415,-0.52099589418446468
-0.625,-0.75,0.00038594183221088066,0.00038223212564778095,-0.53947498179855602
-0.625,-0.625,0.00038443392753953644,0.00038187902083319434,-0.55375736533895559
-0.625,-0.5,0.00038365639611892386,0.00038156886132885925,-0.56630269697030122
-0.625,-0.375,0.00038310118145127811,0.00038125984977907632,-0.57880159613592097
-0.625,-0.25,0.00038408964816768478,0.00038095198618384561,-0.59125406283581272
-0.625,-0.125,0.00038390157574423416,0.0003806441225886149,-0.60370652953570447
-0.625,0,0.00038088256625078951,0.00038045369858477645,-0.61140879964296213
-0.625,0.125,0.00038136592853282148,0.00038033959689490882,-0.6160239847947282
-0.625,0.25,0.00038151069960147213,0.00038024075966783532,-0.62002175295539719
-0.625,0.375,0.00038236292598838376,0.00038014192244076187,-0.62401952111606396
-0.625,0.5,0.0003855588524398368,0.00038008028959371455,-0.62651244651343396
-0.625,0.625,0.00038178917858768902,0.00038014887207675886,-0.62373842223925746
-0.625,0.75,0.00038087776017580854,0.00038032141283554633,-0.61675949362782223
-0.625,0.875,0.00038085220064444484,0.00038065934590218969,-0.60309077694823132
-0.625,1,0.00038448513192023922,0.00038099727896883311,-0.5894220602686383
-0.625,1.125,0.00038206629991717527,0.00038135555337357184,-0.57493057714576612
-0.625,1.25,0.00038429275139997143,0.00038175451045450103,-0.55879356113634215
-0.625,1.375,0.00038669796796619231,0.00038215346753543022,-0.5426565451269183
-0.625,1.5,0.00038469677008904664,0.0003825654668393414,-0.52599199728231893
-0.625,1.625,0.00038555891333993708,0.00038303614643671026,-0.50695394892794332
-0.625,1.75,0.00038477993312111962,0.00038367943786647029,-0.48093409717700963
-0.625,1.875,0.00038548081550350528,0.00038470154057011302,-0.43959208702006858
-0.625,2,0.00038835660494047398,0.00038577846034653057,-0.39603283590353161
-0.625,2.125,0.00038764712059199594,0.00038690171349191045,-0.35059949267920604
-0.625,2.25,0.00039041787544453148,0.00038802847372331828,-0.30502429483922211
-0.625,2.375,0.00038974015579147403,0.00038923793538161674,-0.2561039896843661
-0.625,2.5,0.00039054086103224896,0.00039048098604523587,-0.20582507644229933
-0.625,2.625,0.00039284850058823395,0.00039222761496742349,-0.13517742979765487
-0.625,2.75,0.00039511901904522295,0.00039446388155059577,-0.044724919041502414
-0.625,2.875,0.00039923030227426431,0.00039923030227426431,0.14806726638944262
-0.5,-2.625,0.00040280533356985685,0.00040280533356985685,0.29267013223356997
-0.5,-2.5,0.00039987707138065441,0.00039955832559515907,0.161335153672994
-0.5,-2.375,0.00039690483127485928,0.00039690483127485928,0.054006615405508329
-0.5,-2.25,0.00039496380018682947,0.00039493169770001121,-0.025802691429946456
-0.5,-2.125,0.00039334275071311681,0.0003929956653191491,-0.10411132917105725
-0.5,-2,0.00039241780599268925,0.0003912782328438153,-0.17357803793335858
-0.5,-1.875,0.00039001725092394275,0.00038976663445010649,-0.23471916976209281
-0.5,-1.75,0.00038825503605639772,0.00038825503605639772,-0.29586030159082488
-0.5,-1.625,0.00038824535889441701,0.00038720084039872471,-0.33850040755238286
-0.5,-1.5,0.00039023566031646964,0.0003861466447410517,-0.38114051351394096
-0.5,-1.375,0.00039049286239832277,0.0003853036443975493,-0.41523819140792595
-0.5,-1.25,0.0003869966974492866,0.00038456624171113215,-0.44506465526812672
-0.5,-1.125,0.00038782327611500741,0.00038385900617000571,-0.47367091843560916
-0.5,-1,0.00038786814840018226,0.00038317690991662159,-0.50126034769248995
-0.5,-0.875,0.00038397559429109078,0.00038254385398927193,-0.52686619384192901
-0.5,-0.75,0.00038257738781021969,0.00038213887140478705,-0.5432469294191733
-0.5,-0.625,0.00038258526734550268,0.00038182871190045196,-0.55579226105051904
-0.5,-0.5,0.00038267530585540173,0.00038151855239611693,-0.56833759268186246
-0.5,-0.375,0.00038440062877303794,0.00038120839289178184,-0.5808829243132082
-0.5,-0.25,0.00038089823338744675,0.00038089823338744675,-0.59342825594455384
-0.5,-0.125,0.00038232693730531751,0.0003807078093836083,-0.60113052605181161
-0.5,0,0.00038071715646238209,0.0003805173853797699,-0.60883279615906705
-0.5,0.125,0.00038381083158682338,0.00038038801922710808,-0.6140653983019323
-0.5,0.25,0.00038618793797224319,0.00038028918200003458,-0.61806316646260129
-0.5,0.375,0.00038061101930337513,0.00038019034477296113,-0.62206093462326806
-0.5,0.5,0.00038193973215463144,0.00038022172287597921,-0.62079175311239276
-0.5,0.625,0.00038067580337136278,0.00038030330014349146,-0.61749211579605734
-0.5,0.75,0.00038173881636723917,0.00038048883568674686,-0.60998757414246296
-0.5,0.875,0.00038415726507416887,0.00038082676875339028,-0.59631885746286994
-0.5,1,0.00038282958661322089,0.00038116470182003365,-0.58265014078327915
-0.5,1.125,0.00038565212846989076,0.00038156365890096289,-0.56651312477385307
-0.5,1.25,0.00038343576945831521,0.00038196261598189208,-0.55037610876442911
-0.5,1.375,0.00038344828594421865,0.00038236157306282127,-0.53423909275500525
-0.5,1.5,0.00038752541217129861,0.00038277618081132894,-0.5174690385433669
-0.5,1.625,0.00038491480006350263,0.00038327098366623371,-0.49745525266817903
-0.5,1.75,0.00038679852949069,0.00038421125224570433,-0.45942326916575127
-0.5,1.875,0.00038683799403156481,0.00038527427201143303,-0.41642624568155684
-0.5,2,0.00038949457991502588,0.00038639289181991674,-0.37118031166800769
-0.5,2.125,0.00038768143870445895,0.00038751614496529668,-0.32574696844367995
-0.5,2.25,0.00039074434473270955,0.00038868425591014982,-0.27849921694626001
-0.5,2.375,0.00039071932605327334,0.00038989371756844828,-0.22957891179140397
-0.5,2.5,0.00039212318932804291,0.00039138855736135168,-0.16911563184804726
-0.5,2.625,0.00039351304920317757,0.00039351304920317757,-0.083184185829873719
-0.5,2.75,0.00039662010259958468,0.00039662010259958468,0.042489909948001087
-0.375,-2.625,0.00040231229021791323,0.00040231229021791323,0.27272751473415413
-0.375,-2.5,0.00039947764975270853,0.0003990920465699658,0.14247509966197666
-0.375,-2.375,0.00039762259305639879,0.00039670865258965252,0.046071579946265151
-0.375,-2.25,0.00039530048364362305,0.00039470047899843488,-0.03515502547130589
-0.375,-2.125,0.00039648969308497741,0.00039277681368223466,-0.11296344018097235
-0.375,-2,0.00039121730562060632,0.00039102621747262562,-0.18377155566723888
-0.375,-1.875,0.00039082553537784728,0.0003895146190789168,-0.24491268749597311
-0.375,-1.75,0.00039231006255725835,0.0003883099600150928,-0.29363873730952655
-0.375,-1.625,0.0003875586742619685,0.00038720531851140389,-0.3383192768507356
-0.375,-1.5,0.00038675791116581711,0.00038615112285373093,-0.38095938281229141
-0.375,-1.375,0.0003865744262353917,0.00038520252485314322,-0.41932827474006296
-0.375,-1.25,0.00038721589590722173,0.00038446512216672602,-0.44915473860026589
-0.375,-1.125,0.00038609462515372763,0.00038376291448314806,-0.47755763498562709
-0.375,-1,0.00038493105013131558,0.00038308081822976394,-0.50514706424250799
-0.375,-0.875,0.00038239872197637977,0.00038239872197637977,-0.53273649349939101
-0.375,-0.75,0.0003848978060849291,0.00038211800522723708,-0.54409092456871477
-0.375,-0.625,0.00039033032146480544,0.00038183728847809438,-0.55544535563803843
-0.375,-0.5,0.00038295022101854793,0.00038155657172895169,-0.56679978670736209
-0.375,-0.375,0.00038212024253103075,0.00038127585497980894,-0.57815421777668796
-0.375,-0.25,0.00038542656498617944,0.00038100248383712019,-0.58921153375616275
-0.375,-0.125,0.00038153313647050865,0.00038077149617860175,-0.59855452256791641
-0.375,0,0.0003828297901569594,0.0003805810721747633,-0.60625679267517407
-0.375,0.125,0.0003840912561330484,0.00038043644155930735,-0.6121068118091364
-0.375,0.25,0.00038474740957194776,0.0003803376043322339,-0.61610457996980317
-0.375,0.375,0.00038167471976503488,0.00038029457367519967,-0.61784508398552362
-0.375,0.5,0.0003855588992988223,0.00038036315615824393,-0.61507105971134945
-0.375,0.625,0.00038140488909719133,0.000380470722994692,-0.61072019631069818
-0.375,0.75,0.00038134099758777701,0.00038065625853794745,-0.60321565465710159
-0.375,0.875,0.00038557487177783581,0.00038099419160459076,-0.5895469379775129
-0.375,1,0.00038439330017300295,0.0003813728073474248,-0.57423268841136166
-0.375,1.125,0.00038278295222692797,0.00038177176442835394,-0.55809567240193991
-0.375,1.25,0.00038382668872737741,0.00038217072150928313,-0.54195865639251606
-0.375,1.375,0.00038257279612732121,0.00038256967859021237,-0.52582164038308998
-0.375,1.5,0.00038421681398933665,0.00038301101804085234,-0.50797034228360471
-0.375,1.625,0.00038736383795390808,0.00038380279804546769,-0.47594442465692288
-0.375,1.75,0.00038640470707550949,0.00038478398368702434,-0.43625742782723953
-0.375,1.875,0.00038693685246096699,0.00038588407014792308,-0.39176113065680718
-0.375,2,0.00038785323789946186,0.00038700732329330302,-0.34632778743247944
-0.375,2.125,0.00038813057643868296,0.00038813057643868296,-0.3008944442081517
-0.375,2.25,0.00039142694805565319,0.00038934003809698136,-0.25197413905329785
-0.375,2.375,0.00039054949975527982,0.00039054949975527982,-0.20305383389844184
-0.375,2.5,0.00039287564261659323,0.00039277655181124406,-0.1129740323388003
-0.375,2.625,0.00039592188450071641,0.00039553592284664841,-0.0013629926987651086
-0.25,-2.625,0.00040212117234561594,0.00040187276864812568,0.25494974627938732
-0.25,-2.5,0.00039862576754477248,0.00039862576754477248,0.12361504565095713
-0.25,-2.375,0.00039764316849118177,0.00039651247390444581,0.038136544487024165
-0.25,-2.25,0.00039473965117325905,0.00039446926029685855,-0.044507359512665323
-0.25,-2.125,0.00039255796204532023,0.00039255796204532023,-0.12181555119088744
-0.25,-2,0.00039077420210143594,0.00039077420210143594,-0.19396507340111918
-0.25,-1.875,0.00039053609700040546,0.0003895540364657811,-0.24331833303208622
-0.25,-1.75,0.00039207087009931812,0.00038836488397378787,-0.29141717302822823
-0.25,-1.625,0.00038957969949437999,0.00038724763100859505,-0.33660782096434727
-0.25,-1.5,0.00038966387965598472,0.00038615560096641005,-0.38077825211064631
-0.25,-1.375,0.00038890097228097618,0.00038510140530873709,-0.42341835807220213
-0.25,-1.25,0.00038456896258718548,0.00038436400262231989,-0.45324482193240506
-0.25,-1.125,0.00038800192367015584,0.00038366682279629047,-0.48144435153564291
-0.25,-1,0.00038491750293258406,0.00038298472654290625,-0.50903378079252815
-0.25,-0.875,0.00038424170355862212,0.000382518371682358,-0.5278969021919836
-0.25,-0.75,0.00038379227758565839,0.00038221491007045657,-0.54017131747017255
-0.25,-0.625,0.00038246204120369803,0.00038193419332131388,-0.55152574853949621
-0.25,-0.5,0.00038346768013628835,0.00038165347657217118,-0.56288017960881986
-0.25,-0.375,0.0003823637603435212,0.00038137304105902484,-0.5742232352445632
-0.25,-0.25,0.00038469709207367316,0.00038110673428679367,-0.58499481156776945
-0.25,-0.125,0.00038122872070782383,0.00038086222541004852,-0.59488470661435733
-0.25,0,0.00038101695405900441,0.00038064475896975675,-0.60368078919127899
-0.25,0.125,0.00038120363818778641,0.00038048486389150667,-0.61014822531633828
-0.25,0.25,0.00038208272784107518,0.00038038602666443311,-0.61414599347700949
-0.25,0.375,0.00038160270764544819,0.00038043600695746434,-0.61212439058448254
-0.25,0.5,0.00038287515298120336,0.00038050458944050865,-0.60935036631030604
-0.25,0.625,0.00038348298955068156,0.00038063814584589253,-0.60394827682533903
-0.25,0.75,0.00038105056723850819,0.00038082368138914793,-0.59644373517174465
-0.25,0.875,0.00038230257350762296,0.00038118195579388666,-0.58195225204887246
-0.25,1,0.00038473838131569509,0.00038158091287481579,-0.56581523603945072
-0.25,1.125,0.00038451750137285731,0.00038197986995574504,-0.54967822003002464
-0.25,1.25,0.00038420262294863093,0.00038237882703667423,-0.53354120402060079
-0.25,1.375,0.00038449927100107131,0.00038277778411760342,-0.51740418801117694
-0.25,1.5,0.0003880157008373297,0.00038339434384523111,-0.49246558014809227
-0.25,1.625,0.00038720437208666447,0.00038433461242470173,-0.45443359664566452
-0.25,1.75,0.00038623418357767829,0.00038537524847592937,-0.41234194964560889
-0.25,1.875,0.00038849015118574796,0.00038649850162130936,-0.36690860642127893
-0.25,2,0.00038939507860216629,0.00038767094807190804,-0.31948549238746349
-0.25,2.125,0.00038978724653360831,0.0003888665290273191,-0.27112663390299691
-0.25,2.25,0.00039037660261253751,0.00039007599068561751,-0.22220632874814308
-0.25,2.375,0.00039250239899054528,0.00039204005441931055,-0.14276387884772687
-0.25,2.5,0.00039753511496765841,0.00039457765159011863,-0.040123148482881815
-0.125,-2.625,0.00040143324707833818,0.00040143324707833818,0.23717197782462271
-0.125,-2.5,0.00039898586710265034,0.00039853919714038502,0.12011344593429318
-0.125,-2.375,0.00039646126059829064,0.00039631629521923916,0.030201509027785373
-0.125,-2.25,0.00039567464495477832,0.00039423804159528222,-0.053859693554024757
-0.125,-2.125,0.00039252765611113503,0.00039239051249757091,-0.12858855049825169
-0.125,-2,0.00039307061641220847,0.00039081361948830023,-0.19237071893723229
-0.125,-1.875,0.00039209745475308035,0.00038959345385264539,-0.24172397856819933
-0.125,-1.75,0.000390023494180419,0.00038841980793248294,-0.28919560874692996
-0.125,-1.625,0.00038946320038848271,0.00038730255496729013,-0.334386256683049
-0.125,-1.5,0.00038695629778919574,0.00038618530200209726,-0.37957690461917015
-0.125,-1.375,0.00038789161624558501,0.00038510588342141627,-0.4232372273705548
-0.125,-1.25,0.00038456276258069582,0.00038426288307791387,-0.45733490526453985
-0.125,-1.125,0.00038577289420640699,0.00038357073110943278,-0.48533106808566306
-0.125,-1,0.00038372255683879726,0.00038303246245127254,-0.50710295877092848
-0.125,-0.875,0.0003864124826990418,0.00038263802138833623,-0.52305731088457619
-0.125,-0.75,0.00038240899026978321,0.00038231181491367607,-0.53625171037163033
-0.125,-0.625,0.00038684524919072228,0.00038203109816453338,-0.5476061414409541
-0.125,-0.5,0.00038257196485225241,0.00038175038141539063,-0.55896057251027997
-0.125,-0.375,0.00038197526945894084,0.0003814705083742372,-0.57028087727885368
-0.125,-0.25,0.00038371187939103364,0.00038121098473646711,-0.58077808937937836
-0.125,-0.125,0.00038493899344054086,0.00038096647585972201,-0.59066798442596402
-0.125,0,0.0003818370723579998,0.00038072196698297692,-0.60055787947254968
-0.125,0.125,0.00038818523905776825,0.00038053328622370593,-0.60818963882354238
-0.125,0.25,0.00038201595551349871,0.0003805088577566848,-0.6091777214576134
-0.125,0.375,0.00038152761868570569,0.00038057744023972911,-0.60640369718343701
-0.125,0.5,0.00038480315013533355,0.00038064602272277342,-0.60362967290926051
-0.125,0.625,0.00038340589230333291,0.00038080556869709306,-0.59717635733997976
-0.125,0.75,0.00038099110424034846,0.00038099110424034846,-0.58967181568638538
-0.125,0.875,0.00038407295420323184,0.00038139006132127765,-0.57353479967696153
-0.125,1,0.00038684000005391158,0.00038178901840220684,-0.55739778366753767
-0.125,1.125,0.00038352149849328924,0.00038218797548313609,-0.5412607676581116
-0.125,1.25,0.00038496511349604424,0.00038258693256406528,-0.52512375164868774
-0.125,1.375,0.00038298588964499447,0.00038298588964499447,-0.50898673563926389
-0.125,1.5,0.00038708962517337701,0.00038392615822446509,-0.47095475213683613
-0.125,1.625,0.00038486642680393571,0.00038486642680393571,-0.43292276863440837
-0.125,1.75,0.00038720106955745425,0.00038603887325453439,-0.38549965460059299
-0.125,1.875,0.000387385306696631,0.00038721131970513313,-0.33807654056677539
-0.125,2,0.00038955711237144555,0.00038839301995765684,-0.29027912875269596
-0.125,2.125,0.00039061389845885039,0.00038960248161595525,-0.24135882359784214
-0.125,2.25,0.00039262585780383205,0.00039130355702737704,-0.17255372535665345
-0.125,2.375,0.00039491702757017412,0.00039367464085743515,-0.076648126598462984
-0.125,2.5,0.00039689131455954824,0.00039676672206534187,0.048420374098948116
0,-2.75,0.00040438911386980752,0.00040438911386980752,0.35673087780597479
0,-2.625,0.00040124191290492759,0.00040116408820614857,0.22628503976229744
0,-2.5,0.00039848866012390184,0.0003984526267359975,0.11661184621762705
0,-2.375,0.00039682538264970734,0.0003962297248148517,0.026699909311121428
0,-2.25,0.00039400682289370584,0.00039400682289370584,-0.063212027595386383
0,-2.125,0.00039373354660415198,0.00039235926588662625,-0.12985241341774148
0,-2,0.00039138456732287536,0.00039085303687516447,-0.19077636447334759
0,-1.875,0.00039213550646641481,0.00038964032167491616,-0.23982826889299122
0,-1.75,0.00038897053229359271,0.00038847473189117796,-0.28697404446563385
0,-1.625,0.00038766347111075615,0.00038735747892598514,-0.33216469240175284
0,-1.5,0.0003864053016479534,0.00038624022596079227,-0.3773553403378741
0,-1.375,0.00038668189403039252,0.00038512297299559946,-0.42254598827399309
0,-1.25,0.00038629579836026184,0.00038416176353350774,-0.46142498859667902
0,-1.125,0.00038840449253712249,0.00038354655322018707,-0.48630901534987336
0,-1,0.00038436553530638441,0.00038315211215725077,-0.50226336746352107
0,-0.875,0.00038350777013982247,0.00038275767109431441,-0.51821771957717089
0,-0.75,0.00038365098813918774,0.00038240871975689557,-0.53233210327308811
0,-0.625,0.000384913024183386,0.00038212800300775282,-0.54368653434241399
0,-0.5,0.00038623629493801274,0.00038184784873060293,-0.55501821454457256
0,-0.375,0.00038389129246725389,0.00038156797568944956,-0.56633851931314405
0,-0.25,0.00038148161231238323,0.00038131523518614049,-0.57656136719098938
0,-0.125,0.00038226283772063442,0.00038107072630939545,-0.58645126223757293
0,0,0.00038235397849360211,0.0003808262174326503,-0.59634115728416082
0,0.125,0.0003805817085559052,0.0003805817085559052,-0.60623105233074648
0,0.25,0.00038195438816742436,0.00038065029103894951,-0.60345702805657009
0,0.375,0.00038250075670673891,0.00038071887352199383,-0.60068300378239359
0,0.5,0.00038078745600503814,0.00038078745600503814,-0.59790897950821709
0,0.625,0.00038295448632279206,0.00038101401381027692,-0.58874516940191923
0,0.75,0.00038214668620822326,0.00038129149616261308,-0.57752156321462633
0,0.875,0.00038343780336245982,0.00038168106978008219,-0.56176408953523549
0,1,0.0003867805689270728,0.00038208002686101138,-0.54562707352581163
0,1.125,0.00038496164820478511,0.00038247898394194052,-0.52949005751638989
0,1.25,0.00038395185155881223,0.00038287794102286976,-0.51335304150696381
0,1.375,0.00038490772698121159,0.00038363882071745971,-0.48257697962018975
0,1.5,0.00038623559524487088,0.00038457908929693033,-0.44454499611776205
0,1.625,0.00039211249028682775,0.00038557924488775958,-0.40409070277990045
0,1.75,0.00038758639241338167,0.00038675169133835826,-0.35666758874608501
0,1.875,0.00038831614227152246,0.00038792413778895705,-0.30924447471226524
0,2,0.00039203874256679255,0.00038912897254629304,-0.260511318447539
0,2.125,0.00039154015399584451,0.00039056705963544353,-0.20234357186558002
0,2.25,0.0003931875086127309,0.00039288053075586408,-0.10876829198680957
0,2.375,0.00039645531052286245,0.00039565713179528291,0.0035396668556030852
0.125,-2.75,0.00040386388926225131,0.00040386388926225131,0.33548659287954108
0.125,-2.625,0.0004010188754765953,0.00040100260781142187,0.21975348075639195
0.125,-2.5,0.000398937212573973,0.00039836605633161005,0.1131102465009631
0.125,-2.375,0.00039646292656716624,0.00039614315441046418,0.023198309594455291
0.125,-2.25,0.00039396210795829354,0.00039396210795829354,-0.065020657302942764
0.125,-2.125,0.00039264689445370031,0.00039234148760014932,-0.1305715095491603
0.125,-2,0.00039106293475139848,0.00039089245426202871,-0.18918201000946289
0.125,-1.875,0.00039111553161236799,0.00038968718949718693,-0.23793255921778311
0.125,-1.75,0.0003903178330163151,0.00038852965584987303,-0.28475248018433552
0.125,-1.625,0.000388413875124815,0.00038741240288468016,-0.32994312812045679
0.125,-1.5,0.00038961415942670875,0.00038629514991948735,-0.37513377605657577
0.125,-1.375,0.0003859847622102936,0.00038517789695429453,-0.42032442399269476
0.125,-1.25,0.00038406064398910166,0.00038406064398910166,-0.46551507192881603
0.125,-1.125,0.00038445515566560597,0.0003836662029261653,-0.4814694240424659
0.125,-1,0.00038430409606652997,0.00038327176186322894,-0.49742377615611577
0.125,-0.875,0.00038499020292066024,0.00038287732080029263,-0.51337812826976348
0.125,-0.75,0.0003829501919474787,0.00038250562460011501,-0.52841249617454822
0.125,-0.625,0.00038404453685891068,0.00038222518908696872,-0.53975555181028922
0.125,-0.5,0.00038254586639889602,0.00038194531604581535,-0.55107585657886071
0.125,-0.375,0.00038204544376640418,0.00038166722121878139,-0.56232423614273042
0.125,-0.25,0.00038191178234045519,0.00038141948563581404,-0.57234464500259397
0.125,-0.125,0.0003819969909293394,0.00038117497675906888,-0.58223454004918174
0.125,0,0.00038426676300378989,0.00038093046788232379,-0.59212443509576751
0.125,0.125,0.00038244850498439623,0.00038079875613299189,-0.59745191193274383
0.125,0.25,0.00038098405987504439,0.00038085242724419775,-0.59528102282668949
0.125,0.375,0.00038115011319870217,0.00038092100972724206,-0.59250699855251299
0.125,0.5,0.00038169828700518918,0.00038103692338020538,-0.58781852311745297
0.125,0.625,0.00038602765753978851,0.0003812634811854441,-0.57865471301115723
0.125,0.75,0.00038388885236986255,0.00038159188808487758,-0.5653713107428715
0.125,0.875,0.00038605152114374805,0.00038197207823888668,-0.54999337939351167
0.125,1,0.0003832925902584294,0.00038237103531981587,-0.53385636338408782
0.125,1.125,0.00038313607122280723,0.00038276999240074511,-0.51771934737466174
0.125,1.25,0.00038434975569786814,0.00038338961176117973,-0.49265698348380227
0.125,1.375,0.0003845612430789225,0.00038429175178992489,-0.45616722360111794
0.125,1.5,0.00038689417752161886,0.00038523202036939552,-0.41813524009869019
0.125,1.625,0.00038778725560610801,0.0003862920629715834,-0.37525863692539463
0.125,1.75,0.00038890446359149145,0.00038746450942218213,-0.32783552289157702
0.125,1.875,0.00038967309939337677,0.00038865546347663073,-0.27966381329724022
0.125,2,0.00039140652994794589,0.00038998575026929626,-0.22585637310750478
0.125,2.125,0.00039296698150523816,0.00039208642065429296,-0.14088845737515834
0.125,2.25,0.00039469142162964143,0.00039469142162964143,-0.035521377924263409
0.25,-2.75,0.00040396476402716958,0.0004038034013537535,0.33303997795662177
0.25,-2.625,0.00040088077652041269,0.00040084112741669528,0.21322192175049084
0.25,-2.5,0.00039893776994636809,0.00039827948592722248,0.10960864678429477
0.25,-2.375,0.00039736524065172381,0.00039607751174056425,0.020543194882342936
0.25,-2.25,0.00039440888126766107,0.00039397753988025704,-0.064396466923363427
0.25,-2.125,0.00039232370931367228,0.00039232370931367228,-0.13129060568058351
0.25,-2,0.000390931871648893,0.000390931871648893,-0.18758765554557599
0.25,-1.875,0.00039274823896349922,0.00038973405731945781,-0.23603684954257062
0.25,-1.75,0.00038980145261852784,0.00038858457980856805,-0.28253091590303947
0.25,-1.625,0.00038894955284012056,0.00038746732684337524,-0.32772156383915846
0.25,-1.5,0.00038729728925758115,0.00038635007387818242,-0.37291221177527745
0.25,-1.375,0.00038740134727939009,0.00038523282091298955,-0.41810285971139871
0.25,-1.25,0.00038545113728562068,0.00038426803935349388,-0.45712634422987952
0.25,-1.125,0.00038453104630049433,0.0003838004041299191,-0.47604125375303241
0.25,-1,0.00038667111125464677,0.0003834011125677242,-0.49219179886069175
0.25,-0.875,0.00038611165090659513,0.00038300182100552935,-0.50834234396834888
0.25,-0.75,0.0003826025294433345,0.0003826025294433345,-0.524492889076006
0.25,-0.625,0.00038339022404584568,0.00038232265640218108,-0.5358131938445797
0.25,-0.5,0.00038925908191577254,0.00038204278336102766,-0.54713349861315341
0.25,-0.375,0.00038515676622537037,0.00038176824496223257,-0.55823802776761711
0.25,-0.25,0.0003816695756508201,0.00038152373608548747,-0.56812792281420277
0.25,-0.125,0.00038192033623209013,0.00038127922720874232,-0.57801781786079065
0.25,0,0.0003842646110960628,0.00038107983718296254,-0.58608274562353135
0.25,0.125,0.00038450296874259498,0.00038101580371007859,-0.58867277153474129
0.25,0.25,0.00038220876365157235,0.00038105456344944609,-0.58710501759680445
0.25,0.375,0.00038184783157355382,0.00038112314593249035,-0.58433099332263028
0.25,0.5,0.00038534605902319758,0.00038128639075537261,-0.57772806672668886
0.25,0.625,0.00038278066470180428,0.00038151294856061133,-0.568564256620393
0.25,0.75,0.00038329628198878853,0.0003818922800071422,-0.55322105827111245
0.25,0.875,0.00038358635051555234,0.00038227247016115124,-0.53784312692175473
0.25,1,0.000383519277290755,0.00038266204377862035,-0.52208565324236389
0.25,1.125,0.00038401389262513505,0.00038317133199930226,-0.50148596329222228
0.25,1.25,0.00038768193520172147,0.00038402178356984791,-0.46708689816679172
0.25,1.375,0.0003891106989119792,0.00038494468286239013,-0.42975746758204386
0.25,1.5,0.00038588699141223762,0.00038588699141223762,-0.39164297135781267
0.25,1.625,0.00039186411457294761,0.00038700488105540722,-0.34642657107088892
0.25,1.75,0.00038998433860900478,0.00038818195440696842,-0.29881630814694149
0.25,1.875,0.00039084475146789388,0.00038948203491604219,-0.24623065171592534
0.25,2,0.00039331313306709652,0.00039132111690754075,-0.17184346332379163
0.25,2.125,0.00039463198397464671,0.00039383623251169268,-0.070112067367054443
0.25,2.25,0.00039691334153109901,0.00039691334153109901,0.054350838249892952
0.375,-2.75,0.00040378845201835068,0.00040374291344525564,0.33059336303370029
0.375,-2.625,0.00040067964702196864,0.00040067964702196864,0.20669036274458755
0.375,-2.5,0.00039819291552283496,0.00039819291552283496,0.10610704706762863
0.375,-2.375,0.00039609111839203158,0.00039609111839203158,0.021093556720893497
0.375,-2.25,0.00039399297180222047,0.00039399297180222047,-0.063772276543786283
0.375,-2.125,0.00039415556595103873,0.00039247723647567917,-0.12508073903172892
0.375,-2,0.00039274255950031648,0.00039102724530499985,-0.18372998190336623
0.375,-1.875,0.00039141947013718607,0.00038978092514172863,-0.23414113986736032
0.375,-1.75,0.00039006711628867061,0.00038863950376726312,-0.28030935162174114
0.375,-1.625,0.0003880248624016618,0.00038752225080207031,-0.32549999955786013
0.375,-1.5,0.00039504475204625789,0.00038640499783687744,-0.3706906474939814
0.375,-1.375,0.00038801050630229555,0.00038533661502143613,-0.41390459561295123
0.375,-1.25,0.00038924077631877641,0.00038447543471788621,-0.44873761653093869
0.375,-1.125,0.00038431753762420195,0.00038397977034394901,-0.46878624912795053
0.375,-1,0.0003873616866306264,0.00038354016427073648,-0.48656743557725102
0.375,-0.875,0.00038368401524901621,0.00038314087270854163,-0.50271798068490814
0.375,-0.75,0.00038563165397735761,0.00038274158114634684,-0.51886852579256304
0.375,-0.625,0.00038342614164775957,0.00038242012371739339,-0.53187083587887229
0.375,-0.5,0.00038496744291452385,0.00038214025067624002,-0.54319114064744378
0.375,-0.375,0.00038381867632953341,0.000381872495411906,-0.55402130557922602
0.375,-0.25,0.00038434480031925716,0.00038162798653516091,-0.56391120062581168
0.375,-0.125,0.00038389468551131012,0.00038138347765841575,-0.57380109567239956
0.375,0,0.00038285987025234798,0.00038129688476004918,-0.57730360522553092
0.375,0.125,0.00038395212502163737,0.00038123285128716528,-0.57989363113673864
0.375,0.25,0.00038310787831723572,0.00038125669965469427,-0.57892901236692618
0.375,0.375,0.00038189447731582128,0.00038134894772269811,-0.57519776251230681
0.375,0.5,0.0003819308660203591,0.00038153585813053978,-0.56763761033592686
0.375,0.625,0.00038200248828866703,0.00038181334048287589,-0.55641400414863607
0.375,0.75,0.00038219267192940676,0.00038219267192940676,-0.54107080579935551
0.375,0.875,0.00038784835177334991,0.0003825728620834158,-0.52569287444999779
0.375,1,0.00038295305223742484,0.00038295305223742484,-0.51031494310064007
0.375,1.125,0.00038482211544192864,0.00038379333387736505,-0.47632723132833854
0.375,1.25,0.00038473765206120317,0.0003846573453553847,-0.44137969506539976
0.375,1.375,0.00038810381959423405,0.00038559761393485532,-0.403347711562972
0.375,1.5,0.00038802762728327387,0.00038658162389358506,-0.36354647675227147
0.375,1.625,0.00038970175841339339,0.00038771769913923109,-0.31759450521638094
0.375,1.75,0.00039016230395840949,0.00038897831956278813,-0.2666049303243459
0.375,1.875,0.00039091072300931231,0.00039058461951560719,-0.2016333098327204
0.375,2,0.00039334975270156831,0.00039304212241012161,-0.10223223275540103
0.375,2.125,0.00039612275770569441,0.00039577834074391735,0.0084423264099690865
0.5,-2.875,0.00040678794598817541,0.00040678794598817541,0.45375883932971917
0.5,-2.75,0.00040383203068439499,0.00040368242553675778,0.32814674811077882
0.5,-2.625,0.0004012510491984624,0.00040073704916164315,0.20901216449014209
0.5,-2.5,0.00039875290554124214,0.00039835224790873801,0.112551723412635
0.5,-2.375,0.00039761481823280385,0.00039615991383999802,0.023876195000239797
0.5,-2.25,0.00039445004747203452,0.00039414396874757333,-0.057664752098154054
0.5,-2.125,0.0003945076540967704,0.000392630763637686,-0.11887087238287652
0.5,-2,0.00039145653236146593,0.00039112261896110669,-0.17987230826115647
0.5,-1.875,0.00039175616548072639,0.0003898277929639994,-0.23224543019215221
0.5,-1.75,0.00039059345648980934,0.0003886944277259582,-0.27808778734044282
0.5,-1.625,0.00038989599584415596,0.00038757717476076533,-0.32327843527656408
0.5,-1.5,0.00038968106288774933,0.00038650879194532402,-0.36649238339553392
0.5,-1.375,0.00038928994517021479,0.00038544040912988277,-0.40970633151450159
0.5,-1.25,0.00038535727006736882,0.00038468283008227843,-0.44034888883200218
0.5,-1.125,0.00038633957583933062,0.00038417718258426187,-0.46080131883177589
0.5,-1,0.00038476924904439131,0.00038371146758256285,-0.47963855922049781
0.5,-0.875,0.00038635085090709038,0.00038327992441155391,-0.4970936174014674
0.5,-0.75,0.00038613269770476698,0.00038288063284935906,-0.51324416250912452
0.5,-0.625,0.00038380759146611096,0.00038251936924672521,-0.52785655270845866
0.5,-0.5,0.00038306860597085577,0.00038223771799145238,-0.53924878268173426
0.5,-0.375,0.00038312927794023648,0.00038197674586157949,-0.54980458339083271
0.5,-0.25,0.00038610063493348351,0.00038173223698483434,-0.5596944784374206
0.5,-0.125,0.00038210562042166634,0.00038157796581001982,-0.56593443891631834
0.5,0,0.00038568509090919481,0.00038151393233713593,-0.56852446482752605
0.5,0.125,0.00038306043816100315,0.00038144989886425198,-0.57111449073873599
0.5,0.25,0.00038278731055841627,0.00038145883585994261,-0.57075300713704114
0.5,0.375,0.00038408594903154762,0.00038159841509786529,-0.56510730612154481
0.5,0.5,0.00038595242207927058,0.00038178532550570696,-0.55754715394516485
0.5,0.625,0.00038223498082526672,0.00038211373240514045,-0.54426375167687913
0.5,0.75,0.00038568966060330767,0.00038249392255914949,-0.52888582032752152
0.5,0.875,0.00038500828078134284,0.0003829667637815186,-0.5097603385651357
0.5,1,0.00038925120455605641,0.00038357505411548758,-0.48515621113675855
0.5,1.125,0.00038453476385395179,0.00038442211570916473,-0.45089426379570502
0.5,1.25,0.00038664932499897161,0.00038531027642784988,-0.41496993904632784
0.5,1.375,0.00038783912395923254,0.0003862658054571992,-0.37632070086720659
0.5,1.5,0.00038880565767946638,0.00038727625637493255,-0.33544998214672817
0.5,1.625,0.00039005975058387229,0.00038847460420953406,-0.28697920893276646
0.5,1.75,0.00039474957859286927,0.00038992571613656672,-0.22828463370814936
0.5,1.875,0.0003930869968550505,0.0003922480123085506,-0.13435239814374542
0.5,2,0.00039488669729132266,0.00039486293182938118,-0.028584133365189945
0.625,-2.875,0.00040677480100168441,0.00040677480100168441,0.45322715091613086
0.625,-2.75,0.00040362193762825992,0.00040362193762825992,0.32570013318785734
0.625,-2.625,0.00040079445130131771,0.00040079445130131771,0.21133396623569883
0.625,-2.5,0.00039862033802030654,0.00039851158029464105,0.11899639975764137
0.625,-2.375,0.00039622870928796445,0.00039622870928796445,0.026658833279586097
0.625,-2.25,0.00039432326317462616,0.00039429496569292624,-0.051557227652519633
0.625,-2.125,0.00039341536869063568,0.00039278429079969289,-0.11266100573402194
0.625,-2,0.00039201483635266013,0.00039127614612311353,-0.17366244161230407
0.625,-1.875,0.0003937818482311837,0.00038987466078627028,-0.23034972051693972
0.625,-1.75,0.00039099357115396306,0.00038874935168465322,-0.27586622305914676
0.625,-1.625,0.00039099726397059107,0.00038768096886921191,-0.3190801711781166
0.625,-1.5,0.00038686719535350095,0.00038661258605377066,-0.36229411929708427
0.625,-1.375,0.00038966385183436146,0.00038554420323832936,-0.40550806741605416
0.625,-1.25,0.00038515596429443237,0.00038489022544667059,-0.4319601611330679
0.625,-1.125,0.00038550651043875071,0.00038438457794865409,-0.45241259113283944
0.625,-1,0.00038559668794430432,0.0003838988966987963,-0.47205742632708725
0.625,-0.875,0.00038391928048311377,0.00038344316482117675,-0.49049086931304287
0.625,-0.75,0.00038396797759635411,0.00038301968455237124,-0.50761979922568823
0.625,-0.625,0.00038761712471982072,0.00038262039299017644,-0.52377034433334313
0.625,-0.5,0.00038233518530666474,0.00038233518530666474,-0.53530642471602463
0.625,-0.375,0.0003822076741445308,0.00038208099631125293,-0.54558786120244163
0.625,-0.25,0.00038210278058460601,0.00038185904685999046,-0.55456527260710586
0.625,-0.125,0.00038452328606012622,0.00038179501338710651,-0.55715529851831569
0.625,0,0.00038359161143706626,0.00038173097991422262,-0.55974532442952341
0.625,0.125,0.00038475788096822302,0.00038166694644133873,-0.56233535034073112
0.625,0.25,0.00038166097206519085,0.00038166097206519085,-0.56257700190716053
0.625,0.375,0.00038420703532787855,0.00038184788247303252,-0.55501684973078058
0.625,0.5,0.00038203479288087414,0.00038203479288087414,-0.54745669755440285
0.625,0.625,0.00038440286408331011,0.00038250763410324325,-0.52833121579201703
0.625,0.75,0.00038298047532561236,0.00038298047532561236,-0.50920573402963121
0.625,0.875,0.00038545458509330093,0.00038350858225259072,-0.48784486504721053
0.625,1,0.00038501534925515241,0.00038419705599355026,-0.45999747917287914
0.625,1.125,0.00038531634859473735,0.00038505767749470146,-0.42518706069431522
0.625,1.25,0.0003867336395930253,0.00038596320750031513,-0.38856018302725381
0.625,1.375,0.00038913247824229227,0.00038696043793854664,-0.34822420626166545
0.625,1.5,0.00038797088885628004,0.00038797088885628004,-0.30735348754118486
0.625,1.625,0.00038952954073876768,0.0003894220007833127,-0.24865891231656773
0.625,1.75,0.00039199059284603089,0.00039145390220697948,-0.16647256353209419
0.625,1.875,0.00039399782416595026,0.00039399782416595026,-0.063576008135643708
0.75,-2.875,0.00040686949458148305,0.00040686949458148305,0.45705731683182649
0.75,-2.75,0.00040378872794893418,0.00040378869100158687,0.33244497363218584
0.75,-2.625,0.00040139874861974304,0.00040108592715824897,0.22312358169685415
0.75,-2.5,0.00039955582190985523,0.00039876412738737378,0.12921142456449469
0.75,-2.375,0.00039655171379837542,0.00039648125638069712,0.036873858086437228
0.75,-2.25,0.00039444596263827914,0.00039444596263827914,-0.045449703206885211
0.75,-2.125,0.00039517682694479618,0.00039293781796169978,-0.10645113908516735
0.75,-2,0.00039499878016784995,0.00039142967328512041,-0.16745257496344948
0.75,-1.875,0.0003899215286085411,0.0003899215286085411,-0.22845401084172942
0.75,-1.75,0.00038942782840422697,0.0003888531457930998,-0.27166795896069929
0.75,-1.625,0.00039047026529442404,0.00038778476297765855,-0.31488190707966696
0.75,-1.5,0.00038836269845699711,0.00038671638016221725,-0.35809585519863685
0.75,-1.375,0.00038780409857252672,0.00038575159860272158,-0.39711933971711766
0.75,-1.25,0.00038740785486462168,0.00038509762081106287,-0.42357143343412923
0.75,-1.125,0.00038472739898744098,0.00038459197331304631,-0.44402386343390299
0.75,-1,0.00038629202281335244,0.00038408632581502975,-0.46447629343367669
0.75,-0.875,0.00038469536448366092,0.0003836305939374102,-0.48290973641963231
0.75,-0.75,0.0003855146118207612,0.00038317486205979059,-0.50134317940559014
0.75,-0.625,0.00038276015938357985,0.00038275944469318878,-0.51814598104990028
0.75,-0.5,0.00038353091695992854,0.00038243620905011597,-0.53122021634090921
0.75,-0.375,0.00038273838288372845,0.00038218524676092631,-0.54137113901405265
0.75,-0.25,0.0003847060236806357,0.0003820760944370771,-0.54578613220910543
0.75,-0.125,0.00038371938115530461,0.00038201206096419321,-0.54837615812031315
0.75,0,0.00038376113305854285,0.00038194802749130937,-0.55096618403151865
0.75,0.125,0.00038359644004611727,0.00038188399401842537,-0.55355620994273069
0.75,0.25,0.00038330408368203423,0.00038197446203427232,-0.54989695963775331
0.75,0.375,0.00038312821906711779,0.00038221506503808862,-0.54016504933939169
0.75,0.5,0.00038450207096463375,0.00038253911824164265,-0.52705774536203809
0.75,0.625,0.00038346769321804316,0.00038301195946401171,-0.50793226359965438
0.75,0.75,0.00038588184356309028,0.00038350257328068651,-0.48808791594279188
0.75,0.875,0.00038489009829218443,0.00038407998149765995,-0.46473290838265013
0.75,1,0.00038695209583740158,0.00038482244784848149,-0.43470162942462054
0.75,1.125,0.00038595084004385721,0.00038569323928023814,-0.39947985759292759
0.75,1.25,0.00038849150145318473,0.00038664461950216079,-0.36099843037660051
0.75,1.375,0.00038953383116676797,0.00038772123877144895,-0.31745133417243276
0.75,1.5,0.00039076810521931373,0.00038891828543005869,-0.26903319092498612
0.75,1.625,0.00039214624501618232,0.00039065979210540841,-0.19859272892044078
0.75,1.75,0.00039362084786251871,0.0003932106522195413,-0.095415539023993551
0.75,1.875,0.0003958995496925518,0.0003958995496925518,0.013344985964335088
0.875,-2.875,0.00040722000939032757,0.00040722000939032757,0.47123493981996945
0.875,-2.75,0.00040395544437491377,0.00040395544437491377,0.33918981407651216
0.875,-2.625,0.00040194270700699507,0.00040137740301518027,0.23491319715801165
0.875,-2.5,0.00039920871259303776,0.00039903613886220572,0.14021374469849682
0.875,-2.375,0.00039816063827611566,0.0003967338034734298,0.047088882893288359
0.875,-2.25,0.00039491775850588711,0.0003947640318987925,-0.032584437757640833
0.875,-2.125,0.00039407551577931701,0.00039321621441312153,-0.095190559418060261
0.875,-2,0.00039255659104116812,0.00039170806973654217,-0.1561919952963424
0.875,-1.875,0.00039105050608282343,0.00039025438550830175,-0.21499061496021088
0.875,-1.75,0.00038961213183142637,0.00038895693990154638,-0.26746969486225181
0.875,-1.625,0.00039007654901729728,0.00038788855708610513,-0.31068364298121953
0.875,-1.5,0.00038836814050866253,0.00038682017427066383,-0.35389759110018937
0.875,-1.375,0.00038823607517784287,0.00038595899396711385,-0.38873061201817899
0.875,-1.25,0.00039330120704999421,0.00038530501617545514,-0.41518270573519056
0.875,-1.125,0.00038599223108985779,0.00038479936867743858,-0.43563513573496426
0.875,-1,0.00038463623054022341,0.00038429372117942202,-0.45608756573473802
0.875,-0.875,0.00038413020689367358,0.00038381802305364365,-0.47532860352622175
0.875,-0.75,0.00038404603927223924,0.00038336229117602409,-0.49376204651217742
0.875,-0.625,0.00038368430231556578,0.00038290655929840449,-0.51219548949813531
0.875,-0.5,0.00038419543401264602,0.00038253723279356715,-0.52713400796579579
0.875,-0.375,0.00038489706607635108,0.00038235717548704774,-0.53441696589989285
0.875,-0.25,0.00038769389515133336,0.00038229314201416385,-0.53700699181110056
0.875,-0.125,0.00038615891914813472,0.0003822291085412799,-0.5395970177223105
0.875,0,0.00038350946386426593,0.00038216507506839601,-0.54218704363351822
0.875,0.125,0.00038210104159551212,0.00038210104159551212,-0.54477706954472593
0.875,0.25,0.00038315798377374532,0.00038239533719530309,-0.53287340112438053
0.875,0.375,0.00038388721343982009,0.00038268963279509418,-0.52096973270403069
0.875,0.5,0.00038709176512737617,0.00038304344360241116,-0.50665879316967322
0.875,0.625,0.00038548109386603335,0.00038351628482478028,-0.4875333114072874
0.875,0.75,0.00038527219798504468,0.00038406411226775671,-0.46537478699377655
0.875,0.875,0.00038576499379954952,0.00038465138074272908,-0.44162095171809418
0.875,1,0.00038609785046548288,0.00038545800963401823,-0.40899442632323069
0.875,1.125,0.00038632880106577493,0.00038632880106577493,-0.37377265449153563
0.875,1.25,0.00038839216629665699,0.00038747158868661792,-0.32754918080367851
0.875,1.375,0.00038877423871254467,0.00038864150582634425,-0.28022837233602771
0.875,1.5,0.00038986568200383734,0.00038986568200383734,-0.23071289430878736
0.875,1.625,0.00039364994645136399,0.00039242348027313233,-0.12725506991234339
0.875,1.75,0.00039555146728919102,0.00039504682814428505,-0.021145895219958188
1,-3,0.00041922373828101817,0.00041922373828101817,0.9567617659906229
1,-2.875,0.00040764315483141631,0.00040764315483141631,0.48835032662112693
1,-2.75,0.00040467583092808037,0.00040456044339896283,0.36366081460124838
1,-2.625,0.00040166887887211158,0.00040166887887211158,0.24670281261916915
1,-2.5,0.00039953735290980196,0.00039932761471913702,0.15200336015965432
1,-2.375,0.00039698635056616247,0.00039698635056616247,0.057303907700139489
1,-2.25,0.00039630304183062,0.00039508210115930586,-0.019719172308396454
1,-2.125,0.00039374794105258428,0.00039353428367363489,-0.082325293968815882
1,-2,0.00039198646618796392,0.00039198646618796392,-0.14493141562923531
1,-1.875,0.00039273694457173016,0.00039058724240806234,-0.20152721907869453
1,-1.75,0.00038997634199995943,0.00038928666693827205,-0.25413289568077208
1,-1.625,0.00039151640546729728,0.00038799235119455172,-0.30648537888277205
1,-1.5,0.00038766361666641986,0.00038692396837911047,-0.34969932700173972
1,-1.375,0.00038853121146411121,0.00038616638933150612,-0.38034188431924032
1,-1.25,0.00039006772691697482,0.00038551241153984736,-0.40679397803625406
1,-1.125,0.00038647366482317738,0.00038500676404183075,-0.42724640803602998
1,-1,0.00038646984350199337,0.00038450111654381424,-0.44769883803580157
1,-0.875,0.00038659289416532691,0.00038400545216987715,-0.46774747063280903
1,-0.75,0.00038482108684363974,0.00038354972029225754,-0.48618091361876686
1,-0.625,0.00038589168522323077,0.00038309398841463799,-0.50461435660472254
1,-0.5,0.00038263825653701839,0.00038263825653701839,-0.52304779959068037
1,-0.375,0.00038372995928361058,0.00038259934956345063,-0.52462150885754899
1,-0.25,0.00038493491493642591,0.00038256044258988282,-0.52619521812441983
1,-0.125,0.00038604765283834646,0.00038252153561631511,-0.52776892739128622
1,0,0.00038254395048487695,0.0003824826286427473,-0.52934263665815706
1,0.125,0.00038465722926088675,0.00038260991560466957,-0.52419413362232548
1,0.25,0.0003874803677476953,0.00038286990495230866,-0.51367808448901953
1,0.375,0.00038457476674188368,0.00038316420055209963,-0.50177441606867412
1,0.5,0.00038577663788876861,0.00038354776896317968,-0.48625984097730846
1,0.625,0.00038441190407351346,0.00038404824303785347,-0.46601666560490296
1,0.75,0.00038472392595235956,0.00038463551151282589,-0.44226283032921843
1,0.875,0.00038522277998779831,0.00038522277998779831,-0.41850899505353378
1,1,0.00039022094357666433,0.00038618245044319988,-0.37969224447345123
1,1.125,0.00038782985373145978,0.00038722193860178688,-0.33764702743492425
1,1.25,0.00038886776940292287,0.00038836472622262981,-0.2914235537470693
1,1.375,0.00039020308899154757,0.00038958890240012295,-0.24190807571982678
1,1.5,0.00039227901058723751,0.00039163630832672326,-0.15909460080069762
1,1.625,0.00039441562055969625,0.00039419410659601825,-0.055636776404253657
1.125,-2.875,0.0004082552878524436,0.0004082552878524436,0.51310988305563854
1.125,-2.75,0.00040516544242301183,0.00040516544242301183,0.38813181512598244
1.125,-2.625,0.00040238740658090814,0.00040236167825553719,0.27472516207996822
1.125,-2.5,0.00039977219871044172,0.00039977219871044172,0.16998589343994658
1.125,-2.375,0.00039780799278028769,0.00039750783093435183,0.078396745632662829
1.125,-2.25,0.00039540017041981928,0.00039540017041981928,-0.0068539068591498831
1.125,-2.125,0.00039404430221420459,0.00039387060828347545,-0.068721636149984971
1.125,-2,0.00039413516836902092,0.00039234104614713162,-0.13058936544082006
1.125,-1.875,0.00039204537950625351,0.00039092009930782298,-0.18806382319717599
1.125,-1.75,0.00038976145993944772,0.00038961639397499766,-0.24079609649929451
1.125,-1.625,0.00039059348229002091,0.00038832207823127733,-0.29314857970129449
1.125,-1.5,0.00038702776248755705,0.00038702776248755705,-0.3455010629032923
1.125,-1.375,0.00038986477271761788,0.00038637378469589829,-0.37195315662030604
1.125,-1.25,0.00038830552680766225,0.00038571980690423958,-0.39840525033731761
1.125,-1.125,0.00038924802217198742,0.00038521415940622302,-0.41885768033709136
1.125,-1,0.00038641557379969573,0.00038470851190820652,-0.43931011033686285
1.125,-0.875,0.00038427336425538245,0.00038420286441019001,-0.45976254033663444
1.125,-0.75,0.00038547998421101449,0.00038373714940849094,-0.47859978072535847
1.125,-0.625,0.0003833142804752641,0.00038328141753087144,-0.49703322371131198
1.125,-0.5,0.00038532851749407303,0.00038300004553524451,-0.50841415819043023
1.125,-0.375,0.00038911090818291995,0.00038294202963711811,-0.51076078523784663
1.125,-0.25,0.00038554335879482032,0.0003829031226635503,-0.51233449450471746
1.125,-0.125,0.00038326979964334833,0.00038286421568998254,-0.51390820377158608
1.125,0,0.00038484006624406569,0.00038295434445143029,-0.51026267562854766
1.125,0.125,0.00038677567704468524,0.00038311878961382701,-0.50361119769992491
1.125,0.25,0.00038392808242489597,0.00038334447270931416,-0.49448276785366069
1.125,0.375,0.00038513831981570282,0.00038363876830910514,-0.48257909943331523
1.125,0.5,0.00038662071916241545,0.00038405209432394819,-0.46586088878494358
1.125,0.625,0.00038561572965464987,0.00038461964228292265,-0.44290470894034484
1.125,0.75,0.00038678146663389602,0.0003852279363522925,-0.418300430422473
1.125,0.875,0.00038683818773192085,0.00038603609982062489,-0.38561183445536462
1.125,1,0.0003883785494725723,0.00038699747435347618,-0.34672615735059531
1.125,1.125,0.00039081578752076413,0.00038811507613779883,-0.30152140037831288
1.125,1.25,0.00039088358107780828,0.00038931212279640851,-0.2531032571308684
1.125,1.375,0.00039113648651764544,0.00039089929838869786,-0.1889051787739488
1.125,1.5,0.00039343876760901018,0.00039340693464960929,-0.0874763072926035
1.125,1.625,0.0003962994143619108,0.0003962994143619108,0.029518712110568002
1.25,-2.75,0.00040621613325906745,0.000406003942196223,0.42204745395282794
1.25,-2.625,0.00040305447763896285,0.00040305447763896285,0.30274751154076951
1.25,-2.5,0.00040074327629618006,0.00040048320632191114,0.19874472930866188
1.25,-2.375,0.00039821279818061774,0.000398061083879327,0.10077472075101834
1.25,-2.25,0.00039576494352645147,0.00039576494352645147,0.0079004357579089968
1.25,-2.125,0.00039508306377435332,0.00039422518824264315,-0.054379585961569721
1.25,-2,0.00039364517386439378,0.00039269562610629933,-0.11624731525240481
1.25,-1.875,0.00039531682766236263,0.00039125295620758363,-0.17460042731565745
1.25,-1.75,0.00039093949676603356,0.00038994612101172328,-0.22745929731781694
1.25,-1.625,0.00039135265646522992,0.000388651805268003,-0.2798117805198147
1.25,-1.5,0.00038986277488771952,0.00038739684349736834,-0.33057247421844554
1.25,-1.375,0.00039053818141896693,0.00038658118006029056,-0.36356442892136737
1.25,-1.25,0.00038744186949222364,0.0003859272022686318,-0.39001652263838116
1.25,-1.125,0.00038638973782110044,0.00038542155477061524,-0.41046895263815486
1.25,-1,0.00038711781071329768,0.00038491590727259873,-0.4309213826379264
1.25,-0.875,0.00038536829972089554,0.00038441025977458223,-0.45137381263769794
1.25,-0.75,0.00038605292598168159,0.00038392457852472444,-0.47101864783194575
1.25,-0.625,0.00038600803389778944,0.0003835409377592905,-0.48653614951221791
1.25,-0.5,0.00038693156240647526,0.00038336183453347068,-0.49378051679017793
1.25,-0.375,0.00038428349610270305,0.00038328470971078554,-0.49690006161814648
1.25,-0.25,0.00038435416521719545,0.00038324580273721778,-0.4984737708850151
1.25,-0.125,0.00038378915072064982,0.00038331918594255445,-0.49550556699555753
1.25,0,0.00038759256047769201,0.0003834428058162243,-0.4905053903453595
1.25,0.125,0.0003855440048293744,0.00038362766362298446,-0.48302826177752439
1.25,0.25,0.00038631568315024788,0.00038385334671847156,-0.47389983193126239
1.25,0.375,0.00038631009182165001,0.00038411333606611065,-0.46338378279795644
1.25,0.5,0.00038757405058172356,0.00038460377305301935,-0.44354658755147341
1.25,0.625,0.00038589418057674867,0.00038523309271678674,-0.41809186579141
1.25,0.75,0.00038670618066371175,0.00038591878835084409,-0.39035684878505816
1.25,0.875,0.00039009270101483795,0.00038684941965345146,-0.35271467385719546
1.25,1,0.00038823636012081769,0.00038786542605296774,-0.31161924700956078
1.25,1.125,0.00039031157535511529,0.00038903534319269413,-0.26429843854190782
1.25,1.25,0.00039044012824435772,0.00039044012824435772,-0.20747769277221914
1.25,1.375,0.00039262425725237099,0.00039261976270320032,-0.11931583818095334
1.25,1.5,0.00039540441639998461,0.00039524311057435304,-0.013206663488568138
1.375,-2.75,0.00040684244196943412,0.00040684244196943412,0.45596309277967129
1.375,-2.625,0.0004039020169551778,0.0004039020169551778,0.33702878180303186
1.375,-2.5,0.00040126348938407115,0.00040119421393338062,0.22750356517737938
1.375,-2.375,0.00039886852532570278,0.0003986461094010878,0.12443783305519945
1.375,-2.25,0.00039713954225583167,0.00039634996904821228,0.031563548062090108
1.375,-2.125,0.00039529995248665134,0.00039458316591763228,-0.039900104963609517
1.375,-2,0.0003933253289240194,0.00039305020606546698,-0.10190526506399175
1.375,-1.875,0.00039278239079012741,0.00039158581310734427,-0.16113703143413891
1.375,-1.75,0.00039232484074985932,0.00039027741297996649,-0.2140591997863156
1.375,-1.625,0.00039042448995392395,0.00038898153230472861,-0.26647498133833714
1.375,-1.5,0.00038936896756934302,0.00038776592450717962,-0.31564388553359879
1.375,-1.375,0.00038811477687296679,0.00038678857542468278,-0.35517570122243092
1.375,-1.25,0.00039033683256418445,0.00038613459763302401,-0.38162779493944465
1.375,-1.125,0.00038693758571509834,0.00038562895013500751,-0.40208022493921619
1.375,-1,0.00038524388564040017,0.00038512330263699095,-0.42253265493898995
1.375,-0.875,0.00038501173655523156,0.0003846176551389744,-0.44298508493876365
1.375,-0.75,0.00038411200764095789,0.00038411200764095789,-0.46343751493853519
1.375,-0.625,0.00038414211686266274,0.00038388226607268531,-0.47273010189202458
1.375,-0.5,0.00038541460341577182,0.0003837236235316968,-0.47914687538992784
1.375,-0.375,0.00038362738978445297,0.00038362738978445297,-0.48303933799844628
1.375,-0.25,0.00038626281853444775,0.00038368402743367861,-0.48074845836256741
1.375,-0.125,0.00038772785435272088,0.00038380764730734846,-0.47574828171236938
1.375,0,0.00038744064299743591,0.00038393126718101831,-0.47074810506217135
1.375,0.125,0.00038570823030684354,0.00038413653763214191,-0.46244532585512388
1.375,0.25,0.00038560408914340989,0.00038436222072762901,-0.45331689600886182
1.375,0.375,0.00038458790382311616,0.00038458790382311616,-0.44418846616259766
1.375,0.5,0.00038985321277545308,0.00038523824908128098,-0.417883301160347
1.375,0.625,0.00038588859433944574,0.00038588859433944574,-0.39157813615809856
1.375,0.75,0.00038797867647884411,0.00038670306903087646,-0.3586342638391089
1.375,0.875,0.00038839266874810278,0.00038766614764117744,-0.31967966020965494
1.375,1,0.00038953049069308232,0.00038875856358897964,-0.27549361995295163
1.375,1.125,0.00039039878521575377,0.00039011819642210065,-0.22049919111887284
1.375,1.25,0.00039273712626092418,0.00039193291477355834,-0.14709746323911244
1.375,1.375,0.00039443845264849003,0.0003943903890260863,-0.047697544672861414
1.5,-2.625,0.00040485409966243218,0.00040485409966243218,0.37553862314605679
1.5,-2.5,0.0004019052215448501,0.0004019052215448501,0.25626240104609688
1.5,-2.375,0.00039935426878953396,0.00039935426878953396,0.15308146399906977
1.5,-2.25,0.00039821428924059895,0.00039693499456997308,0.055226660366271219
1.5,-2.125,0.00039687233714553669,0.00039500131061860313,-0.022986988098740752
1.5,-2,0.00039430974072789078,0.00039340478602463468,-0.087563214875576501
1.5,-1.875,0.00039234534180991164,0.00039191867000710492,-0.14767363555262036
1.5,-1.75,0.00039127326008844631,0.00039061026987972708,-0.20059580390479925
1.5,-1.625,0.00039102636396960407,0.00038931125934145422,-0.25313818215685957
1.5,-1.5,0.00039327937855416253,0.0003881350055169909,-0.30071529684875209
1.5,-1.375,0.00038862524979907295,0.00038707681361178453,-0.34351704303053932
1.5,-1.25,0.00038982140843425521,0.00038634199299741629,-0.37323906724050598
1.5,-1.125,0.00038800836438788566,0.00038583634549939973,-0.39369149724027974
1.5,-1,0.00038767033269723067,0.00038533069800138323,-0.41414392724005122
1.5,-0.875,0.00038504509218700638,0.00038484279473012794,-0.43387863875578514
1.5,-0.75,0.00038860386440114838,0.00038444361898156256,-0.45002449943375766
1.5,-0.625,0.00038900741337745902,0.00038422845287247522,-0.45872753821412232
1.5,-0.5,0.00038422400916699156,0.00038408541252992292,-0.4645132339896777
1.5,-0.375,0.00038538285036215317,0.0003840656144809138,-0.46531402547599859
1.5,-0.25,0.00038773809954409388,0.00038417248879847263,-0.46099117307937926
1.5,-0.125,0.00038455599853930519,0.00038429610867214247,-0.45599099642918123
1.5,0,0.00038441972854581232,0.00038441972854581232,-0.4509908197789832
1.5,0.125,0.00038569493683040271,0.00038465133390015564,-0.44162284640650468
1.5,0.25,0.0003855857631878298,0.00038488293925449896,-0.43225487303402615
1.5,0.375,0.00038548413750619367,0.00038533566268356243,-0.41394311577526699
1.5,0.5,0.00038648112740221908,0.00038593793867380556,-0.38958225652191292
1.5,0.625,0.00038806064742960772,0.00038661479671388982,-0.36220470251658471
1.5,0.75,0.00038942924909922351,0.00038751724090242782,-0.32570263997859961
1.5,0.875,0.00038905224761917064,0.0003885089135041486,-0.28559146658419737
1.5,1,0.00038985989096737881,0.00038979626459984364,-0.23352068946552434
1.5,1.125,0.00039290060523113925,0.00039143129337303997,-0.16738704564727919
1.5,1.25,0.00039503677753049895,0.00039360321707967728,-0.079537075561213449
1.625,-2.5,0.00040313159647747862,0.00040287889604922783,0.29564558739916735
1.625,-2.375,0.00040046640982874043,0.000400086692577902,0.18270654139098016
1.625,-2.25,0.00039752002009173389,0.00039752002009173389,0.078889772670452329
1.625,-2.125,0.00039549999354901216,0.00039547487734147593,-0.0038321612919814674
1.625,-2,0.00039516600588882032,0.00039379284721261458,-0.071866915944165305
1.625,-1.875,0.00039280947568673288,0.00039225152690686551,-0.13421023967110401
1.625,-1.75,0.00039155637374280839,0.00039094312677948772,-0.18713240802328071
1.625,-1.625,0.00039071396858094673,0.00038964098637817989,-0.23980138297537984
1.625,-1.5,0.00038942439522423293,0.00038850408652680218,-0.28578670816390539
1.625,-1.375,0.00038931824106111886,0.00038744589462159581,-0.32858845434569256
1.625,-1.25,0.00038803356390353392,0.00038654938836180851,-0.36485033954156953
1.625,-1.125,0.00038819542085318583,0.000386043740863792,-0.38530276954134102
1.625,-1,0.00038859079777831012,0.00038557358181929788,-0.40431976257303953
1.625,-0.875,0.00038601444409890566,0.00038512116700156507,-0.42261903712069604
1.625,-0.75,0.00038639954472414285,0.00038478008880856227,-0.43641496787127332
1.625,-0.625,0.00038657684343265978,0.00038457463967226518,-0.44472497453621784
1.625,-0.5,0.00038741692344591898,0.00038444720152814899,-0.44987959258942978
1.625,-0.375,0.00038597905640049061,0.00038453733028959679,-0.44623406444638913
1.625,-0.25,0.00038536362299054669,0.00038466095016326658,-0.44123388779619332
1.625,-0.125,0.00038879112955151089,0.00038479984180530934,-0.43561599865884792
1.625,0,0.00038562416769458163,0.00038494636933153849,-0.429689253277931
1.625,0.125,0.00038584685375707656,0.00038517797468588176,-0.42032127990545465
1.625,0.25,0.00038640283028038496,0.0003856266895468843,-0.40217166120762393
1.625,0.375,0.00039207612017845762,0.00038608342154400875,-0.38369776538793415
1.625,0.5,0.00038699047705779684,0.00038663762826633024,-0.3612812118834744
1.625,0.625,0.0003879554225845889,0.00038737003824112798,-0.33165669322285535
1.625,0.75,0.00039033812041497015,0.00038833482092887864,-0.29263316306871678
1.625,0.875,0.00039245880947536319,0.00038947433277758658,-0.24654218781217804
1.625,1,0.00039218903026536355,0.00039103466778198006,-0.18342975755447055
1.625,1.125,0.00039334038910904669,0.00039296653115841886,-0.10528974770427388
1.625,1.25,0.00039560879839115195,0.00039555033107384709,-0.000780208725032705
1.75,-2.5,0.00040386112244873663,0.00040386112244873663,0.33537468080649924
1.75,-2.375,0.00040090369243602354,0.00040090369243602354,0.21575255165228008
1.75,-2.25,0.00039843588724918459,0.0003982681636109539,0.10915068173586345
1.75,-2.125,0.00039597718028908135,0.00039597718028908135,0.016484988332762296
1.75,-2,0.00039585832432863314,0.00039423767771075478,-0.0538744119553905
1.75,-1.875,0.00039258438380662615,0.00039258438380662615,-0.12074684378958547
1.75,-1.75,0.00039392307204255629,0.00039127598367924836,-0.17366901214176217
1.75,-1.625,0.0003900125688313186,0.0003899707134149055,-0.22646458379390227
1.75,-1.5,0.0003904429614408459,0.00038887316753661352,-0.27085811947905647
1.75,-1.375,0.00038828812673372668,0.00038781497563140715,-0.31365986566084364
1.75,-1.25,0.00038675678372620073,0.00038675678372620073,-0.35646161184263303
1.75,-1.125,0.00038890328271512959,0.00038630436890846787,-0.3747608863902917
1.75,-1,0.00038804223414327092,0.00038585195409073501,-0.39306016093795038
1.75,-0.875,0.00038805591174096305,0.00038539953927300215,-0.41135943548560905
1.75,-0.75,0.00039004626939133526,0.00038512627560835223,-0.4224124041933689
1.75,-0.625,0.00038723544927294371,0.00038492082647205509,-0.43072241085831553
1.75,-0.5,0.00038723123829511057,0.00038490217178072095,-0.43147695581339901
1.75,-0.375,0.00038876430004964696,0.00038503342753857725,-0.4261679229196273
1.75,-0.25,0.00038687271444287814,0.00038517995506480635,-0.4202411775387126
1.75,-0.125,0.00038686590411672112,0.00038532648259103551,-0.41431443215779573
1.75,0,0.00038547301011726461,0.00038547301011726461,-0.40838768677688098
1.75,0.125,0.00038698049656892502,0.00038592172497826704,-0.3902380680790547
1.75,0.25,0.00038844602322741205,0.0003863731122179769,-0.37198035700727017
1.75,0.375,0.00039002122472304697,0.00038683118040445507,-0.35345241500060132
1.75,0.5,0.00038832905108206574,0.00038733731785885487,-0.33298016724503809
1.75,0.625,0.00039050338283175393,0.00038818591419012907,-0.29865614283765929
1.75,0.75,0.00038915240095532952,0.00038915240095532952,-0.25956368615883174
1.75,0.875,0.00039074512368899488,0.000390712735959723,-0.19645125590112425
1.75,1,0.00039317881262040439,0.00039242245850172223,-0.12729639852233923
1.75,1.125,0.00039458667145615429,0.00039458667145615429,-0.039758312941471363
1.875,-2.375,0.00040190233994178814,0.00040190233994178814,0.25614584596544671
1.875,-2.25,0.00039901630713017397,0.00039901630713017397,0.13941159080127677
1.875,-2.125,0.0003969044267006742,0.00039684678291115774,0.051658675190508263
1.875,-2,0.00039468250820889504,0.00039468250820889504,-0.035881907966613502
1.875,-1.875,0.00039426441427152124,0.00039322181895647373,-0.094963866848550571
1.875,-1.75,0.00039222398313600211,0.00039176112970405242,-0.15404582573048764
1.875,-1.625,0.00039030044045163117,0.00039030044045163117,-0.21312778461242252
1.875,-1.5,0.00039009114355711218,0.00038933776085706801,-0.25206624885331302
1.875,-1.375,0.00038971227465792619,0.00038837508126250486,-0.2910047130942035
1.875,-1.25,0.00038795623120706902,0.00038743930283123638,-0.32885507908215089
1.875,-1.125,0.00038742800293895934,0.00038677727599327699,-0.35563274062393219
1.875,-1,0.00038811317831963048,0.00038622759376885814,-0.37786628723722604
1.875,-0.875,0.00038567791154443928,0.00038567791154443928,-0.40009983385051989
1.875,-0.75,0.00038731706245470371,0.00038547246240814214,-0.40840984051546658
1.875,-0.625,0.00038526701327184506,0.00038526701327184506,-0.41671984718041111
1.875,-0.5,0.00038647457212712583,0.00038544979057404579,-0.40932687086099584
1.875,-0.375,0.00038706298303769327,0.00038563256787624658,-0.40193389454157835
1.875,-0.25,0.00038989202444101147,0.00038581534517844731,-0.39454091822216308
1.875,-0.125,0.00038704251802455732,0.0003859981224806481,-0.3871479419027456
1.875,0,0.00038909691518165368,0.0003862167604096499,-0.37830447495048103
1.875,0.125,0.00038894681059676206,0.00038666547527065233,-0.36015485625265464
1.875,0.25,0.00038820998912144603,0.00038712087107842317,-0.34173500661993955
1.875,0.375,0.00038935837079926089,0.00038757893926490134,-0.32320706461327064
1.875,0.5,0.0003880370074513795,0.0003880370074513795,-0.30467912260660179
1.875,0.625,0.00038951010119560433,0.00038914005218048498,-0.26006316940374352
1.875,0.75,0.00039082224435428884,0.00039039080413746593,-0.20947275424777795
1.875,0.875,0.00039286278685703711,0.00039202583291066232,-0.1433391104295306
1.875,1,0.00039660224126683693,0.00039400014754327939,-0.063482032169435321
2,-2.25,0.00040008984416890547,0.00040008984416890547,0.18283401694388848
2,-2.125,0.00039825292015764944,0.00039771638553323413,0.08683236204825423
2,-2,0.00039625654511733235,0.00039554948607259469,-0.00081438733568980903
2,-1.875,0.00039401185935574828,0.00039397690515701709,-0.064422140208972939
2,-1.75,0.00039307606450293567,0.00039251621590459572,-0.1235040990909122
2,-1.625,0.00039105832345681657,0.00039105832345681657,-0.18247293281868338
2,-1.5,0.00039341457425307638,0.00038999337879880893,-0.22554781434577623
2,-1.375,0.00038958295288908532,0.00038903069920424572,-0.26448627858666895
2,-1.25,0.00038922721788127007,0.00038812182193627203,-0.30124854632166875
2,-1.125,0.00039057515412591276,0.00038734745048477217,-0.33257032279193532
2,-1,0.0003886104220804755,0.00038679776826035331,-0.35480386940522912
2,-0.875,0.00038763908086090934,0.00038624808603593446,-0.37703741601852303
2,-0.75,0.00038625792291975617,0.00038604263689963737,-0.3853474226834675
2,-0.625,0.00038839109619468961,0.00038597490293742923,-0.38808712598686262
2,-0.5,0.00038927305114282667,0.00038615768023963007,-0.38069414966744297
2,-0.375,0.00038865529866381174,0.0003863404575418308,-0.3733011733480277
2,-0.25,0.00038884770163130644,0.00038652323484403159,-0.36590819702861022
2,-0.125,0.00038899391808996258,0.000386727528522313,-0.35764492632948364
2,0,0.00039227688251151682,0.00038696051070203524,-0.34822126312407881
2,0.125,0.00038906488730368219,0.00038741056175239133,-0.33001759823927557
2,0.25,0.00038845586941696622,0.00038786862993886949,-0.31148965623260672
2,0.375,0.00039121256019371509,0.00038832741499768134,-0.29293271817378497
2,0.5,0.00039018889339503848,0.00038914537796903235,-0.25984775190857956
2,0.625,0.00039179934515386103,0.00039023074813474598,-0.21594669944579475
2,0.75,0.0003916292073196024,0.0003916292073196024,-0.15938182233672196
2,0.875,0.00039341362363040449,0.00039341362363040449,-0.087205751397399278
2,1,0.00039585755157334109,0.00039585755157334109,0.011646246038500535
2.125,-2.25,0.00040161600223189006,0.00040161600223189006,0.2445640582754891
2.125,-2.125,0.00039865796595172867,0.00039865796595172867,0.12491740681552113
2.125,-2,0.00039641646393629435,0.00039641646393629435,0.034253133295233884
2.125,-1.875,0.00039511695479783432,0.00039477400104661622,-0.032181205666467316
2.125,-1.75,0.00039373601323833328,0.00039327130210513902,-0.092962372451336761
2.125,-1.625,0.0003922223179837633,0.00039185683402946826,-0.15017477717606778
2.125,-1.5,0.00039173387454742744,0.0003906489967405498,-0.19902937983824162
2.125,-1.375,0.00038988492325572291,0.00038968631714598659,-0.23796784407913432
2.125,-1.25,0.00038999212146822532,0.00038880434104130769,-0.27364201356118661
2.125,-1.125,0.00038895140203284989,0.00038802996958980782,-0.30496379003145313
2.125,-1,0.00038985218248136356,0.00038736794275184849,-0.33174145157323226
2.125,-0.875,0.00038963429223510458,0.00038681826052742964,-0.35397499818652611
2.125,-0.75,0.0003869827017322022,0.0003866128113911325,-0.3622850048514728
2.125,-0.625,0.00038757138847588261,0.0003866827926030135,-0.35945440479330981
2.125,-0.5,0.00038724729517188906,0.00038686556990521435,-0.3520614284738901
2.125,-0.375,0.00038883075078770485,0.00038704834720741508,-0.34466845215447484
2.125,-0.25,0.0003877754106103653,0.00038723829663497606,-0.33698537770848841
2.125,-0.125,0.00038971284485709624,0.00038747127881469829,-0.32756171450308358
2.125,0,0.00038837344118068597,0.00038770426099442052,-0.3181380512976788
2.125,0.125,0.00038918856212229576,0.00038815832061283765,-0.29977224785194279
2.125,0.25,0.00038916503483170216,0.00038861782254398329,-0.28118631374096376
2.125,0.375,0.00039171688821524058,0.00038919701875640765,-0.25775898534082342
2.125,0.5,0.00039173573571650675,0.0003902537484866853,-0.21501638121055289
2.125,0.625,0.00039132144408900686,0.00039132144408900686,-0.1718302294878504
2.125,0.75,0.00039351604569909745,0.00039312098048535692,-0.099042581328283419
2.125,0.875,0.00039521487899705154,0.00039521487899705154,-0.014348574327259389
2.25,-2.125,0.00039976308019277714,0.00039976308019277714,0.16961706763744988
2.25,-2,0.00039751017726811849,0.00039751017726811849,0.078491650140856517
2.25,-1.875,0.0003960252540185101,0.00039561310662527128,0.0017589367789728749
2.25,-1.75,0.00039402638830568232,0.00039402638830568232,-0.062420645811761322
2.25,-1.625,0.00039291279982722131,0.0003926553446021199,-0.11787662153345438
2.25,-1.5,0.0003922472440624227,0.00039130461468229067,-0.17251094533070702
2.25,-1.375,0.0003921513874563426,0.00039034193508772751,-0.21144940957159752
2.25,-1.25,0.0003922960090141831,0.00038948686014634334,-0.24603548080070448
2.25,-1.125,0.00038910671288950265,0.00038871248869484348,-0.27735725727097105
2.25,-1,0.00039080926021665301,0.00038793811724334361,-0.30867903374123756
2.25,-0.875,0.00039104328295453132,0.00038738843501892481,-0.3309125803545292
2.25,-0.75,0.0003894720906965691,0.00038725184346967222,-0.33643743533869797
2.25,-0.625,0.00038875334341493514,0.00038739068226859778,-0.33082168359975694
2.25,-0.5,0.00038858762770991695,0.00038757345957079857,-0.32342870728033946
2.25,-0.375,0.00038984166690481776,0.0003877562368729993,-0.31603573096092419
2.25,-0.25,0.00038986502734613716,0.00038798204692736134,-0.30690216588208841
2.25,-0.125,0.00038979216631213396,0.00038821502910708357,-0.29747850267668363
2.25,0,0.0003884480112868058,0.0003884480112868058,-0.2880548394712788
2.25,0.125,0.0003906188284288531,0.00038890823009028519,-0.26943990930814476
2.25,0.25,0.00038936844889376457,0.00038936844889376457,-0.25082497914501067
2.25,0.375,0.00039405218783286969,0.00039030173398337925,-0.21307546384027629
2.25,0.5,0.00039213243689274508,0.0003913621190043382,-0.17018501051252843
2.25,0.625,0.00039313782710973221,0.00039282833734030929,-0.11087941125916975
2.25,0.75,0.00039506723030387117,0.00039482411514688904,-0.030154190538632136
2.375,-2,0.00039896117347730726,0.00039862332786152305,0.12351636534288452
2.375,-1.875,0.00039670639671910969,0.00039648008448897094,0.036826457409896568
2.375,-1.75,0.00039571822280255595,0.00039486549388433739,-0.02848050336632113
2.375,-1.625,0.00039394147193258408,0.00039345385517477159,-0.085578465890838784
2.375,-1.5,0.00039236442875862244,0.00039208281147120922,-0.14103444161252965
2.375,-1.375,0.00039355734113522901,0.00039099755302946844,-0.18493097506406073
2.375,-1.25,0.00039022632674665981,0.000390169379251379,-0.21842894804022234
2.375,-1.125,0.00038966536779709159,0.00038939500779987913,-0.24975072451048888
2.375,-1,0.00039083722126531336,0.00038862063634837932,-0.2810725009807532
2.375,-0.875,0.00038923558844261374,0.00038795860951041993,-0.3078501625225345
2.375,-0.75,0.00039072172495201776,0.00038795973313525645,-0.30780471414514732
2.375,-0.625,0.00038973310737125324,0.000388098571934182,-0.3021889624062063
2.375,-0.5,0.00039101089364136968,0.00038828134923638279,-0.29479598608678881
2.375,-0.375,0.00039013441969570732,0.00038849281504002445,-0.28624261726109101
2.375,-0.25,0.00038937300355718042,0.00038872579721974668,-0.27681895405568624
2.375,-0.125,0.0003914268981493696,0.00038897797090033342,-0.26661903302331369
2.375,0,0.00039024537023376178,0.00038934075374587448,-0.25194519248686897
2.375,0.125,0.00039022779883268803,0.00038980097254935386,-0.23333026232373491
2.375,0.25,0.00039035703006143574,0.00039035703006143574,-0.21083884807504724
2.375,0.375,0.00039212165855429486,0.0003914064492103509,-0.16839194233972696
2.375,0.5,0.00039477100937813415,0.0003926250653242978,-0.11910135776280262
2.375,0.625,0.0003944662101987448,0.00039443335129672654,-0.045959806750004883
2.5,-2,0.00039973647845492757,0.00039973647845492757,0.16854108054491032
2.5,-1.875,0.00039769469232805212,0.00039758351645158529,0.081458073433721884
2.5,-1.75,0.00039609833308352273,0.00039570459946299246,0.0054596390791190608
2.5,-1.625,0.00039484192809661675,0.00039427437833748961,-0.052389945005220429
2.5,-1.5,0.00039308845030533549,0.00039288132204386085,-0.10873628596991625
2.5,-1.375,0.00039195084923040877,0.0003916531709712093,-0.15841254055652612
2.5,-1.25,0.00039103235231205586,0.00039085189835641465,-0.1908224152797402
2.5,-1.125,0.00039053986754712357,0.00039007752690491479,-0.22214419175000674
2.5,-1,0.00039292646620712264,0.00038930315545341492,-0.25346596822027329
2.5,-0.875,0.00038852878400191511,0.00038852878400191511,-0.28478774469053764
2.5,-0.75,0.00039393083930862083,0.00038866762280084067,-0.27917199295159667
2.5,-0.625,0.00039159121112418367,0.00038880646159976623,-0.27355624121265565
2.5,-0.5,0.00038981113863894006,0.00038900358315268745,-0.26558306864009801
2.5,-0.375,0.00039142949812727846,0.00038924544559152535,-0.25580021671398256
2.5,-0.25,0.00039064353840061525,0.0003895079305138612,-0.245183226575342
2.5,-0.125,0.00039064774869856131,0.00038977327740146378,-0.23445047566559321
2.5,0,0.00039153015265648588,0.00039023349620494316,-0.21583554550245915
2.5,0.125,0.00039093169970853597,0.00039077038597530453,-0.1941194280708822
2.5,0.25,0.00039343843765459071,0.00039157087638072428,-0.16174119215246444
2.5,0.375,0.00039251116443732255,0.00039251116443732255,-0.12370842083917763
2.5,0.5,0.00039404258744656404,0.00039404258744656404,-0.061765422961377631
2.625,-1.875,0.00039872009349362628,0.00039872009349362628,0.12743034163019593
2.625,-1.75,0.00039654370504164753,0.00039654370504164753,0.039399781524559252
2.625,-1.625,0.00039509490150020768,0.00039509490150020768,-0.01920142411959988
2.625,-1.5,0.00039474189400982959,0.00039370184520657892,-0.075547765084295698
2.625,-1.375,0.00039230878891295017,0.00039230878891295017,-0.13189410604899152
2.625,-1.25,0.00039302635813438986,0.00039154618323528653,-0.16273998049913041
2.625,-1.125,0.00039112867696198107,0.000390783577557623,-0.19358585494926492
2.625,-1,0.0003909210595010469,0.00039002097187995931,-0.224431729399406
2.625,-0.875,0.00039125977427543351,0.00038944829468606817,-0.24759537653791483
2.625,-0.75,0.00039095465945093369,0.00038941564342761452,-0.24891605463984801
2.625,-0.625,0.0003895143512653505,0.0003895143512653505,-0.24492352001910281
2.625,-0.5,0.00039199361081715715,0.00038977397422241964,-0.23442229065157047
2.625,-0.375,0.00039018791020331133,0.00039003789012738888,-0.2237474201273747
2.625,-0.25,0.00039117171572453124,0.00039030323701499145,-0.21301466921762591
2.625,-0.125,0.0003916323410661902,0.00039066601986053245,-0.19834082868118338
2.625,0,0.00039195386630575793,0.00039118374188917338,-0.17740000806671496
2.625,0.125,0.00039240678625256152,0.00039184443464341449,-0.15067630754317063
2.625,0.25,0.0003928395783756993,0.00039278472270001276,-0.11264353622988382
2.625,0.375,0.00039422179894424187,0.00039409682166428205,-0.059571757323119506
2.75,-1.75,0.00039770998318297242,0.00039770998318297242,0.08657339978486861
2.75,-1.625,0.00039627691266417388,0.00039605095519644533,0.019469035785820626
2.75,-1.5,0.00039456704459889442,0.00039456704459889442,-0.040552180063918475
2.75,-1.375,0.00039492308120044382,0.0003933093577915131,-0.091423096048877994
2.75,-1.25,0.00039252567208376647,0.00039230625981387715,-0.13199640304829691
2.75,-1.125,0.00039183290159872672,0.0003915131597580035,-0.16407571410827437
2.75,-1,0.0003913869284921591,0.00039075055408033992,-0.19492158855841107
2.75,-0.875,0.0003906037505397753,0.00039036780537022111,-0.21040300838529641
2.75,-0.75,0.00039072507201102916,0.00039033515411176757,-0.2117236864872252
2.75,-0.625,0.00039030250285331392,0.00039030250285331392,-0.21304436458915837
2.75,-0.5,0.00039092187305970983,0.0003905678497409165,-0.20231161367940959
2.75,-0.375,0.00039497576055090019,0.00039083319662851912,-0.1915788627696586
2.75,-0.25,0.00040010584019061331,0.00039109854351612175,-0.18084611185990762
2.75,-0.125,0.00039183607019405988,0.00039159709780304218,-0.16068058806254992
2.75,0,0.00039222091861703144,0.00039222091861703144,-0.13544828377831244
2.75,0.125,0.00039471154598311891,0.00039305828096270298,-0.10157865162059002
2.75,0.25,0.00039415105588200006,0.00039415105588200006,-0.057378091684861382
2.875,-1.75,0.00039927585071778077,0.00039927585071778077,0.1499096098327965
2.875,-1.625,0.00039719148008448933,0.00039712004100710585,0.062711418655417517
2.875,-1.5,0.00039687420843284376,0.00039555820535124313,-0.0004617099529179991
2.875,-1.375,0.00039432531313766744,0.00039430992667007604,-0.050952086048764472
2.875,-1.25,0.00039405948843493024,0.00039316840331881688,-0.097124422560495027
2.875,-1.125,0.00039344772760110366,0.00039230373071480403,-0.13209870004760668
2.875,-1,0.00039148013628072053,0.00039148013628072053,-0.16541144771741614
2.875,-0.875,0.00039169965144230019,0.00039128731605437422,-0.17321064023267141
2.875,-0.75,0.00039139630505374856,0.00039125466479592057,-0.17453131833460458
2.875,-0.625,0.00039211933483349412,0.00039127166895547646,-0.173843534088888
2.875,-0.5,0.00039183582056320472,0.00039136315624204679,-0.1701430563216913
2.875,-0.375,0.00039184277001884848,0.00039162850312964942,-0.15941030541194032
2.875,-0.25,0.00039319356455765346,0.00039201045371691092,-0.14396116805838707
2.875,-0.125,0.0003930034219860822,0.00039265885582440141,-0.11773459961461169
2.875,0,0.00039333183922539325,0.00039333183922539325,-0.090513767011294016
2.875,0.125,0.00039430815146076971,0.00039430815146076971,-0.051023889714786608
3,-1.625,0.00039862308766988526,0.00039838842678080303,0.11401508642992114
3,-1.5,0.00039654936610359183,0.00039654936610359183,0.039628760158082477
3,-1.375,0.00039655514853212235,0.00039531049554863897,-0.01048107604865095
3,-1.25,0.00039407162499368605,0.00039407162499368605,-0.06059091225538657
3,-1.125,0.00039312479604981435,0.00039312479604981435,-0.098888249377109189
3,-1,0.00039412066030668821,0.00039248649636612035,-0.12470619498316415
3,-0.875,0.00039391374501999987,0.00039220682673852723,-0.13601827208005079
3,-0.75,0.00039271187715431854,0.00039217417548007363,-0.13733895018198178
3,-0.625,0.00039242807486521792,0.00039224083505763911,-0.13464270358861324
3,-0.5,0.00039338828197152951,0.00039233232234420939,-0.13094222582141873
3,-0.375,0.00039242380963077972,0.00039242380963077972,-0.12724174805422203
3,-0.25,0.00039423899616281965,0.00039313660108347584,-0.098410759375569312
3,-0.125,0.00039436120400794777,0.00039384939253617196,-0.069579770696916593
3,0,0.00039519857971413177,0.00039469394438020825,-0.035419337709336529
3.125,-1.5,0.00039769637697256412,0.00039769637697256412,0.086023055786273589
3.125,-1.375,0.0003963186745084228,0.00039631429160804331,0.030120466962135772
3.125,-1.25,0.00039511876700376358,0.00039507542105309045,-0.019989369244597655
3.125,-1.125,0.00039502846109570937,0.00039414793776754614,-0.057504213178293545
3.125,-1,0.00039579048485204949,0.00039349285645152028,-0.084000942248907778
3.125,-0.875,0.00039333514686810375,0.00039312633742268023,-0.098825903927430181
3.125,-0.75,0.00039328738257966936,0.00039311851387323137,-0.099142350855537381
3.125,-0.625,0.00039380470307257475,0.0003932100011598017,-0.095441873088340679
3.125,-0.5,0.0003935825557942585,0.00039331407052157238,-0.091232475543440272
3.125,-0.375,0.00039474813185701489,0.00039370236593234492,-0.075526702768512505
3.125,-0.25,0.00039457661046957159,0.00039438494675787984,-0.04791767353727619
3.125,-0.125,0.00039507973729964674,0.00039507973729964674,-0.019814785703888643
3.25,-1.5,0.00039906687037863365,0.00039906687037863365,0.14145677307497367
3.25,-1.375,0.00039753281504105789,0.00039734706582267125,0.071894118395406714
3.25,-1.25,0.00039666626601734942,0.00039607921711249484,0.020612173766191261
3.25,-1.125,0.0003962174874221979,0.00039517107948527794,-0.016120176979477902
3.25,-1,0.0003952241789361207,0.00039449921653692021,-0.043295689514651403
3.25,-0.875,0.00039441575106107798,0.00039404584810683328,-0.061633535774807374
3.25,-0.75,0.0003949734717089627,0.00039408767997539397,-0.059941520355264816
3.25,-0.625,0.00039470657426131877,0.0003942043314123651,-0.055223203032656321
3.25,-0.5,0.00039541957341100167,0.00039440512491056325,-0.047101507617537841
3.25,-0.375,0.00039555917527698078,0.00039498092223391019,-0.023811657482800785
3.25,-0.25,0.00039565129334321312,0.00039565129334321312,0.0033035131462842982
3.375,-1.375,0.00039840881819252263,0.00039840881819252263,0.1148398782511553
3.375,-1.25,0.00039708301317189923,0.00039708301317189923,0.061213716776980176
3.375,-1.125,0.00039679742979624368,0.00039619422120300973,0.025263859219337742
3.375,-1,0.00039770209396184242,0.00039550557662232003,-0.0025904367803994133
3.375,-0.875,0.00039496535879098634,0.00039496535879098634,-0.024441167622184568
3.375,-0.75,0.00039738666643503629,0.00039509459230315771,-0.019213930521876754
3.375,-0.625,0.00039541441907370826,0.00039522382581532909,-0.013986693421568941
3.375,-0.5,0.00039589801039544031,0.00039566149024186799,0.0037159573030766113
3.375,-0.375,0.00039625947853547545,0.00039625947853547545,0.027903387802910934
3.5,-1.25,0.00039828700943616018,0.00039823875248007877,0.10796106031422598
3.5,-1.125,0.00039721736292074153,0.00039721736292074153,0.066647895418153386
3.5,-1,0.0003966926568159819,0.00039651193670771991,0.038114815953854769
3.5,-0.875,0.00039615630823791587,0.0003960573765896978,0.019728768300096622
3.5,-0.75,0.00039645399785116688,0.00039611408670612181,0.022022579089215011
3.5,-0.625,0.00039664774246095938,0.00039638644019034672,0.033038732819144156
3.5,-0.5,0.000397092850028513,0.00039694004654343326,0.055431002588788331
3.625,-1.25,0.00039939449178825825,0.00039939449178825825,0.15470840385146958
3.625,-1.125,0.00039835427546038797,0.0003983343418652996,0.11182745976763836
3.625,-1,0.00039751829679311984,0.00039751829679311984,0.078820068688111145
3.625,-0.875,0.00039778695180776641,0.00039714939438840921,0.063898704222375619
3.625,-0.75,0.00039713358110908585,0.00039713358110908585,0.063259088700304583
3.625,-0.625,0.00039762061455139106,0.00039762061455139106,0.082958617374665727
3.75,-1.125,0.00039945132080985768,0.00039945132080985768,0.15700702411712333
3.75,-1,0.00039854900501506339,0.00039854900501506339,0.1205101548492841
3.75,-0.875,0.00039856018526721992,0.00039824141218712061,0.10806864014465462
3.75,-0.75,0.00039842705427511037,0.00039842705427511037,0.11557749131966405
3.875,-1,0.00040015340952099463,0.0003997765768252897,0.17016297942931768
3.875,-0.875,0.00039933342998583208,0.00039933342998583208,0.1522385760669358
4,-1,0.00040100414863551606,0.00040100414863551606,0.21981580400935347
