x,y,sigma,sigma_exact,ell_A,ell_A_exact
-40,48,0.00054103659642088474,,0.00039556344778168508,6466461876557/16347470709998201
-39,41,0.00041299184809924223,,0.00039514812044301321,6459672325053/16347470709998201
-39,42,0.00041355228654928048,,0.00039519622782545078,19381376277235/49042412129994603
-39,43,0.00041415371865990963,,0.00039524433520788841,19383735579311/49042412129994603
-39,44,0.00041501031933730622,,0.00039529244259032598,6462031627129/16347470709998201
-39,45,0.00041578985862878983,,0.00039534054997276361,19388454183463/49042412129994603
-39,46,0.00041669092256373526,,0.00039538865735520119,19390813485539/49042412129994603
-39,47,0.00041787098916766058,,0.00039543676473763881,6464390929205/16347470709998201
-38,34,0.00040730990037916208,,0.00039473279310434133,6452882773549/16347470709998201
-38,35,0.00040776139317102512,,0.0003947809004867789,19361007622723/49042412129994603
-38,36,0.00040797575056313777,,0.00039482900786921653,19363366924799/49042412129994603
-38,37,0.00040843431086456185,,0.00039487711525165411,6455242075625/16347470709998201
-38,38,0.00040892739890456851,,0.00039492522263409174,19368085528951/49042412129994603
-38,39,0.00040960880247875294,,0.00039497333001652931,19370444831027/49042412129994603
-38,40,0.00041063753317984255,,0.00039502143739896694,6457601377701/16347470709998201
-38,41,0.00041125066632312091,,0.00039506954478140451,19375163435179/49042412129994603
-38,42,0.0004116119749134367,,0.00039511765216384209,19377522737255/49042412129994603
-38,43,0.00041248347905527619,,0.00039516575954627971,6459960679777/16347470709998201
-38,44,0.00041365612457096567,,0.00039521386692871729,19382241341407/49042412129994603
-38,45,0.00041452494437379405,,0.00039526197431115492,19384600643483/49042412129994603
-38,46,0.0004158675588724359,,0.00039531008169359249,6462319981853/16347470709998201
-37,27,0.00040300922657941177,,0.00039431746576566945,6446093222045/16347470709998201
-37,28,0.00040305322016258668,,0.00039436557314810703,19340638968211/49042412129994603
-37,29,0.00040393626472557379,,0.00039441368053054466,19342998270287/49042412129994603
-37,30,0.00040346419572736853,,0.00039446178791298223,6448452524121/16347470709998201
-37,31,0.00040391280456306063,,0.00039450989529541986,19347716874439/49042412129994603
-37,32,0.00040375402284905179,,0.00039455800267785743,19350076176515/49042412129994603
-37,33,0.00040454908821585517,,0.00039460611006029506,6450811826197/16347470709998201
-37,34,0.0004050014210113994,,0.00039465421744273264,19354794780667/49042412129994603
-37,35,0.00040560478573701517,,0.00039470232482517021,19357154082743/49042412129994603
-37,36,0.00040619957846886438,,0.00039475043220760784,6453171128273/16347470709998201
-37,37,0.00040672919889151457,,0.00039479853959004541,19361872686895/49042412129994603
-37,38,0.00040730270983119514,,0.00039484664697248304,19364231988971/49042412129994603
-37,39,0.00040824640156999017,,0.00039489475435492061,6455530430349/16347470709998201
-37,40,0.00041004023644062633,,0.00039494286173735824,19368950593123/49042412129994603
-37,41,0.00040923199156089353,,0.00039499096911979582,19371309895199/49042412129994603
-37,42,0.00041018534370135528,,0.00039503907650223345,6457889732425/16347470709998201
-37,43,0.00041127466754982986,,0.00039508718388467102,19376028499351/49042412129994603
-37,44,0.00041244052208930433,,0.00039513529126710865,19378387801427/49042412129994603
-37,45,0.00041412506380891128,,0.00039518339864954622,6460249034501/16347470709998201
-36,20,0.00040087766418091893,,0.00039390213842699758,6439303670541/16347470709998201
-36,21,0.00040050344338302314,,0.00039395024580943515,19320270313699/49042412129994603
-36,22,0.00040031268321116727,,0.00039399835319187278,19322629615775/49042412129994603
-36,23,0.00040018468937721633,,0.00039404646057431035,6441662972617/16347470709998201
-36,24,0.00040037092981932743,,0.00039409456795674798,19327348219927/49042412129994603
-36,25,0.00040028724747484767,,0.00039414267533918556,19329707522003/49042412129994603
-36,26,0.00040109447470615926,,0.00039419078272162318,6444022274693/16347470709998201
-36,27,0.00040072202780211597,,0.00039423889010406076,19334426126155/49042412129994603
-36,28,0.00040087980665856415,,0.00039428699748649833,19336785428231/49042412129994603
-36,29,0.00040103251160016306,,0.00039433510486893596,6446381576769/16347470709998201
-36,30,0.00040250004950973336,,0.00039438321225137354,19341504032383/49042412129994603
-36,31,0.00040185127453246523,,0.00039443131963381116,19343863334459/49042412129994603
-36,32,0.00040182902924649453,,0.00039447942701624874,6448740878845/16347470709998201
-36,33,0.00040383352125317737,,0.00039452753439868637,19348581938611/49042412129994603
-36,34,0.00040301613159477584,,0.00039457564178112394,19350941240687/49042412129994603
-36,35,0.0004036998758196703,,0.00039462374916356157,6451100180921/16347470709998201
-36,36,0.00040476367121207869,,0.00039467185654599914,19355659844839/49042412129994603
-36,37,0.00040488727209933584,,0.00039471996392843677,19358019146915/49042412129994603
-36,38,0.00040590225205585799,,0.00039476807131087435,6453459482997/16347470709998201
-36,39,0.00040603408565667131,,0.00039481617869331197,19362737751067/49042412129994603
-36,40,0.00040766457018092875,,0.00039486428607574955,19365097053143/49042412129994603
-36,41,0.00040822797741100553,,0.00039491239345818712,6455818785073/16347470709998201
-36,42,0.00040916346027615073,,0.00039496050084062475,19369815657295/49042412129994603
-36,43,0.00041069070577948565,,0.00039500860822306232,245217404549/620790026961957
-36,44,0.00041222861906786771,,0.00039505671560549995,6458178087149/16347470709998201
-36,45,0.00041430343536581613,,0.00039510482298793753,19376893563523/49042412129994603
-35,13,0.0004000975581397005,,0.0003934868110883257,6432514119037/16347470709998201
-35,14,0.00039928159559899441,,0.00039353491847076327,19299901659187/49042412129994603
-35,15,0.00039883223992495523,,0.0003935830258532009,19302260961263/49042412129994603
-35,16,0.00039851591940620422,,0.00039363113323563848,6434873421113/16347470709998201
-35,17,0.00039794049756338839,,0.00039367924061807611,19306979565415/49042412129994603
-35,18,0.00039824191215748276,,0.00039372734800051368,19309338867491/49042412129994603
-35,19,0.00039823718509763466,,0.00039377545538295131,6437232723189/16347470709998201
-35,20,0.00039800295800346139,,0.00039382356276538888,19314057471643/49042412129994603
-35,21,0.00039847609425901925,,0.00039387167014782646,19316416773719/49042412129994603
-35,22,0.00039770520950730646,,0.00039391977753026408,6439592025265/16347470709998201
-35,23,0.00039763557344758642,,0.00039396788491270166,19321135377871/49042412129994603
-35,24,0.00040202409169781998,,0.00039401599229513929,19323494679947/49042412129994603
-35,25,0.00039858809561107555,,0.00039406409967757686,6441951327341/16347470709998201
-35,26,0.00039930996986752964,,0.00039411220706001449,19328213284099/49042412129994603
-35,27,0.00039849830614126068,,0.00039416031444245206,19330572586175/49042412129994603
-35,28,0.00039934219062391364,,0.00039420842182488969,6444310629417/16347470709998201
-35,29,0.00039953411225654298,,0.00039425652920732727,19335291190327/49042412129994603
-35,30,0.00039981583875709891,,0.00039430463658976489,19337650492403/49042412129994603
-35,31,0.00040034236540687558,,0.00039435274397220247,6446669931493/16347470709998201
-35,32,0.00040067508260205309,,0.0003944008513546401,19342369096555/49042412129994603
-35,33,0.00040189244109950501,,0.00039444895873707767,19344728398631/49042412129994603
-35,34,0.00040188617856308457,,0.00039449706611951525,6449029233569/16347470709998201
-35,35,0.00040264017878784998,,0.00039454517350195287,19349447002783/49042412129994603
-35,36,0.00040329082190792334,,0.00039459328088439045,19351806304859/49042412129994603
-35,37,0.0004038228988719411,,0.00039464138826682808,6451388535645/16347470709998201
-35,38,0.00040502227867155995,,0.00039468949564926565,19356524909011/49042412129994603
-35,39,0.00040602421829788297,,0.00039473760303170328,19358884211087/49042412129994603
-35,40,0.00040602643301166443,,0.00039478571041414085,6453747837721/16347470709998201
-35,41,0.0004075360215141377,,0.00039483381779657848,19363602815239/49042412129994603
-35,42,0.00040947025343205469,,0.00039488192517901606,19365962117315/49042412129994603
-35,43,0.000410197212644531,,0.00039493003256145368,6456107139797/16347470709998201
-35,44,0.00041232471138860904,,0.00039497813994389126,19370680721467/49042412129994603
-34,6,0.00040064723636692659,,0.00039307148374965382,6425724567533/16347470709998201
-34,7,0.00039949538092542937,,0.0003931195911320914,19279533004675/49042412129994603
-34,8,0.00039866373443022367,,0.00039316769851452903,19281892306751/49042412129994603
-34,9,0.0003982535166205546,,0.0003932158058969666,6428083869609/16347470709998201
-34,10,0.00039712733200430864,,0.00039326391327940423,19286610910903/49042412129994603
-34,11,0.00039695550867480816,,0.0003933120206618418,19288970212979/49042412129994603
-34,12,0.00039659970183514651,,0.00039336012804427943,6430443171685/16347470709998201
-34,13,0.00039628668936103536,,0.00039340823542671701,19293688817131/49042412129994603
-34,14,0.000395871846485425,,0.00039345634280915458,19296048119207/49042412129994603
-34,15,0.00039661211707192628,,0.00039350445019159221,6432802473761/16347470709998201
-34,16,0.00039600805669033639,,0.00039355255757402978,19300766723359/49042412129994603
-34,17,0.00039572131041201139,,0.00039360066495646741,19303126025435/49042412129994603
-34,18,0.00039666521603512537,,0.00039364877233890498,6435161775837/16347470709998201
-34,19,0.00039555909865187852,,0.00039369687972134261,19307844629587/49042412129994603
-34,20,0.00039603638696355847,,0.00039374498710378019,19310203931663/49042412129994603
-34,21,0.00039619633043194691,,0.00039379309448621782,6437521077913/16347470709998201
-34,22,0.00039577574798941022,,0.00039384120186865539,19314922535815/49042412129994603
-34,23,0.00039670502518032291,,0.00039388930925109302,19317281837891/49042412129994603
-34,24,0.00039656849538014844,,0.00039393741663353059,6439880379989/16347470709998201
-34,25,0.00039684161868874037,,0.00039398552401596822,19322000442043/49042412129994603
-34,26,0.00039668655963600913,,0.00039403363139840579,19324359744119/49042412129994603
-34,27,0.00039720132301295289,,0.00039408173878084337,6442239682065/16347470709998201
-34,28,0.00039721681847551196,,0.000394129846163281,19329078348271/49042412129994603
-34,29,0.0003991499535827578,,0.00039417795354571857,19331437650347/49042412129994603
-34,30,0.00039783587060267386,,0.0003942260609281562,6444598984141/16347470709998201
-34,31,0.00039865022148372032,,0.00039427416831059377,19336156254499/49042412129994603
-34,32,0.00039986184360092647,,0.0003943222756930314,19338515556575/49042412129994603
-34,33,0.00040049857683798997,,0.00039437038307546898,6446958286217/16347470709998201
-34,34,0.00040068854233446348,,0.00039441849045790661,19343234160727/49042412129994603
-34,35,0.00040104294557880438,,0.00039446659784034418,19345593462803/49042412129994603
-34,36,0.00040367602701636598,,0.00039451470522278181,6449317588293/16347470709998201
-34,37,0.00040265985936116039,,0.00039456281260521938,19350312066955/49042412129994603
-34,38,0.00040356757481837575,,0.00039461091998765701,19352671369031/49042412129994603
-34,39,0.00040424375626358397,,0.00039465902737009458,6451676890369/16347470709998201
-34,40,0.00040603338104207168,,0.00039470713475253216,19357389973183/49042412129994603
-34,41,0.00040720491408554205,,0.00039475524213496979,19359749275259/49042412129994603
-34,42,0.00040873612910686814,,0.00039480334951740736,6454036192445/16347470709998201
-34,43,0.00041048517591171048,,0.00039485145689984499,19364467879411/49042412129994603
-33,-1,0.00040293267761966513,,0.00039265615641098195,6418935016029/16347470709998201
-33,0,0.00040170515584718469,,0.00039270426379341952,19259164350163/49042412129994603
-33,1,0.00040091136413778616,,0.00039275237117585715,19261523652239/49042412129994603
-33,2,0.0003997651371265085,,0.00039280047855829472,6421294318105/16347470709998201
-33,3,0.00039869672793929611,,0.00039284858594073235,19266242256391/49042412129994603
-33,4,0.00039801510349984432,,0.00039289669332316993,19268601558467/49042412129994603
-33,5,0.00039687262130210351,,0.00039294480070560755,6423653620181/16347470709998201
-33,6,0.00039637678804726117,,0.00039299290808804513,19273320162619/49042412129994603
-33,7,0.00039587798738851854,,0.00039304101547048276,19275679464695/49042412129994603
-33,8,0.0003951700789997079,,0.00039308912285292033,6426012922257/16347470709998201
-33,9,0.00039494227625700096,,0.00039313723023535791,19280398068847/49042412129994603
-33,10,0.00039570634488842517,,0.00039318533761779553,19282757370923/49042412129994603
-33,11,0.00039442489286773492,,0.00039323344500023311,6428372224333/16347470709998201
-33,12,0.00039466599867794225,,0.00039328155238267074,19287475975075/49042412129994603
-33,13,0.00039455161882793674,,0.00039332965976510831,19289835277151/49042412129994603
-33,14,0.00039439872177117707,,0.00039337776714754594,6430731526409/16347470709998201
-33,15,0.00039389010129884207,,0.00039342587452998351,244234859257/620790026961957
-33,16,0.00039484670338210323,,0.00039347398191242114,19296913183379/49042412129994603
-33,17,0.00039470196835358657,,0.00039352208929485872,6433090828485/16347470709998201
-33,18,0.00039393448432212242,,0.00039357019667729634,19301631787531/49042412129994603
-33,19,0.00039530365230023223,,0.00039361830405973392,19303991089607/49042412129994603
-33,20,0.00039364992610963628,,0.00039366641144217149,6435450130561/16347470709998201
-33,21,0.00039373777220102384,,0.00039371451882460912,19308709693759/49042412129994603
-33,22,0.000394595835976821,,0.0003937626262070467,19311068995835/49042412129994603
-33,23,0.00039462280257643046,,0.00039381073358948432,6437809432637/16347470709998201
-33,24,0.00039447416345815534,,0.0003938588409719219,19315787599987/49042412129994603
-33,25,0.00039463399875750625,,0.00039390694835435953,19318146902063/49042412129994603
-33,26,0.00039637406146216203,,0.0003939550557367971,6440168734713/16347470709998201
-33,27,0.00039828745707940199,,0.00039400316311923473,19322865506215/49042412129994603
-33,28,0.00039710993660505717,,0.0003940512705016723,19325224808291/49042412129994603
-33,29,0.00039660498429504955,,0.00039409937788410993,6442528036789/16347470709998201
-33,30,0.00039787027968947946,,0.00039414748526654751,19329943412443/49042412129994603
-33,31,0.00039888195410068341,,0.00039419559264898513,19332302714519/49042412129994603
-33,32,0.00039858940443382522,,0.00039424370003142271,6444887338865/16347470709998201
-33,33,0.0003999276787843555,,0.00039429180741386028,19337021318671/49042412129994603
-33,34,0.00040266364707540979,,0.00039433991479629791,19339380620747/49042412129994603
-33,35,0.00040070613857306873,,0.00039438802217873548,6447246640941/16347470709998201
-33,36,0.00040038765019442314,,0.00039443612956117311,19344099224899/49042412129994603
-33,37,0.00040206371112896396,,0.00039448423694361069,19346458526975/49042412129994603
-33,38,0.00040398489764874242,,0.00039453234432604832,6449605943017/16347470709998201
-33,39,0.00040487854238771542,,0.00039458045170848589,19351177131127/49042412129994603
-33,40,0.00040544059706080165,,0.00039462855909092352,19353536433203/49042412129994603
-33,41,0.00040681158575209112,,0.00039467666647336109,6451965245093/16347470709998201
-33,42,0.00040876640537595402,,0.00039472477385579872,19358255037355/49042412129994603
-33,43,0.00041176234526403479,,0.00039477288123823629,19360614339431/49042412129994603
-32,-8,0.00040590803015637291,,0.00039224082907231007,6412145464525/16347470709998201
-32,-7,0.00040428427104904533,,0.00039228893645474764,19238795695651/49042412129994603
-32,-6,0.00040335972917592092,,0.00039233704383718527,19241154997727/49042412129994603
-32,-5,0.00040221437373266447,,0.00039238515121962285,6414504766601/16347470709998201
-32,-4,0.00040151853933072267,,0.00039243325860206048,19245873601879/49042412129994603
-32,-3,0.00040025881478256278,,0.00039248136598449805,19248232903955/49042412129994603
-32,-2,0.00040002016558055844,,0.00039252947336693568,6416864068677/16347470709998201
-32,-1,0.0003982491415278716,,0.00039257758074937325,19252951508107/49042412129994603
-32,0,0.00039854689591762769,,0.00039262568813181088,19255310810183/49042412129994603
-32,1,0.00039712206143135997,,0.00039267379551424845,6419223370753/16347470709998201
-32,2,0.00039622530541865867,,0.00039272190289668603,19260029414335/49042412129994603
-32,3,0.00039586894557823161,,0.00039277001027912366,19262388716411/49042412129994603
-32,4,0.00039532274222388628,,0.00039281811766156123,6421582672829/16347470709998201
-32,5,0.00039457475072136389,,0.00039286622504399886,19267107320563/49042412129994603
-32,6,0.00039578288746656271,,0.00039291433242643643,19269466622639/49042412129994603
-32,7,0.00039420377410571939,,0.00039296243980887406,6423941974905/16347470709998201
-32,8,0.00039413768829305192,,0.00039301054719131164,19274185226791/49042412129994603
-32,9,0.0003945340508362575,,0.00039305865457374927,19276544528867/49042412129994603
-32,10,0.0003926187768756959,,0.00039310676195618684,6426301276981/16347470709998201
-32,11,0.00039525604133494921,,0.00039315486933862447,19281263133019/49042412129994603
-32,12,0.00039268741294145015,,0.00039320297672106204,19283622435095/49042412129994603
-32,13,0.000391704044463253,,0.00039325108410349962,6428660579057/16347470709998201
-32,14,0.00039318904539637026,,0.00039329919148593724,19288341039247/49042412129994603
-32,15,0.0003921224197431066,,0.00039334729886837482,19290700341323/49042412129994603
-32,16,0.00039193058721730128,,0.00039339540625081245,6431019881133/16347470709998201
-32,17,0.00039188080947687143,,0.00039344351363325002,19295418945475/49042412129994603
-32,18,0.00039231283882045257,,0.00039349162101568765,19297778247551/49042412129994603
-32,19,0.00039173263484261077,,0.00039353972839812522,6433379183209/16347470709998201
-32,20,0.00039160246653166444,,0.00039358783578056285,19302496851703/49042412129994603
-32,21,0.00039341248792771119,,0.00039363594316300043,19304856153779/49042412129994603
-32,22,0.00039208883577797712,,0.00039368405054543805,6435738485285/16347470709998201
-32,23,0.00039277917984846772,,0.00039373215792787563,19309574757931/49042412129994603
-32,24,0.00039454712637863052,,0.00039378026531031326,19311934060007/49042412129994603
-32,25,0.00039610509784952688,,0.00039382837269275083,6438097787361/16347470709998201
-32,26,0.00039549663960374254,,0.00039387648007518841,19316652664159/49042412129994603
-32,27,0.00039766351244507545,,0.00039392458745762603,19319011966235/49042412129994603
-32,28,0.00039774834488478416,,0.00039397269484006361,6440457089437/16347470709998201
-32,29,0.0003964965053188545,,0.00039402080222250124,19323730570387/49042412129994603
-32,30,0.00039619973996829342,,0.00039406890960493881,19326089872463/49042412129994603
-32,31,0.00039907937424914751,,0.00039411701698737644,6442816391513/16347470709998201
-32,32,0.00039935290602933891,,0.00039416512436981401,244693778185/620790026961957
-32,33,0.00039781574212825342,,0.00039421323175225164,19333167778691/49042412129994603
-32,34,0.0004016083155512876,,0.00039426133913468922,6445175693589/16347470709998201
-32,35,0.00039989536845066201,,0.00039430944651712684,19337886382843/49042412129994603
-32,36,0.00040155614427015476,,0.00039435755389956442,19340245684919/49042412129994603
-32,37,0.00040155399319206231,,0.00039440566128200205,6447534995665/16347470709998201
-32,38,0.00040341543461910775,,0.00039445376866443962,19344964289071/49042412129994603
-32,39,0.00040375816993585927,,0.00039450187604687719,19347323591147/49042412129994603
-32,40,0.00040584316554219564,,0.00039454998342931482,6449894297741/16347470709998201
-32,41,0.00040716371054073865,,0.0003945980908117524,19352042195299/49042412129994603
-32,42,0.0004097292219186375,,0.00039464619819419003,19354401497375/49042412129994603
-31,-9,0.0004045832465479075,,0.0003921141460282638,6410074517173/16347470709998201
-31,-8,0.00040329410199808425,,0.00039216225341070138,19232582853595/49042412129994603
-31,-7,0.00040193372195535535,,0.000392210360793139,19234942155671/49042412129994603
-31,-6,0.00040095399938266187,,0.00039225846817557658,6412433819249/16347470709998201
-31,-5,0.0004001719480474196,,0.00039230657555801415,19239660759823/49042412129994603
-31,-4,0.00039857871465933011,,0.00039235468294045178,19242020061899/49042412129994603
-31,-3,0.00039814827117336222,,0.00039240279032288936,6414793121325/16347470709998201
-31,-2,0.00039755016913687561,,0.00039245089770532698,19246738666051/49042412129994603
-31,-1,0.00039681385170202616,,0.00039249900508776456,19249097968127/49042412129994603
-31,0,0.00039563697002803212,,0.00039254711247020219,6417152423401/16347470709998201
-31,1,0.00039650348981900028,,0.00039259521985263976,19253816572279/49042412129994603
-31,2,0.00039385292588422946,,0.00039264332723507739,19256175874355/49042412129994603
-31,3,0.0003930438077665149,,0.00039269143461751496,6419511725477/16347470709998201
-31,4,0.00039332318150538776,,0.00039273954199995259,19260894478507/49042412129994603
-31,5,0.00039233980949772798,,0.00039278764938239017,19263253780583/49042412129994603
-31,6,0.0003922888456592442,,0.00039283575676482774,6421871027553/16347470709998201
-31,7,0.00039175117144397032,,0.00039288386414726537,19267972384735/49042412129994603
-31,8,0.00039181966646708173,,0.00039293197152970294,19270331686811/49042412129994603
-31,9,0.00039145999577880071,,0.00039298007891214057,6424230329629/16347470709998201
-31,10,0.00039130965565346674,,0.00039302818629457814,19275050290963/49042412129994603
-31,11,0.00039165249974735486,,0.00039307629367701577,19277409593039/49042412129994603
-31,12,0.00039090010245988017,,0.00039312440105945335,6426589631705/16347470709998201
-31,13,0.00039176741549992364,,0.00039317250844189098,19282128197191/49042412129994603
-31,14,0.00039216276723848899,,0.00039322061582432855,19284487499267/49042412129994603
-31,15,0.00039032689895598249,,0.00039326872320676618,6428948933781/16347470709998201
-31,16,0.00039098168558449959,,0.00039331683058920375,19289206103419/49042412129994603
-31,17,0.00039410829999951742,,0.00039336493797164138,19291565405495/49042412129994603
-31,18,0.00039109715134565722,,0.00039341304535407895,6431308235857/16347470709998201
-31,19,0.00039155893818576873,,0.00039346115273651653,19296284009647/49042412129994603
-31,20,0.00039242459571714239,,0.00039350926011895416,19298643311723/49042412129994603
-31,21,0.00039239466437280618,,0.00039355736750139173,6433667537933/16347470709998201
-31,22,0.00039769216847058395,,0.00039360547488382936,19303361915875/49042412129994603
-31,23,0.00039326453338265173,,0.00039365358226626693,19305721217951/49042412129994603
-31,24,0.00039535646953980718,,0.00039370168964870456,6436026840009/16347470709998201
-31,25,0.00039540373606226139,,0.00039374979703114214,19310439822103/49042412129994603
-31,26,0.00039405242999234391,,0.00039379790441357976,19312799124179/49042412129994603
-31,27,0.00040007340632506092,,0.00039384601179601734,6438386142085/16347470709998201
-31,28,0.00039521741441742448,,0.00039389411917845497,19317517728331/49042412129994603
-31,29,0.00039637918281341169,,0.00039394222656089254,19319877030407/49042412129994603
-31,30,0.00039800277146799713,,0.00039399033394333017,6440745444161/16347470709998201
-31,31,0.00039586713699988122,,0.00039403844132576774,19324595634559/49042412129994603
-31,32,0.00039726609148892084,,0.00039408654870820532,19326954936635/49042412129994603
-31,33,0.00039835481005595495,,0.00039413465609064295,6443104746237/16347470709998201
-31,34,0.00039778926343394491,,0.00039418276347308052,19331673540787/49042412129994603
-31,35,0.00040079273516983286,,0.00039423087085551815,19334032842863/49042412129994603
-31,36,0.00039981201041629048,,0.00039427897823795572,6445464048313/16347470709998201
-31,37,0.00040107994652279242,,0.00039432708562039335,19338751447015/49042412129994603
-31,38,0.00040237601450514028,,0.00039437519300283093,19341110749091/49042412129994603
-31,39,0.00040399129943924128,,0.00039442330038526855,6447823350389/16347470709998201
-31,40,0.00040566204455941892,,0.00039447140776770613,19345829353243/49042412129994603
-31,41,0.00040793053009935843,,0.00039451951515014376,19348188655319/49042412129994603
-30,-10,0.00040379637152919781,,0.00039198746298421748,6408003569821/16347470709998201
-30,-9,0.00040265330696819028,,0.00039203557036665511,19226370011539/49042412129994603
-30,-8,0.00040124377747981417,,0.00039208367774909268,19228729313615/49042412129994603
-30,-7,0.00039993057533319423,,0.00039213178513153031,6410362871897/16347470709998201
-30,-6,0.00039908542815843826,,0.00039217989251396788,19233447917767/49042412129994603
-30,-5,0.00039790377492696099,,0.00039222799989640551,19235807219843/49042412129994603
-30,-4,0.00039724569629026504,,0.00039227610727884309,6412722173973/16347470709998201
-30,-3,0.0003968405995496445,,0.00039232421466128071,19240525823995/49042412129994603
-30,-2,0.00039509605859822214,,0.00039237232204371829,19242885126071/49042412129994603
-30,-1,0.00039437668075762767,,0.00039242042942615592,6415081476049/16347470709998201
-30,0,0.00039526869140742372,,0.00039246853680859349,19247603730223/49042412129994603
-30,1,0.00039278035822311276,,0.00039251664419103107,19249963032299/49042412129994603
-30,2,0.00039293192466561947,,0.00039256475157346869,6417440778125/16347470709998201
-30,3,0.00039171284420168556,,0.00039261285895590627,19254681636451/49042412129994603
-30,4,0.00039123210131804655,,0.0003926609663383439,19257040938527/49042412129994603
-30,5,0.0003903014348475098,,0.00039270907372078147,6419800080201/16347470709998201
-30,6,0.0003907218452282039,,0.0003927571811032191,19261759542679/49042412129994603
-30,7,0.0003917495473140528,,0.00039280528848565667,19264118844755/49042412129994603
-30,8,0.00038992372597543507,,0.0003928533958680943,6422159382277/16347470709998201
-30,9,0.00039103444771091642,,0.00039290150325053188,19268837448907/49042412129994603
-30,10,0.00039014842340706217,,0.0003929496106329695,19271196750983/49042412129994603
-30,11,0.00038995572667219235,,0.00039299771801540708,6424518684353/16347470709998201
-30,12,0.00039237654707285793,,0.00039304582539784465,19275915355135/49042412129994603
-30,13,0.00039070799450537899,,0.00039309393278028228,19278274657211/49042412129994603
-30,14,0.00039054445149249893,,0.00039314204016271985,6426877986429/16347470709998201
-30,15,0.00039032524517131577,,0.00039319014754515748,19282993261363/49042412129994603
-30,16,0.00038959725373543218,,0.00039323825492759506,19285352563439/49042412129994603
-30,17,0.00038936454781049321,,0.00039328636231003269,6429237288505/16347470709998201
-30,18,0.0003903568292128779,,0.00039333446969247026,19290071167591/49042412129994603
-30,19,0.00039175446743835204,,0.00039338257707490789,19292430469667/49042412129994603
-30,20,0.00038953167966117872,,0.00039343068445734546,6431596590581/16347470709998201
-30,21,0.00039169927228950157,,0.00039347879183978309,19297149073819/49042412129994603
-30,22,0.0003906906637761532,,0.00039352689922222066,19299508375895/49042412129994603
-30,23,0.00039322561623435432,,0.00039357500660465829,6433955892657/16347470709998201
-30,24,0.00039380451372930892,,0.00039362311398709587,19304226980047/49042412129994603
-30,25,0.0003947231620853325,,0.00039367122136953344,19306586282123/49042412129994603
-30,26,0.00039724376738659977,,0.00039371932875197107,6436315194733/16347470709998201
-30,27,0.00039724848546717032,,0.00039376743613440864,19311304886275/49042412129994603
-30,28,0.00039404412900874891,,0.00039381554351684627,19313664188351/49042412129994603
-30,29,0.00039370109684648953,,0.00039386365089928385,6438674496809/16347470709998201
-30,30,0.00039642839287987099,,0.00039391175828172147,19318382792503/49042412129994603
-30,31,0.00039474109003310954,,0.00039395986566415905,19320742094579/49042412129994603
-30,32,0.00039652684540182951,,0.00039400797304659668,6441033798885/16347470709998201
-30,33,0.00039723369925948249,,0.00039405608042903425,19325460698731/49042412129994603
-30,34,0.00039770391874547392,,0.00039410418781147188,19327820000807/49042412129994603
-30,35,0.00039894250525634442,,0.00039415229519390945,6443393100961/16347470709998201
-30,36,0.00040073682081312505,,0.00039420040257634708,19332538604959/49042412129994603
-30,37,0.00040109942552907685,,0.00039424850995878466,19334897907035/49042412129994603
-30,38,0.00040267426656389509,,0.00039429661734122223,6445752403037/16347470709998201
-30,39,0.00040447005145733675,,0.00039434472472365986,19339616511187/49042412129994603
-30,40,0.00040658990704900931,,0.00039439283210609743,19341975813263/49042412129994603
-29,-11,0.00040312716384044282,,0.00039186077994017121,6405932622469/16347470709998201
-29,-10,0.00040235551041205661,,0.00039190888732260884,19220157169483/49042412129994603
-29,-9,0.00040086524208961087,,0.00039195699470504641,19222516471559/49042412129994603
-29,-8,0.00039922109917041857,,0.00039200510208748404,6408291924545/16347470709998201
-29,-7,0.00039909772730738045,,0.00039205320946992161,19227235075711/49042412129994603
-29,-6,0.00039709448816959949,,0.00039210131685235919,19229594377787/49042412129994603
-29,-5,0.00039579841065059062,,0.00039214942423479682,6410651226621/16347470709998201
-29,-4,0.00039522979914277087,,0.00039219753161723439,19234312981939/49042412129994603
-29,-3,0.00039500818333708311,,0.00039224563899967202,19236672284015/49042412129994603
-29,-2,0.00039378485538675296,,0.00039229374638210959,6413010528697/16347470709998201
-29,-1,0.00039278815602235409,,0.00039234185376454722,19241390888167/49042412129994603
-29,0,0.00039211343825412215,,0.0003923899611469848,19243750190243/49042412129994603
-29,1,0.00039111553565055385,,0.00039243806852942242,6415369830773/16347470709998201
-29,2,0.00039243915177317304,,0.00039248617591186,19248468794395/49042412129994603
-29,3,0.00039024373667427282,,0.00039253428329429763,19250828096471/49042412129994603
-29,4,0.00039130177046762095,,0.0003925823906767352,81237077631/206930008987319
-29,5,0.0003899415234254855,,0.00039263049805917278,19255546700623/49042412129994603
-29,6,0.00038969340627048528,,0.0003926786054416104,19257906002699/49042412129994603
-29,7,0.00038850952977613267,,0.00039272671282404798,6420088434925/16347470709998201
-29,8,0.00038972997799862659,,0.00039277482020648561,19262624606851/49042412129994603
-29,9,0.00038944450825020686,,0.00039282292758892318,19264983908927/49042412129994603
-29,10,0.00038898134990015122,,0.00039287103497136081,6422447737001/16347470709998201
-29,11,0.00038932234264793379,,0.00039291914235379838,19269702513079/49042412129994603
-29,12,0.0003886891311666986,,0.00039296724973623601,19272061815155/49042412129994603
-29,13,0.00039032357187772468,,0.00039301535711867359,6424807039077/16347470709998201
-29,14,0.00039087317670431548,,0.00039306346450111121,19276780419307/49042412129994603
-29,15,0.00038839333831803543,,0.00039311157188354879,19279139721383/49042412129994603
-29,16,0.00038924417788434887,,0.00039315967926598642,6427166341153/16347470709998201
-29,17,0.00038972237987362134,,0.00039320778664842399,19283858325535/49042412129994603
-29,18,0.00039047296849662063,,0.00039325589403086156,19286217627611/49042412129994603
-29,19,0.00038893584297417948,,0.00039330400141329919,6429525643229/16347470709998201
-29,20,0.00038987855787660138,,0.00039335210879573677,19290936231763/49042412129994603
-29,21,0.0003916152082340486,,0.0003934002161781744,19293295533839/49042412129994603
-29,22,0.0003903198531423277,,0.00039344832356061197,6431884945305/16347470709998201
-29,23,0.00039111658513104014,,0.0003934964309430496,19298014137991/49042412129994603
-29,24,0.00039367339236091376,,0.00039354453832548717,19300373440067/49042412129994603
-29,25,0.0003913499478305676,,0.0003935926457079248,6434244247381/16347470709998201
-29,26,0.00039590327711631489,,0.00039364075309036237,19305092044219/49042412129994603
-29,27,0.00039287377159259441,,0.0003936888604728,19307451346295/49042412129994603
-29,28,0.00039578719996505828,,0.00039373696785523758,6436603549457/16347470709998201
-29,29,0.00039476705324521181,,0.00039378507523767521,19312169950447/49042412129994603
-29,30,0.00039477272286009729,,0.00039383318262011278,19314529252523/49042412129994603
-29,31,0.00039513756030407185,,0.00039388129000255035,6438962851533/16347470709998201
-29,32,0.00039725798226988824,,0.00039392939738498798,19319247856675/49042412129994603
-29,33,0.00039627238777400749,,0.00039397750476742556,19321607158751/49042412129994603
-29,34,0.00039741022044009804,,0.00039402561214986318,6441322153609/16347470709998201
-29,35,0.00039954251899238343,,0.00039407371953230076,19326325762903/49042412129994603
-29,36,0.00040165464889103464,,0.00039412182691473839,19328685064979/49042412129994603
-29,37,0.00040116147406491669,,0.00039416993429717596,6443681455685/16347470709998201
-29,38,0.00040232600943722059,,0.00039421804167961359,19333403669131/49042412129994603
-29,39,0.0004050575074695693,,0.00039426614906205116,19335762971207/49042412129994603
-29,40,0.00040877169836995387,,0.00039431425644448879,6446040757761/16347470709998201
-28,-12,0.00040263439347259584,,0.00039173409689612494,6403861675117/16347470709998201
-28,-11,0.0004015876557994124,,0.00039178220427856251,19213944327427/49042412129994603
-28,-10,0.00040022304918833646,,0.00039183031166100014,19216303629503/49042412129994603
-28,-9,0.00039911865304085995,,0.00039187841904343772,6406220977193/16347470709998201
-28,-8,0.00039774644117719057,,0.00039192652642587535,19221022233655/49042412129994603
-28,-7,0.00039661996457685629,,0.00039197463380831292,19223381535731/49042412129994603
-28,-6,0.00039631678366311586,,0.00039202274119075055,6408580279269/16347470709998201
-28,-5,0.00039481659135101599,,0.00039207084857318812,19228100139883/49042412129994603
-28,-4,0.00039316440232287455,,0.00039211895595562575,19230459441959/49042412129994603
-28,-3,0.0003924415589059024,,0.00039216706333806332,6410939581345/16347470709998201
-28,-2,0.00039228829690199173,,0.00039221517072050095,19235178046111/49042412129994603
-28,-1,0.00039210497343499152,,0.00039226327810293853,19237537348187/49042412129994603
-28,0,0.00039177357023117098,,0.0003923113854853761,6413298883421/16347470709998201
-28,1,0.00038942666417092568,,0.00039235949286781373,19242255952339/49042412129994603
-28,2,0.00039110362707627698,,0.0003924076002502513,19244615254415/49042412129994603
-28,3,0.00038892263196293412,,0.00039245570763268893,6415658185497/16347470709998201
-28,4,0.00038945222356831776,,0.00039250381501512651,19249333858567/49042412129994603
-28,5,0.0003882972131827319,,0.00039255192239756413,19251693160643/49042412129994603
-28,6,0.00038866126519004245,,0.00039260002978000171,6418017487573/16347470709998201
-28,7,0.0003885817076696021,,0.00039264813716243934,19256411764795/49042412129994603
-28,8,0.00038782923571667281,,0.00039269624454487691,19258771066871/49042412129994603
-28,9,0.00038794909736753483,,0.00039274435192731454,6420376789649/16347470709998201
-28,10,0.00038937154657419412,,0.00039279245930975211,19263489671023/49042412129994603
-28,11,0.00038784273839714795,,0.00039284056669218969,19265848973099/49042412129994603
-28,12,0.00039040539860941612,,0.00039288867407462732,6422736091725/16347470709998201
-28,13,0.00038969242577971939,,0.00039293678145706489,19270567577251/49042412129994603
-28,14,0.00038722670475374837,,0.00039298488883950252,19272926879327/49042412129994603
-28,15,0.00038976559136163417,,0.00039303299622194009,6425095393801/16347470709998201
-28,16,0.00038880659395763097,,0.00039308110360437772,19277645483479/49042412129994603
-28,17,0.00038798195205991476,,0.0003931292109868153,19280004785555/49042412129994603
-28,18,0.00038841971823907968,,0.00039317731836925292,6427454695877/16347470709998201
-28,19,0.00038951155164080161,,0.0003932254257516905,19284723389707/49042412129994603
-28,20,0.00038887618688652462,,0.00039327353313412813,19287082691783/49042412129994603
-28,21,0.00039021147805524779,,0.0003933216405165657,81390050607/206930008987319
-28,22,0.00039192575717679278,,0.00039336974789900333,19291801295935/49042412129994603
-28,23,0.00039032985853125598,,0.0003934178552814409,19294160598011/49042412129994603
-28,24,0.00039801585646060398,,0.00039346596266387848,6432173300029/16347470709998201
-28,25,0.00039220184079748812,,0.00039351407004631611,19298879202163/49042412129994603
-28,26,0.00039344209275324766,,0.00039356217742875368,19301238504239/49042412129994603
-28,27,0.00039323953439331094,,0.00039361028481119131,6434532602105/16347470709998201
-28,28,0.00039265213085653238,,0.00039365839219362888,19305957108391/49042412129994603
-28,29,0.00039499419612159224,,0.00039370649957606651,19308316410467/49042412129994603
-28,30,0.00039421734770096962,,0.00039375460695850408,6436891904181/16347470709998201
-28,31,0.00039457211581034476,,0.00039380271434094171,19313035014619/49042412129994603
-28,32,0.00039755883592601065,,0.00039385082172337929,19315394316695/49042412129994603
-28,33,0.00039647636150704917,,0.00039389892910581692,6439251206257/16347470709998201
-28,34,0.0003979430652826662,,0.00039394703648825449,19320112920847/49042412129994603
-28,35,0.00040062879355555448,,0.00039399514387069212,19322472222923/49042412129994603
-28,36,0.00040152577724256888,,0.00039404325125312969,6441610508333/16347470709998201
-28,37,0.00040131845053717458,,0.00039409135863556727,19327190827075/49042412129994603
-28,38,0.00040373066059250467,,0.00039413946601800489,19329550129151/49042412129994603
-28,39,0.00040665498493677781,,0.00039418757340044247,6443969810409/16347470709998201
-27,-13,0.00040242311882233615,,0.00039160741385207867,6401790727765/16347470709998201
-27,-12,0.00040117062611308191,,0.00039165552123451625,19207731485371/49042412129994603
-27,-11,0.00040008091825363419,,0.00039170362861695387,19210090787447/49042412129994603
-27,-10,0.00039834228141094315,,0.00039175173599939145,6404150029841/16347470709998201
-27,-9,0.00039709309513449496,,0.00039179984338182908,19214809391599/49042412129994603
-27,-8,0.00039656719229916218,,0.00039184795076426665,19217168693675/49042412129994603
-27,-7,0.00039525051493397213,,0.00039189605814670422,6406509331917/16347470709998201
-27,-6,0.00039431588522808903,,0.00039194416552914185,19221887297827/49042412129994603
-27,-5,0.00039422550885533195,,0.00039199227291157943,19224246599903/49042412129994603
-27,-4,0.00039420774961807501,,0.00039204038029401706,6408868633993/16347470709998201
-27,-3,0.00039155038716769618,,0.00039208848767645463,19228965204055/49042412129994603
-27,-2,0.00039183042183836472,,0.00039213659505889226,19231324506131/49042412129994603
-27,-1,0.00039074845936032355,,0.00039218470244132983,6411227936069/16347470709998201
-27,0,0.00038961730583970868,,0.00039223280982376746,19236043110283/49042412129994603
-27,1,0.00038827576719334227,,0.00039228091720620503,19238402412359/49042412129994603
-27,2,0.00038836895185807174,,0.00039232902458864266,6413587238145/16347470709998201
-27,3,0.00038731723787421959,,0.00039237713197108024,19243121016511/49042412129994603
-27,4,0.00038906084301311227,,0.00039242523935351781,19245480318587/49042412129994603
-27,5,0.00038681121123460607,,0.00039247334673595544,6415946540221/16347470709998201
-27,6,0.00038979295738951253,,0.00039252145411839301,19250198922739/49042412129994603
-27,7,0.00038696798222947744,,0.00039256956150083064,19252558224815/49042412129994603
-27,8,0.00038707509771086524,,0.00039261766888326822,6418305842297/16347470709998201
-27,9,0.00038656309895994634,,0.00039266577626570584,19257276828967/49042412129994603
-27,10,0.00038772956608534615,,0.00039271388364814342,19259636131043/49042412129994603
-27,11,0.00038600570304926884,,0.00039276199103058105,6420665144373/16347470709998201
-27,12,0.00038619110578462675,,0.00039281009841301862,19264354735195/49042412129994603
-27,13,0.00038779823475403079,,0.00039285820579545625,19266714037271/49042412129994603
-27,14,0.00038862423364741387,,0.00039290631317789382,6423024446449/16347470709998201
-27,15,0.00038807229678998174,,0.00039295442056033145,19271432641423/49042412129994603
-27,16,0.00038648633954864068,,0.00039300252794276903,19273791943499/49042412129994603
-27,17,0.00038673182704289106,,0.0003930506353252066,6425383748525/16347470709998201
-27,18,0.0003890588652982351,,0.00039309874270764423,19278510547651/49042412129994603
-27,19,0.00039023250949806788,,0.0003931468500900818,19280869849727/49042412129994603
-27,20,0.00038813114567769197,,0.00039319495747251943,6427743050601/16347470709998201
-27,21,0.00039223889063670875,,0.00039324306485495701,19285588453879/49042412129994603
-27,22,0.00038928168719604914,,0.00039329117223739463,19287947755955/49042412129994603
-27,23,0.00038867836525612195,,0.00039333927961983221,6430102352677/16347470709998201
-27,24,0.00039068726587448819,,0.00039338738700226984,19292666360107/49042412129994603
-27,25,0.00039037364007118633,,0.00039343549438470741,19295025662183/49042412129994603
-27,26,0.00039079723967333697,,0.00039348360176714504,6432461654753/16347470709998201
-27,27,0.00039423697155908385,,0.00039353170914958261,19299744266335/49042412129994603
-27,28,0.00039542294362956043,,0.00039357981653202024,19302103568411/49042412129994603
-27,29,0.0003938379720814684,,0.00039362792391445782,6434820956829/16347470709998201
-27,30,0.0003946024680835542,,0.00039367603129689539,19306822172563/49042412129994603
-27,31,0.00039575082114287516,,0.00039372413867933302,19309181474639/49042412129994603
-27,32,0.00039558012011150736,,0.00039377224606177059,6437180258905/16347470709998201
-27,33,0.0003960587559790925,,0.00039382035344420822,19313900078791/49042412129994603
-27,34,0.00039952934811219318,,0.00039386846082664579,19316259380867/49042412129994603
-27,35,0.00039855369527253952,,0.00039391656820908342,6439539560981/16347470709998201
-27,36,0.00040025196320405207,,0.000393964675591521,19320977985019/49042412129994603
-27,37,0.00040242634922566829,,0.00039401278297395863,19323337287095/49042412129994603
-27,38,0.00040512465372482371,,0.0003940608903563962,81543023583/206930008987319
-26,-14,0.00040264990346183837,,0.00039148073080803235,6399719780413/16347470709998201
-26,-13,0.00040129598922394953,,0.00039152883819046998,19201518643315/49042412129994603
-26,-12,0.00039986173023522705,,0.00039157694557290755,19203877945391/49042412129994603
-26,-11,0.00039839023506514203,,0.00039162505295534518,6402079082489/16347470709998201
-26,-10,0.00039729531130336566,,0.00039167316033778275,19208596549543/49042412129994603
-26,-9,0.00039552294845109602,,0.00039172126772022038,19210955851619/49042412129994603
-26,-8,0.00039571990486672739,,0.00039176937510265796,6404438384565/16347470709998201
-26,-7,0.0003938286886952891,,0.00039181748248509558,19215674455771/49042412129994603
-26,-6,0.00039322845590061351,,0.00039186558986753316,19218033757847/49042412129994603
-26,-5,0.00039199980432996502,,0.00039191369724997079,6406797686641/16347470709998201
-26,-4,0.00039240478199303625,,0.00039196180463240836,19222752361999/49042412129994603
-26,-3,0.00039031456432160616,,0.00039200991201484599,19225111664075/49042412129994603
-26,-2,0.00039020673608780706,,0.00039205801939728356,6409156988717/16347470709998201
-26,-1,0.00038904912314516359,,0.00039210612677972114,19229830268227/49042412129994603
-26,0,0.00039107505754015749,,0.00039215423416215877,19232189570303/49042412129994603
-26,1,0.00038886649387018056,,0.00039220234154459634,6411516290793/16347470709998201
-26,2,0.0003885207337315994,,0.00039225044892703397,19236908174455/49042412129994603
-26,3,0.00038721263919712698,,0.00039229855630947154,19239267476531/49042412129994603
-26,4,0.00038910691641091998,,0.00039234666369190917,6413875592869/16347470709998201
-26,5,0.00038529564398301624,,0.00039239477107434674,19243986080683/49042412129994603
-26,6,0.00038653239464796413,,0.00039244287845678437,19246345382759/49042412129994603
-26,7,0.00038698801529812394,,0.00039249098583922195,6416234894945/16347470709998201
-26,8,0.00038610497867771289,,0.00039253909322165958,19251063986911/49042412129994603
-26,9,0.00039046409578677812,,0.00039258720060409715,19253423288987/49042412129994603
-26,10,0.00038600361348661345,,0.00039263530798653472,6418594197021/16347470709998201
-26,11,0.0003859260691155627,,0.00039268341536897235,19258141893139/49042412129994603
-26,12,0.00038612972556748931,,0.00039273152275140993,19260501195215/49042412129994603
-26,13,0.00038623918157703897,,0.00039277963013384755,6420953499097/16347470709998201
-26,14,0.00038612455340640155,,0.00039282773751628513,19265219799367/49042412129994603
-26,15,0.00038632717197800584,,0.00039287584489872276,19267579101443/49042412129994603
-26,16,0.00038887660729469584,,0.00039292395228116033,6423312801173/16347470709998201
-26,17,0.00038656809452098989,,0.00039297205966359796,19272297705595/49042412129994603
-26,18,0.00038813611488467087,,0.00039302016704603553,19274657007671/49042412129994603
-26,19,0.00038937951565824904,,0.00039306827442847316,6425672103249/16347470709998201
-26,20,0.00039142889785076008,,0.00039311638181091074,19279375611823/49042412129994603
-26,21,0.00039175364395921272,,0.00039316448919334836,19281734913899/49042412129994603
-26,22,0.00039018165213582583,,0.00039321259657578594,6428031405325/16347470709998201
-26,23,0.0003915676690745623,,0.00039326070395822351,19286453518051/49042412129994603
-26,24,0.00038911867341444968,,0.00039330881134066114,19288812820127/49042412129994603
-26,25,0.00039128448410817666,,0.00039335691872309872,6430390707401/16347470709998201
-26,26,0.00039193614053130676,,0.00039340502610553634,19293531424279/49042412129994603
-26,27,0.00039509132480712469,,0.00039345313348797392,19295890726355/49042412129994603
-26,28,0.00039334508808498139,,0.00039350124087041155,6432750009477/16347470709998201
-26,29,0.00039318076172521527,,0.00039354934825284912,19300609330507/49042412129994603
-26,30,0.00039459726101657045,,0.00039359745563528675,19302968632583/49042412129994603
-26,31,0.00039571499584701723,,0.00039364556301772432,6435109311553/16347470709998201
-26,32,0.00039494609312838187,,0.00039369367040016195,19307687236735/49042412129994603
-26,33,0.00039729121680901505,,0.00039374177778259953,19310046538811/49042412129994603
-26,34,0.00039731542093528974,,0.00039378988516503715,6437468613629/16347470709998201
-26,35,0.0004007532629081493,,0.00039383799254747473,19314765142963/49042412129994603
-26,36,0.00040132907728829037,,0.0003938860999299123,19317124445039/49042412129994603
-26,37,0.00040373739377567107,,0.00039393420731234993,6439827915705/16347470709998201
-26,38,0.00040810544104480839,,0.00039398231469478751,19321843049191/49042412129994603
-25,-15,0.00040335425743731184,,0.00039135404776398608,6397648833061/16347470709998201
-25,-14,0.00040150827458897961,,0.00039140215514642371,19195305801259/49042412129994603
-25,-13,0.00039990520823999332,,0.00039145026252886128,19197665103335/49042412129994603
-25,-12,0.00039817814953192987,,0.00039149836991129891,6400008135137/16347470709998201
-25,-11,0.00039718733399003768,,0.00039154647729373648,19202383707487/49042412129994603
-25,-10,0.00039617688925712603,,0.00039159458467617411,19204743009563/49042412129994603
-25,-9,0.00039530448342837423,,0.00039164269205861169,6402367437213/16347470709998201
-25,-8,0.0003943367248968935,,0.00039169079944104926,19209461613715/49042412129994603
-25,-7,0.00039661917922490355,,0.00039173890682348689,243187606529/620790026961957
-25,-6,0.00039231430847945015,,0.00039178701420592446,6404726739289/16347470709998201
-25,-5,0.00039270530223805005,,0.00039183512158836209,19216539519943/49042412129994603
-25,-4,0.00039163370371361847,,0.00039188322897079967,19218898822019/49042412129994603
-25,-3,0.00038978729464217833,,0.00039193133635323729,6407086041365/16347470709998201
-25,-2,0.00038934061632884545,,0.00039197944373567487,19223617426171/49042412129994603
-25,-1,0.00038909797609232023,,0.0003920275511181125,19225976728247/49042412129994603
-25,0,0.00038887128835368148,,0.00039207565850055007,6409445343441/16347470709998201
-25,1,0.00038717491087340806,,0.0003921237658829877,19230695332399/49042412129994603
-25,2,0.00039238337466474259,,0.00039217187326542527,19233054634475/49042412129994603
-25,3,0.00038799551978429571,,0.00039221998064786285,6411804645517/16347470709998201
-25,4,0.00038637011101565265,,0.00039226808803030048,19237773238627/49042412129994603
-25,5,0.00038866011821888621,,0.00039231619541273805,19240132540703/49042412129994603
-25,6,0.00038793551006720511,,0.00039236430279517568,6414163947593/16347470709998201
-25,7,0.00038675686927811377,,0.00039241241017761325,19244851144855/49042412129994603
-25,8,0.00038478055450753357,,0.00039246051756005088,19247210446931/49042412129994603
-25,9,0.00038701935442662211,,0.00039250862494248845,6416523249669/16347470709998201
-25,10,0.00038689965480301748,,0.00039255673232492608,19251929051083/49042412129994603
-25,11,0.00038487675104532677,,0.00039260483970736366,19254288353159/49042412129994603
-25,12,0.0003877929207771554,,0.00039265294708980129,6418882551745/16347470709998201
-25,13,0.00038531236538920258,,0.00039270105447223886,19259006957311/49042412129994603
-25,14,0.00038827929109780537,,0.00039274916185467649,19261366259387/49042412129994603
-25,15,0.00038482764982989434,,0.00039279726923711406,6421241853821/16347470709998201
-25,16,0.00038562029995496011,,0.00039284537661955164,19266084863539/49042412129994603
-25,17,0.0003864888364591019,,0.00039289348400198926,19268444165615/49042412129994603
-25,18,0.0003891281332384515,,0.00039294159138442684,6423601155897/16347470709998201
-25,19,0.00038690675944440516,,0.00039298969876686447,19273162769767/49042412129994603
-25,20,0.00039043552000014614,,0.00039303780614930204,19275522071843/49042412129994603
-25,21,0.00038832766816441436,,0.00039308591353173967,6425960457973/16347470709998201
-25,22,0.00038794761706229864,,0.00039313402091417724,19280240675995/49042412129994603
-25,23,0.00038993681891636269,,0.00039318212829661487,19282599978071/49042412129994603
-25,24,0.00038901083820016657,,0.00039323023567905245,6428319760049/16347470709998201
-25,25,0.00039346589609378247,,0.00039327834306149008,19287318582223/49042412129994603
-25,26,0.0003900115414279152,,0.00039332645044392765,19289677884299/49042412129994603
-25,27,0.00039114143631160811,,0.00039337455782636528,3952476375/10047615679163
-25,28,0.00039412834373404805,,0.00039342266520880285,19294396488451/49042412129994603
-25,29,0.00039494335782447852,,0.00039347077259124043,19296755790527/49042412129994603
-25,30,0.00039356254753085076,,0.00039351887997367805,6433038364201/16347470709998201
-25,31,0.00039580274957646611,,0.00039356698735611563,19301474394679/49042412129994603
-25,32,0.00039642457510814219,,0.00039361509473855326,19303833696755/49042412129994603
-25,33,0.00039834902593828694,,0.00039366320212099083,6435397666277/16347470709998201
-25,34,0.00039791493616016027,,0.00039371130950342846,19308552300907/49042412129994603
-25,35,0.00040000651601080099,,0.00039375941688586603,19310911602983/49042412129994603
-25,36,0.00040240674249621171,,0.00039380752426830366,6437756968353/16347470709998201
-25,37,0.00040624624987558135,,0.00039385563165074124,19315630207135/49042412129994603
-24,-16,0.0004040060545400546,,0.00039122736471993981,6395577885709/16347470709998201
-24,-15,0.0004019188290046706,,0.00039127547210237738,19189092959203/49042412129994603
-24,-14,0.0004002744506834967,,0.00039132357948481501,19191452261279/49042412129994603
-24,-13,0.0003992516736347188,,0.00039137168686725259,6397937187785/16347470709998201
-24,-12,0.00039788918168002705,,0.00039141979424969021,19196170865431/49042412129994603
-24,-11,0.00039588081938378195,,0.00039146790163212779,19198530167507/49042412129994603
-24,-10,0.00039666026235126963,,0.00039151600901456542,6400296489861/16347470709998201
-24,-9,0.00039930129749548372,,0.00039156411639700299,19203248771659/49042412129994603
-24,-8,0.0003931712865402723,,0.00039161222377944062,19205608073735/49042412129994603
-24,-7,0.00039253024585381076,,0.00039166033116187819,6402655791937/16347470709998201
-24,-6,0.00039263157268525984,,0.00039170843854431582,19210326677887/49042412129994603
-24,-5,0.00038947459069149984,,0.0003917565459267534,19212685979963/49042412129994603
-24,-4,0.00039184983060871483,,0.00039180465330919102,6405015094013/16347470709998201
-24,-3,0.00038916569143571914,,0.0003918527606916286,19217404584115/49042412129994603
-24,-2,0.00038780267363401079,,0.00039190086807406617,19219763886191/49042412129994603
-24,-1,0.00039303578078242349,,0.0003919489754565038,6407374396089/16347470709998201
-24,0,0.00038872526885218116,,0.00039199708283894138,19224482490343/49042412129994603
-24,1,0.00038678988366504789,,0.000392045190221379,19226841792419/49042412129994603
-24,2,0.00038639150292379883,,0.00039209329760381658,6409733698165/16347470709998201
-24,3,0.00038705675203310277,,0.00039214140498625421,19231560396571/49042412129994603
-24,4,0.00038513374499846219,,0.00039218951236869178,19233919698647/49042412129994603
-24,5,0.00038593445340042983,,0.00039223761975112941,6412093000241/16347470709998201
-24,6,0.0003874226892870427,,0.00039228572713356698,19238638302799/49042412129994603
-24,7,0.00038467624550250805,,0.00039233383451600461,19240997604875/49042412129994603
-24,8,0.00038455858756464696,,0.00039238194189844219,6414452302317/16347470709998201
-24,9,0.00038599220998461378,,0.00039243004928087976,19245716209027/49042412129994603
-24,10,0.00038548123331505561,,0.00039247815666331739,243646525457/620790026961957
-24,11,0.00038796410166796439,,0.00039252626404575496,6416811604393/16347470709998201
-24,12,0.00038467267281534209,,0.00039257437142819259,19252794115255/49042412129994603
-24,13,0.00038551091496236899,,0.00039262247881063017,19255153417331/49042412129994603
-24,14,0.0003854316407316974,,0.00039267058619306779,6419170906469/16347470709998201
-24,15,0.000385439387000496,,0.00039271869357550537,19259872021483/49042412129994603
-24,16,0.00038873773221213332,,0.000392766800957943,19262231323559/49042412129994603
-24,17,0.00038919631128439569,,0.00039281490834038057,6421530208545/16347470709998201
-24,18,0.0003868606041502409,,0.0003928630157228182,19266949927711/49042412129994603
-24,19,0.00038880643231420571,,0.00039291112310525577,19269309229787/49042412129994603
-24,20,0.00038919790633730391,,0.0003929592304876934,6423889510621/16347470709998201
-24,21,0.00039345131581390369,,0.00039300733787013098,19274027833939/49042412129994603
-24,22,0.0003886171383958614,,0.00039305544525256855,19276387136015/49042412129994603
-24,23,0.0003913643640738332,,0.00039310355263500618,6426248812697/16347470709998201
-24,24,0.00038956762078753743,,0.00039315166001744375,19281105740167/49042412129994603
-24,25,0.00038983421872569406,,0.00039319976739988138,19283465042243/49042412129994603
-24,26,0.00039117153821320583,,0.00039324787478231895,6428608114773/16347470709998201
-24,27,0.00039328184055758549,,0.00039329598216475658,19288183646395/49042412129994603
-24,28,0.00039412033611685015,,0.00039334408954719416,19290542948471/49042412129994603
-24,29,0.00039327696750257086,,0.00039339219692963179,6430967416849/16347470709998201
-24,30,0.00039331900098404145,,0.00039344030431206936,19295261552623/49042412129994603
-24,31,0.00039895167346263731,,0.00039348841169450699,19297620854699/49042412129994603
-24,32,0.00039544203925318667,,0.00039353651907694456,6433326718925/16347470709998201
-24,33,0.00039717226556123787,,0.00039358462645938219,19302339458851/49042412129994603
-24,34,0.00039882763323136527,,0.00039363273384181976,19304698760927/49042412129994603
-24,35,0.00040074784485806086,,0.00039368084122425734,6435686021001/16347470709998201
-24,36,0.00040388905062778505,,0.00039372894860669497,19309417365079/49042412129994603
-23,-16,0.00040308172598683289,,0.00039114878905833111,19182880117147/49042412129994603
-23,-15,0.00040093965264428058,,0.00039119689644076874,19185239419223/49042412129994603
-23,-14,0.0003992823981622634,,0.00039124500382320632,6395866240433/16347470709998201
-23,-13,0.00039798760974453214,,0.00039129311120564395,19189958023375/49042412129994603
-23,-12,0.00039701714823284012,,0.00039134121858808152,19192317325451/49042412129994603
-23,-11,0.0003947178452672762,,0.00039138932597051915,6398225542509/16347470709998201
-23,-10,0.00039839674132444928,,0.00039143743335295672,19197035929603/49042412129994603
-23,-9,0.00039572593893588145,,0.0003914855407353943,19199395231679/49042412129994603
-23,-8,0.00039199653992923108,,0.00039153364811783192,6400584844585/16347470709998201
-23,-7,0.00039230444778042803,,0.0003915817555002695,19204113835831/49042412129994603
-23,-6,0.00038988017784447119,,0.00039162986288270713,19206473137907/49042412129994603
-23,-5,0.0003893681272523248,,0.0003916779702651447,6402944146661/16347470709998201
-23,-4,0.00038929445713752867,,0.00039172607764758233,19211191742059/49042412129994603
-23,-3,0.00038801688916375449,,0.0003917741850300199,19213551044135/49042412129994603
-23,-2,0.00038803310090160064,,0.00039182229241245753,6405303448737/16347470709998201
-23,-1,0.00038638281282638015,,0.00039187039979489511,19218269648287/49042412129994603
-23,0,0.00038769990578702511,,0.00039191850717733274,19220628950363/49042412129994603
-23,1,0.00038498661438919358,,0.00039196661455977031,6407662750813/16347470709998201
-23,2,0.00038527774666320051,,0.00039201472194220788,19225347554515/49042412129994603
-23,3,0.00038874171088661722,,0.00039206282932464551,19227706856591/49042412129994603
-23,4,0.00038932070086029988,,0.00039211093670708309,6410022052889/16347470709998201
-23,5,0.00038572906872317891,,0.00039215904408952071,19232425460743/49042412129994603
-23,6,0.00038455717395359805,,0.00039220715147195829,19234784762819/49042412129994603
-23,7,0.0003845081562900274,,0.00039225525885439592,6412381354965/16347470709998201
-23,8,0.0003850786514913548,,0.00039230336623683349,19239503366971/49042412129994603
-23,9,0.00038287008548385562,,0.00039235147361927112,19241862669047/49042412129994603
-23,10,0.00038471375903425544,,0.00039239958100170869,6414740657041/16347470709998201
-23,11,0.00038358705319265548,,0.00039244768838414632,19246581273199/49042412129994603
-23,12,0.00038391988020713768,,0.0003924957957665839,19248940575275/49042412129994603
-23,13,0.0003861025947313696,,0.00039254390314902152,6417099959117/16347470709998201
-23,14,0.00038477314843846457,,0.0003925920105314591,19253659179427/49042412129994603
-23,15,0.00038921685793840929,,0.00039264011791389667,19256018481503/49042412129994603
-23,16,0.00038761427012945011,,0.0003926882252963343,6419459261193/16347470709998201
-23,17,0.00038679337280375349,,0.00039273633267877188,19260737085655/49042412129994603
-23,18,0.00038561541275858676,,0.0003927844400612095,19263096387731/49042412129994603
-23,19,0.00039199957219171369,,0.00039283254744364708,6421818563269/16347470709998201
-23,20,0.00038795144628408991,,0.00039288065482608471,19267814991883/49042412129994603
-23,21,0.00039170236889320571,,0.00039292876220852228,19270174293959/49042412129994603
-23,22,0.00038763090192169551,,0.00039297686959095991,6424177865345/16347470709998201
-23,23,0.00039029722630127558,,0.00039302497697339748,19274892898111/49042412129994603
-23,24,0.00039001163344837525,,0.00039307308435583511,19277252200187/49042412129994603
-23,25,0.00039263263126133012,,0.00039312119173827269,6426537167421/16347470709998201
-23,26,0.00039078854246410807,,0.00039316929912071031,19281970804339/49042412129994603
-23,27,0.00039162538161760339,,0.00039321740650314789,244105444385/620790026961957
-23,28,0.00039432110213404975,,0.00039326551388558546,6428896469497/16347470709998201
-23,29,0.00039245458592058086,,0.00039331362126802309,19289048710567/49042412129994603
-23,30,0.00039786247298326477,,0.00039336172865046066,19291408012643/49042412129994603
-23,31,0.00039534894835905346,,0.00039340983603289829,6431255771573/16347470709998201
-23,32,0.00039648054412305602,,0.00039345794341533587,19296126616795/49042412129994603
-23,33,0.00039796586530552506,,0.0003935060507977735,19298485918871/49042412129994603
-23,34,0.00039972637666464738,,0.00039355415818021107,6433615073649/16347470709998201
-23,35,0.00040262250525348537,,0.0003936022655626487,19303204523023/49042412129994603
-22,-16,0.00040182746048513852,,0.00039107021339672242,19179026577167/49042412129994603
-22,-15,0.00040025832804803927,,0.00039111832077916005,6393795293081/16347470709998201
-22,-14,0.00039818713563256956,,0.00039116642816159762,19183745181319/49042412129994603
-22,-13,0.00039701449342773189,,0.00039121453554403525,19186104483395/49042412129994603
-22,-12,0.00039605392583673085,,0.00039126264292647283,6396154595157/16347470709998201
-22,-11,0.00039378653106945938,,0.00039131075030891045,19190823087547/49042412129994603
-22,-10,0.00039277500681392789,,0.00039135885769134803,19193182389623/49042412129994603
-22,-9,0.00039304973938938996,,0.00039140696507378566,6398513897233/16347470709998201
-22,-8,0.00039192216283684319,,0.00039145507245622323,19197900993775/49042412129994603
-22,-7,0.00039183014457721535,,0.00039150317983866086,19200260295851/49042412129994603
-22,-6,0.00038915861750189848,,0.00039155128722109843,6400873199309/16347470709998201
-22,-5,0.00038817297694899083,,0.00039159939460353606,19204978900003/49042412129994603
-22,-4,0.00038733650235931767,,0.00039164750198597364,19207338202079/49042412129994603
-22,-3,0.0003873410343891709,,0.00039169560936841121,6403232501385/16347470709998201
-22,-2,0.00038647577459658317,,0.00039174371675084884,19212056806231/49042412129994603
-22,-1,0.00038519843648491105,,0.00039179182413328641,19214416108307/49042412129994603
-22,0,0.000388489905381049,,0.00039183993151572404,6405591803461/16347470709998201
-22,1,0.00038692562170122738,,0.00039188803889816161,19219134712459/49042412129994603
-22,2,0.00038452943456056087,,0.00039193614628059924,19221494014535/49042412129994603
-22,3,0.00038592756999096815,,0.00039198425366303682,6407951105537/16347470709998201
-22,4,0.00038328123823608068,,0.00039203236104547445,19226212618687/49042412129994603
-22,5,0.00038345315811396085,,0.00039208046842791202,19228571920763/49042412129994603
-22,6,0.00038269394884746916,,0.00039212857581034965,6410310407613/16347470709998201
-22,7,0.00038409550864443,,0.00039217668319278722,19233290524915/49042412129994603
-22,8,0.00038425734427021584,,0.0003922247905752248,19235649826991/49042412129994603
-22,9,0.00038300029855184512,,0.00039227289795766242,6412669709689/16347470709998201
-22,10,0.0003828104287650523,,0.0003923210053401,19240368431143/49042412129994603
-22,11,0.00038360940182968176,,0.00039236911272253763,19242727733219/49042412129994603
-22,12,0.00038534409377991979,,0.0003924172201049752,6415029011765/16347470709998201
-22,13,0.00038632161628068389,,0.00039246532748741283,19247446337371/49042412129994603
-22,14,0.00038370560631301799,,0.0003925134348698504,19249805639447/49042412129994603
-22,15,0.00038511858058404383,,0.00039256154225228803,6417388313841/16347470709998201
-22,16,0.00038536970219420062,,0.00039260964963472561,19254524243599/49042412129994603
-22,17,0.0003845149791170951,,0.00039265775701716323,19256883545675/49042412129994603
-22,18,0.00038503337035471506,,0.00039270586439960081,6419747615917/16347470709998201
-22,19,0.00038841413009296549,,0.00039275397178203844,19261602149827/49042412129994603
-22,20,0.00039430746019025037,,0.00039280207916447601,19263961451903/49042412129994603
-22,21,0.00038736773725555148,,0.00039285018654691359,6422106917993/16347470709998201
-22,22,0.00038829798199772599,,0.00039289829392935121,19268680056055/49042412129994603
-22,23,0.00038802329114035258,,0.00039294640131178879,19271039358131/49042412129994603
-22,24,0.0003894874926960961,,0.00039299450869422642,6424466220069/16347470709998201
-22,25,0.00039422025651042258,,0.00039304261607666399,19275757962283/49042412129994603
-22,26,0.00039160722843028086,,0.00039309072345910162,19278117264359/49042412129994603
-22,27,0.00039017063129377714,,0.00039313883084153919,6426825522145/16347470709998201
-22,28,0.00039128813032661696,,0.00039318693822397682,19282835868511/49042412129994603
-22,29,0.00039336556150679062,,0.0003932350456064144,19285195170587/49042412129994603
-22,30,0.00039582288830161574,,0.00039328315298885202,6429184824221/16347470709998201
-22,31,0.00040188681181582415,,0.0003933312603712896,19289913774739/49042412129994603
-22,32,0.00039849193565909898,,0.00039337936775372723,19292273076815/49042412129994603
-22,33,0.00039840228994942809,,0.0003934274751361648,6431544126297/16347470709998201
-22,34,0.00040145121700202739,,0.00039347558251860237,19296991680967/49042412129994603
-22,35,0.00040538019297444908,,0.00039352368990104,19299350983043/49042412129994603
-21,-16,0.00040102223433759513,,0.00039099163773511378,6391724345729/16347470709998201
-21,-15,0.00039962206755088419,,0.00039103974511755135,19177532339263/49042412129994603
-21,-14,0.000397317288716748,,0.00039108785249998898,19179891641339/49042412129994603
-21,-13,0.00039672448776633605,,0.00039113595988242656,6394083647805/16347470709998201
-21,-12,0.00039459079556654006,,0.00039118406726486418,19184610245491/49042412129994603
-21,-11,0.00039472842993639687,,0.00039123217464730176,19186969547567/49042412129994603
-21,-10,0.00039241579862781288,,0.00039128028202973933,6396442949881/16347470709998201
-21,-9,0.00039284581606157932,,0.00039132838941217696,19191688151719/49042412129994603
-21,-8,0.00039123377921639605,,0.00039137649679461454,19194047453795/49042412129994603
-21,-7,0.00039200344118654398,,0.00039142460417705216,6398802251957/16347470709998201
-21,-6,0.000393001563879403,,0.00039147271155948974,19198766057947/49042412129994603
-21,-5,0.0003901995002684878,,0.00039152081894192737,19201125360023/49042412129994603
-21,-4,0.00038607763656879499,,0.00039156892632436494,6401161554033/16347470709998201
-21,-3,0.00038651025666244489,,0.00039161703370680257,19205843964175/49042412129994603
-21,-2,0.00038618761231996754,,0.00039166514108924014,19208203266251/49042412129994603
-21,-1,0.00038748411984530795,,0.00039171324847167777,6403520856109/16347470709998201
-21,0,0.00038557279203383353,,0.00039176135585411535,19212921870403/49042412129994603
-21,1,0.00038546825840254711,,0.00039180946323655292,19215281172479/49042412129994603
-21,2,0.00038377052445743865,,0.00039185757061899055,6405880158185/16347470709998201
-21,3,0.00038351664495421599,,0.00039190567800142812,19219999776631/49042412129994603
-21,4,0.00038343909463552193,,0.00039195378538386575,19222359078707/49042412129994603
-21,5,0.00038373751771816883,,0.00039200189276630332,6408239460261/16347470709998201
-21,6,0.00038429953683308076,,0.00039205000014874095,19227077682859/49042412129994603
-21,7,0.0003838693842176313,,0.00039209810753117853,19229436984935/49042412129994603
-21,8,0.00038167490898405874,,0.00039214621491361616,6410598762337/16347470709998201
-21,9,0.00038304066281064623,,0.00039219432229605373,19234155589087/49042412129994603
-21,10,0.00038383520644600505,,0.00039224242967849136,19236514891163/49042412129994603
-21,11,0.0003860096212613304,,0.00039229053706092893,6412958064413/16347470709998201
-21,12,0.00038362128216428055,,0.00039233864444336656,19241233495315/49042412129994603
-21,13,0.00038517316548033478,,0.00039238675182580413,19243592797391/49042412129994603
-21,14,0.00038422482206488281,,0.00039243485920824171,6415317366489/16347470709998201
-21,15,0.00038494552489222878,,0.00039248296659067934,19248311401543/49042412129994603
-21,16,0.00038577612291097274,,0.00039253107397311691,19250670703619/49042412129994603
-21,17,0.00038499036283771239,,0.00039257918135555454,6417676668565/16347470709998201
-21,18,0.00038515938538649023,,0.00039262728873799211,19255389307771/49042412129994603
-21,19,0.00038816162522077526,,0.00039267539612042974,19257748609847/49042412129994603
-21,20,0.00038587162770955483,,0.00039272350350286732,6420035970641/16347470709998201
-21,21,0.00038689473837394151,,0.00039277161088530494,19262467213999/49042412129994603
-21,22,0.00038912131144762347,,0.00039281971826774252,19264826516075/49042412129994603
-21,23,0.00038910501510378687,,0.00039286782565018015,6422395272717/16347470709998201
-21,24,0.00039198308824078663,,0.00039291593303261772,19269545120227/49042412129994603
-21,25,0.00039174898530569151,,0.00039296404041505535,19271904422303/49042412129994603
-21,26,0.00039414345771360748,,0.00039301214779749292,6424754574793/16347470709998201
-21,27,0.00039132175120013078,,0.0003930602551799305,19276623026455/49042412129994603
-21,28,0.00039195189412140802,,0.00039310836256236813,19278982328531/49042412129994603
-21,29,0.00039585284653659785,,0.0003931564699448057,6427113876869/16347470709998201
-21,30,0.00039483992343421892,,0.00039320457732724333,19283700932683/49042412129994603
-21,31,0.00039832262871049865,,0.0003932526847096809,19286060234759/49042412129994603
-21,32,0.00039778628547893131,,0.00039330079209211853,6429473178945/16347470709998201
-21,33,0.0003997454965842458,,0.00039334889947455611,19290778838911/49042412129994603
-21,34,0.00040566391215031904,,0.00039339700685699373,19293138140987/49042412129994603
-20,-17,0.00040194033770304087,,0.00039086495469106746,6389653398377/16347470709998201
-20,-16,0.0003996282816639617,,0.00039091306207350508,19171319497207/49042412129994603
-20,-15,0.00039847433410483728,,0.00039096116945594266,19173678799283/49042412129994603
-20,-14,0.00039720207470974955,,0.00039100927683838029,6392012700453/16347470709998201
-20,-13,0.00039798819627149585,,0.00039105738422081786,19178397403435/49042412129994603
-20,-12,0.00039409069787630665,,0.00039110549160325549,19180756705511/49042412129994603
-20,-11,0.00039254734019868409,,0.00039115359898569306,6394372002529/16347470709998201
-20,-10,0.00039242572600701537,,0.00039120170636813069,19185475309663/49042412129994603
-20,-9,0.00039085751708281725,,0.00039124981375056827,19187834611739/49042412129994603
-20,-8,0.00039408511751737747,,0.00039129792113300589,6396731304605/16347470709998201
-20,-7,0.00039087910934067953,,0.00039134602851544347,19192553215891/49042412129994603
-20,-6,0.0003890213310795979,,0.0003913941358978811,19194912517967/49042412129994603
-20,-5,0.00039114509979707303,,0.00039144224328031867,6399090606681/16347470709998201
-20,-4,0.00038731884691716373,,0.00039149035066275625,19199631122119/49042412129994603
-20,-3,0.00038832937005623633,,0.00039153845804519387,19201990424195/49042412129994603
-20,-2,0.00038707251841419387,,0.00039158656542763145,6401449908757/16347470709998201
-20,-1,0.00038662496392683491,,0.00039163467281006908,243122899093/620790026961957
-20,0,0.00038604110330202633,,0.00039168278019250665,19209068330423/49042412129994603
-20,1,0.00038275680263770716,,0.00039173088757494428,6403809210833/16347470709998201
-20,2,0.0003825419542440615,,0.00039177899495738185,19213786934575/49042412129994603
-20,3,0.00038557590791700902,,0.00039182710233981948,19216146236651/49042412129994603
-20,4,0.00038466452296019029,,0.00039187520972225706,6406168512909/16347470709998201
-20,5,0.00038274551666201079,,0.00039192331710469468,19220864840803/49042412129994603
-20,6,0.00038896985964336753,,0.00039197142448713226,19223224142879/49042412129994603
-20,7,0.00038508668300869597,,0.00039201953186956983,6408527814985/16347470709998201
-20,8,0.00038241476995130961,,0.00039206763925200746,19227942747031/49042412129994603
-20,9,0.00038294373026823467,,0.00039211574663444503,19230302049107/49042412129994603
-20,10,0.00038404123805200747,,0.00039216385401688266,6410887117061/16347470709998201
-20,11,0.0003844118644628549,,0.00039221196139932024,19235020653259/49042412129994603
-20,12,0.00038441044159084046,,0.00039226006878175787,19237379955335/49042412129994603
-20,13,0.0003823734528953307,,0.00039230817616419544,6413246419137/16347470709998201
-20,14,0.00038496801692787497,,0.00039235628354663307,19242098559487/49042412129994603
-20,15,0.0003840398692728453,,0.00039240439092907064,19244457861563/49042412129994603
-20,16,0.00038544946177375444,,0.00039245249831150827,6415605721213/16347470709998201
-20,17,0.00038472868082653125,,0.00039250060569394584,19249176465715/49042412129994603
-20,18,0.00038621672997835222,,0.00039254871307638347,19251535767791/49042412129994603
-20,19,0.00038929591617856005,,0.00039259682045882105,6417965023289/16347470709998201
-20,20,0.00038700806087018893,,0.00039264492784125862,19256254371943/49042412129994603
-20,21,0.00038806737470494776,,0.00039269303522369625,19258613674019/49042412129994603
-20,22,0.00038995349564732165,,0.00039274114260613382,6420324325365/16347470709998201
-20,23,0.0003920568239351065,,0.00039278924998857145,19263332278171/49042412129994603
-20,24,0.00039171166736204198,,0.00039283735737100903,19265691580247/49042412129994603
-20,25,0.00038947807029204531,,0.00039288546475344665,6422683627441/16347470709998201
-20,26,0.00039072282533915556,,0.00039293357213588423,19270410184399/49042412129994603
-20,27,0.00039417021245516934,,0.00039298167951832186,19272769486475/49042412129994603
-20,28,0.00039187443505946475,,0.00039302978690075943,6425042929517/16347470709998201
-20,29,0.00039378791749675982,,0.00039307789428319706,19277488090627/49042412129994603
-20,30,0.00039519202971681516,,0.00039312600166563463,19279847392703/49042412129994603
-20,31,0.00039709338929497869,,0.00039317410904807226,6427402231593/16347470709998201
-20,32,0.00039874619072685814,,0.00039322221643050984,19284565996855/49042412129994603
-20,33,0.00040189883466118027,,0.00039327032381294741,19286925298931/49042412129994603
-19,-17,0.00040137040088631531,,0.00039078637902945882,19165106655151/49042412129994603
-19,-16,0.00039949407205286787,,0.00039083448641189639,19167465957227/49042412129994603
-19,-15,0.00039723238969619217,,0.00039088259379433402,6389941753101/16347470709998201
-19,-14,0.00039662922667763111,,0.00039093070117677159,19172184561379/49042412129994603
-19,-13,0.00039433311199307136,,0.00039097880855920922,19174543863455/49042412129994603
-19,-12,0.00039475193972670117,,0.00039102691594164679,6392301055177/16347470709998201
-19,-11,0.00039277152706455062,,0.00039107502332408437,19179262467607/49042412129994603
-19,-10,0.00039012114796346321,,0.000391123130706522,19181621769683/49042412129994603
-19,-9,0.00039100403213963018,,0.00039117123808895957,6394660357253/16347470709998201
-19,-8,0.00038969423881380787,,0.0003912193454713972,19186340373835/49042412129994603
-19,-7,0.00038799573346209941,,0.00039126745285383477,19188699675911/49042412129994603
-19,-6,0.00038689924081478295,,0.0003913155602362724,6397019659329/16347470709998201
-19,-5,0.00038889345266555306,,0.00039136366761870998,19193418280063/49042412129994603
-19,-4,0.00038495715217028701,,0.0003914117750011476,19195777582139/49042412129994603
-19,-3,0.00038491286990434669,,0.00039145988238358518,6399378961405/16347470709998201
-19,-2,0.00038507071978273249,,0.00039150798976602281,19200496186291/49042412129994603
-19,-1,0.0003855330185032937,,0.00039155609714846038,19202855488367/49042412129994603
-19,0,0.0003831010368376441,,0.00039160420453089796,6401738263481/16347470709998201
-19,1,0.00038566046234480677,,0.00039165231191333558,19207574092519/49042412129994603
-19,2,0.00038321874057488457,,0.00039170041929577316,19209933394595/49042412129994603
-19,3,0.00038193765430954903,,0.00039174852667821079,6404097565557/16347470709998201
-19,4,0.00038385123165657434,,0.00039179663406064836,19214651998747/49042412129994603
-19,5,0.00038229782499947892,,0.00039184474144308599,19217011300823/49042412129994603
-19,6,0.00038230881637768202,,0.00039189284882552356,6406456867633/16347470709998201
-19,7,0.00038310516432051863,,0.00039194095620796119,19221729904975/49042412129994603
-19,8,0.00038186586755660832,,0.00039198906359039877,19224089207051/49042412129994603
-19,9,0.00038254391158744426,,0.00039203717097283639,6408816169709/16347470709998201
-19,10,0.00038343569563359224,,0.00039208527835527397,19228807811203/49042412129994603
-19,11,0.00038426252344066924,,0.0003921333857377116,19231167113279/49042412129994603
-19,12,0.00038259798745987898,,0.00039218149312014917,6411175471785/16347470709998201
-19,13,0.00038242908150318706,,0.00039222960050258674,19235885717431/49042412129994603
-19,14,0.00038421561479232526,,0.00039227770788502437,19238245019507/49042412129994603
-19,15,0.00038523443620237465,,0.00039232581526746195,6413534773861/16347470709998201
-19,16,0.00038523967797812704,,0.00039237392264989958,243581818021/620790026961957
-19,17,0.00038658504487837689,,0.00039242203003233715,19245322925735/49042412129994603
-19,18,0.00038610694419094634,,0.00039247013741477478,6415894075937/16347470709998201
-19,19,0.00038880754239542422,,0.00039251824479721235,19250041529887/49042412129994603
-19,20,0.00038818073534872821,,0.00039256635217964998,19252400831963/49042412129994603
-19,21,0.00038900023615345478,,0.00039261445956208755,6418253378013/16347470709998201
-19,22,0.00038716341142256295,,0.00039266256694452518,19257119436115/49042412129994603
-19,23,0.00038787179752058909,,0.00039271067432696276,19259478738191/49042412129994603
-19,24,0.00039071828185341948,,0.00039275878170940039,6420612680089/16347470709998201
-19,25,0.00039782825673129998,,0.00039280688909183796,19264197342343/49042412129994603
-19,26,0.00039187798831908434,,0.00039285499647427553,19266556644419/49042412129994603
-19,27,0.00039491139060234036,,0.00039290310385671316,6422971982165/16347470709998201
-19,28,0.00039348433136435435,,0.00039295121123915074,19271275248571/49042412129994603
-19,29,0.00039653756318127248,,0.00039299931862158836,19273634550647/49042412129994603
-19,30,0.00039570289556391036,,0.00039304742600402594,6425331284241/16347470709998201
-19,31,0.00039885374351577213,,0.00039309553338646357,19278353154799/49042412129994603
-19,32,0.00040042132349735963,,0.00039314364076890114,19280712456875/49042412129994603
-19,33,0.00040505509730655569,,0.00039319174815133877,6427690586317/16347470709998201
-18,-17,0.00040066494182468027,,0.00039070780336785012,19161253115171/49042412129994603
-18,-16,0.00039843891999657841,,0.00039075591075028769,6387870805749/16347470709998201
-18,-15,0.00039683816318794135,,0.00039080401813272532,19165971719323/49042412129994603
-18,-14,0.00039523615062251108,,0.0003908521255151629,19168331021399/49042412129994603
-18,-13,0.00039360056189242026,,0.00039090023289760053,6390230107825/16347470709998201
-18,-12,0.0003932012917083661,,0.0003909483402800381,19173049625551/49042412129994603
-18,-11,0.00039122068003766795,,0.00039099644766247573,19175408927627/49042412129994603
-18,-10,0.00039059945854554717,,0.0003910445550449133,6392589409901/16347470709998201
-18,-9,0.00039044546531621303,,0.00039109266242735093,19180127531779/49042412129994603
-18,-8,0.00038710733107867579,,0.0003911407698097885,19182486833855/49042412129994603
-18,-7,0.00039032645845358171,,0.00039118887719222613,6394948711977/16347470709998201
-18,-6,0.00038727452047276851,,0.00039123698457466371,19187205438007/49042412129994603
-18,-5,0.00039100680828709487,,0.00039128509195710128,19189564740083/49042412129994603
-18,-4,0.00038812221339803267,,0.00039133319933953891,6397308014053/16347470709998201
-18,-3,0.00038477545767075835,,0.00039138130672197648,19194283344235/49042412129994603
-18,-2,0.00038528611517765987,,0.00039142941410441411,19196642646311/49042412129994603
-18,-1,0.00038579255368559014,,0.00039147752148685169,6399667316129/16347470709998201
-18,0,0.00038385824145276143,,0.00039152562886928931,19201361250463/49042412129994603
-18,1,0.00038224442245524099,,0.00039157373625172689,19203720552539/49042412129994603
-18,2,0.00038273245476215382,,0.00039162184363416452,6402026618205/16347470709998201
-18,3,0.00038064165359155097,,0.00039166995101660209,19208439156691/49042412129994603
-18,4,0.00038642500971306843,,0.00039171805839903972,19210798458767/49042412129994603
-18,5,0.00038250146120094694,,0.00039176616578147729,6404385920281/16347470709998201
-18,6,0.00038476654394924056,,0.00039181427316391487,19215517062919/49042412129994603
-18,7,0.00038463296444439944,,0.0003918623805463525,19217876364995/49042412129994603
-18,8,0.0003841620459543875,,0.00039191048792879007,6406745222357/16347470709998201
-18,9,0.00038238761615663346,,0.0003919585953112277,19222594969147/49042412129994603
-18,10,0.00038143043156530301,,0.00039200670269366527,19224954271223/49042412129994603
-18,11,0.00038449214094555292,,0.0003920548100761029,6409104524433/16347470709998201
-18,12,0.00038277036491422714,,0.00039210291745854048,19229672875375/49042412129994603
-18,13,0.00038378976371472855,,0.0003921510248409781,19232032177451/49042412129994603
-18,14,0.000384234236243929,,0.00039219913222341568,6411463826509/16347470709998201
-18,15,0.00038336189100553772,,0.00039224723960585331,19236750781603/49042412129994603
-18,16,0.00038727722807316203,,0.00039229534698829088,19239110083679/49042412129994603
-18,17,0.00038680060521004524,,0.00039234345437072851,6413823128585/16347470709998201
-18,18,0.00038456988456655019,,0.00039239156175316608,19243828687831/49042412129994603
-18,19,0.00038963820571850607,,0.00039243966913560366,19246187989907/49042412129994603
-18,20,0.00038711953252770347,,0.00039248777651804129,6416182430661/16347470709998201
-18,21,0.00038742431752080108,,0.00039253588390047886,19250906594059/49042412129994603
-18,22,0.00038973881658480839,,0.00039258399128291649,19253265896135/49042412129994603
-18,23,0.00038816521867350763,,0.00039263209866535406,6418541732737/16347470709998201
-18,24,0.0003920327813202289,,0.00039268020604779169,19257984500287/49042412129994603
-18,25,0.00039114765569780958,,0.00039272831343022926,19260343802363/49042412129994603
-18,26,0.00039113526566576725,,0.00039277642081266689,6420901034813/16347470709998201
-18,27,0.00039429441179249399,,0.00039282452819510447,19265062406515/49042412129994603
-18,28,0.0003941387035784327,,0.0003928726355775421,19267421708591/49042412129994603
-18,29,0.00039491253821274556,,0.00039292074295997967,6423260336889/16347470709998201
-18,30,0.00039626688279329316,,0.0003929688503424173,19272140312743/49042412129994603
-18,31,0.00039856530921718851,,0.00039301695772485487,19274499614819/49042412129994603
-18,32,0.00040255660284146781,,0.00039306506510729245,6425619638965/16347470709998201
-17,-17,0.00039946202590938662,,0.00039062922770624143,6385799858397/16347470709998201
-17,-16,0.00039953642797649244,,0.00039067733508867905,19159758877267/49042412129994603
-17,-15,0.00039609068211887553,,0.00039072544247111663,19162118179343/49042412129994603
-17,-14,0.00039402511162096198,,0.00039077354985355426,6388159160473/16347470709998201
-17,-13,0.00039330644041687181,,0.00039082165723599183,19166836783495/49042412129994603
-17,-12,0.0003924059053027333,,0.0003908697646184294,19169196085571/49042412129994603
-17,-11,0.00039158234984415079,,0.00039091787200086703,6390518462549/16347470709998201
-17,-10,0.00039040885416797731,,0.00039096597938330461,19173914689723/49042412129994603
-17,-9,0.00038846222300565025,,0.00039101408676574224,19176273991799/49042412129994603
-17,-8,0.00039026688463343747,,0.00039106219414817981,6392877764625/16347470709998201
-17,-7,0.00038817123175601025,,0.00039111030153061744,19180992595951/49042412129994603
-17,-6,0.00038670426526704187,,0.00039115840891305501,19183351898027/49042412129994603
-17,-5,0.00038548067996869734,,0.00039120651629549264,6395237066701/16347470709998201
-17,-4,0.00038466120506738311,,0.00039125462367793021,19188070502179/49042412129994603
-17,-3,0.0003850207820970118,,0.00039130273106036784,19190429804255/49042412129994603
-17,-2,0.00038445768462346534,,0.00039135083844280542,6397596368777/16347470709998201
-17,-1,0.00038660204896908746,,0.00039139894582524299,19195148408407/49042412129994603
-17,0,0.00038699464958437803,,0.00039144705320768062,19197507710483/49042412129994603
-17,1,0.00038251117893213884,,0.00039149516059011819,6399955670853/16347470709998201
-17,2,0.00038575199343740047,,0.00039154326797255582,19202226314635/49042412129994603
-17,3,0.00038361049083608206,,0.0003915913753549934,19204585616711/49042412129994603
-17,4,0.00038316385634609669,,0.00039163948273743102,6402314972929/16347470709998201
-17,5,0.00038649569487718058,,0.0003916875901198686,19209304220863/49042412129994603
-17,6,0.0003833444780057676,,0.00039173569750230623,19211663522939/49042412129994603
-17,7,0.00038277131216495308,,0.0003917838048847438,6404674275005/16347470709998201
-17,8,0.0003832273726181401,,0.00039183191226718143,19216382127091/49042412129994603
-17,9,0.0003866092613694113,,0.000391880019649619,19218741429167/49042412129994603
-17,10,0.00038346229541220636,,0.00039192812703205663,6407033577081/16347470709998201
-17,11,0.00038488636654759818,,0.00039197623441449421,19223460033319/49042412129994603
-17,12,0.00038206866726498106,,0.00039202434179693178,19225819335395/49042412129994603
-17,13,0.00038441492213335646,,0.00039207244917936941,6409392879157/16347470709998201
-17,14,0.00038412384444862051,,0.00039212055656180698,19230537939547/49042412129994603
-17,15,0.00038478352305239174,,0.00039216866394424461,19232897241623/49042412129994603
-17,16,0.00038446484668479508,,0.00039221677132668219,6411752181233/16347470709998201
-17,17,0.00038688495541792082,,0.00039226487870911981,19237615845775/49042412129994603
-17,18,0.00038738254753379047,,0.00039231298609155739,19239975147851/49042412129994603
-17,19,0.00038556660510927546,,0.00039236109347399502,6414111483309/16347470709998201
-17,20,0.00038729563781306436,,0.00039240920085643259,19244693752003/49042412129994603
-17,21,0.00039034250706135076,,0.00039245730823887022,19247053054079/49042412129994603
-17,22,0.00038830861164231923,,0.00039250541562130779,6416470785385/16347470709998201
-17,23,0.00038831716501080076,,0.00039255352300374542,19251771658231/49042412129994603
-17,24,0.00039129203857753874,,0.000392601630386183,19254130960307/49042412129994603
-17,25,0.000395274094148449,,0.00039264973776862057,6418830087461/16347470709998201
-17,26,0.00039242535361728136,,0.0003926978451510582,19258849564459/49042412129994603
-17,27,0.00039359213537665087,,0.00039274595253349577,19261208866535/49042412129994603
-17,28,0.00039339487442552584,,0.0003927940599159334,6421189389537/16347470709998201
-17,29,0.00039627520274382902,,0.00039284216729837097,19265927470687/49042412129994603
-17,30,0.00039717716964481525,,0.0003928902746808086,19268286772763/49042412129994603
-17,31,0.00040074856240847242,,0.00039293838206324618,6423548691613/16347470709998201
-16,-18,0.00040133765329552806,,0.00039050254466219516,6383728911045/16347470709998201
-16,-17,0.00039873608460933404,,0.00039055065204463273,19153546035211/49042412129994603
-16,-16,0.00039887449051536277,,0.00039059875942707036,19155905337287/49042412129994603
-16,-15,0.00039630851956861681,,0.00039064686680950793,6386088213121/16347470709998201
-16,-14,0.00039370564420192233,,0.00039069497419194556,19160623941439/49042412129994603
-16,-13,0.0003923796317835712,,0.00039074308157438314,19162983243515/49042412129994603
-16,-12,0.00039207242644087673,,0.00039079118895682076,80866424243/206930008987319
-16,-11,0.00038978941900229584,,0.00039083929633925834,19167701847667/49042412129994603
-16,-10,0.00039048999498768951,,0.00039088740372169597,19170061149743/49042412129994603
-16,-9,0.00038932117397244011,,0.00039093551110413354,6390806817273/16347470709998201
-16,-8,0.00038943481558406678,,0.00039098361848657111,19174779753895/49042412129994603
-16,-7,0.00038916978084916953,,0.00039103172586900874,19177139055971/49042412129994603
-16,-6,0.00038806514148056055,,0.00039107983325144632,6393166119349/16347470709998201
-16,-5,0.00038717654415997292,,0.00039112794063388395,19181857660123/49042412129994603
-16,-4,0.0003881109030067926,,0.00039117604801632152,19184216962199/49042412129994603
-16,-3,0.00038364085983165854,,0.00039122415539875915,6395525421425/16347470709998201
-16,-2,0.00038527870541079669,,0.00039127226278119672,19188935566351/49042412129994603
-16,-1,0.00038254246621734184,,0.00039132037016363435,19191294868427/49042412129994603
-16,0,0.00038549250116792246,,0.00039136847754607192,6397884723501/16347470709998201
-16,1,0.00038323473994637602,,0.00039141658492850955,19196013472579/49042412129994603
-16,2,0.00038589248875911997,,0.00039146469231094713,19198372774655/49042412129994603
-16,3,0.00038466001874722615,,0.00039151279969338476,6400244025577/16347470709998201
-16,4,0.00038067467180592275,,0.00039156090707582233,19203091378807/49042412129994603
-16,5,0.00038367440956334892,,0.0003916090144582599,19205450680883/49042412129994603
-16,6,0.00038276039501006042,,0.00039165712184069753,6402603327653/16347470709998201
-16,7,0.00038164649188055698,,0.00039170522922313511,19210169285035/49042412129994603
-16,8,0.00038076704218011407,,0.00039175333660557273,19212528587111/49042412129994603
-16,9,0.00038321173503381994,,0.00039180144398801031,6404962629729/16347470709998201
-16,10,0.00038331487366640365,,0.00039184955137044794,19217247191263/49042412129994603
-16,11,0.00038437619034577649,,0.00039189765875288551,19219606493339/49042412129994603
-16,12,0.00038244061679856183,,0.00039194576613532314,6407321931805/16347470709998201
-16,13,0.00038314372617640532,,0.00039199387351776071,19224325097491/49042412129994603
-16,14,0.00038547803338866794,,0.00039204198090019834,19226684399567/49042412129994603
-16,15,0.00038562250248429589,,0.00039209008828263592,6409681233881/16347470709998201
-16,16,0.00038554203995104622,,0.00039213819566507355,19231403003719/49042412129994603
-16,17,0.00038579152770034259,,0.00039218630304751112,19233762305795/49042412129994603
-16,18,0.00038858070983700002,,0.00039223441042994869,6412040535957/16347470709998201
-16,19,0.00038516789222198277,,0.00039228251781238632,19238480909947/49042412129994603
-16,20,0.00038802177125243844,,0.0003923306251948239,19240840212023/49042412129994603
-16,21,0.00038976983718685461,,0.00039237873257726152,6414399838033/16347470709998201
-16,22,0.00038979766314276791,,0.0003924268399596991,19245558816175/49042412129994603
-16,23,0.00038893250003581585,,0.00039247494734213673,19247918118251/49042412129994603
-16,24,0.00039343160979775637,,0.0003925230547245743,6416759140109/16347470709998201
-16,25,0.00039075489928327848,,0.00039257116210701193,19252636722403/49042412129994603
-16,26,0.00039122451658709018,,0.0003926192694894495,19254996024479/49042412129994603
-16,27,0.00039335142830869473,,0.00039266737687188713,6419118442185/16347470709998201
-16,28,0.00039395581597731396,,0.00039271548425432471,19259714628631/49042412129994603
-16,29,0.00039640365524653328,,0.00039276359163676233,19262073930707/49042412129994603
-16,30,0.00040021300949766552,,0.00039281169901919991,6421477744261/16347470709998201
-15,-18,0.00040113298201280604,,0.00039042396900058646,19147333193155/49042412129994603
-15,-17,0.00039860186941951658,,0.00039047207638302409,19149692495231/49042412129994603
-15,-16,0.00039631109364522178,,0.00039052018376546166,6384017265769/16347470709998201
-15,-15,0.00039410864658934202,,0.00039056829114789929,19154411099383/49042412129994603
-15,-14,0.00039450356366222631,,0.00039061639853033687,19156770401459/49042412129994603
-15,-13,0.00039238940533085361,,0.00039066450591277444,6386376567845/16347470709998201
-15,-12,0.00039087039902956289,,0.00039071261329521207,19161489005611/49042412129994603
-15,-11,0.00039063871388144968,,0.00039076072067764964,19163848307687/49042412129994603
-15,-10,0.00038961270899026446,,0.00039080882806008727,6388735869921/16347470709998201
-15,-9,0.00038790778655355482,,0.00039085693544252485,19168566911839/49042412129994603
-15,-8,0.00038710756202064615,,0.00039090504282496247,19170926213915/49042412129994603
-15,-7,0.00039154890985536827,,0.00039095315020740005,6391095171997/16347470709998201
-15,-6,0.00038592399072152813,,0.00039100125758983768,19175644818067/49042412129994603
-15,-5,0.0003843870986411452,,0.00039104936497227525,19178004120143/49042412129994603
-15,-4,0.00038363629103606577,,0.00039109747235471288,6393454474073/16347470709998201
-15,-3,0.00038393859082590497,,0.00039114557973715045,19182722724295/49042412129994603
-15,-2,0.00038325489449877992,,0.00039119368711958803,19185082026371/49042412129994603
-15,-1,0.00038308461547721092,,0.00039124179450202566,6395813776149/16347470709998201
-15,0,0.00038326145380750349,,0.00039128990188446323,19189800630523/49042412129994603
-15,1,0.00038219423543635735,,0.00039133800926690086,19192159932599/49042412129994603
-15,2,0.00038369062927270893,,0.00039138611664933843,6398173078225/16347470709998201
-15,3,0.00038152652132325635,,0.00039143422403177606,19196878536751/49042412129994603
-15,4,0.00038577350658931613,,0.00039148233141421363,19199237838827/49042412129994603
-15,5,0.00038050574802376029,,0.00039153043879665126,81019397219/206930008987319
-15,6,0.00038315751228521389,,0.00039157854617908884,19203956442979/49042412129994603
-15,7,0.00038284649012072011,,0.00039162665356152647,19206315745055/49042412129994603
-15,8,0.00038211983886867113,,0.00039167476094396404,6402891682377/16347470709998201
-15,9,0.00038324174819626947,,0.00039172286832640167,19211034349207/49042412129994603
-15,10,0.00038776570966014866,,0.00039177097570883924,19213393651283/49042412129994603
-15,11,0.00038477881226681464,,0.00039181908309127682,6405250984453/16347470709998201
-15,12,0.00038189581883643598,,0.00039186719047371445,19218112255435/49042412129994603
-15,13,0.00038435689512955796,,0.00039191529785615202,19220471557511/49042412129994603
-15,14,0.00038734207798233624,,0.00039196340523858965,6407610286529/16347470709998201
-15,15,0.00038537234990288692,,0.00039201151262102722,19225190161663/49042412129994603
-15,16,0.00038712567803855265,,0.00039205962000346485,19227549463739/49042412129994603
-15,17,0.00038591186470542484,,0.00039210772738590242,6409969588605/16347470709998201
-15,18,0.00038884421744639943,,0.00039215583476834005,19232268067891/49042412129994603
-15,19,0.0003866556165912755,,0.00039220394215077763,19234627369967/49042412129994603
-15,20,0.00038904285182091305,,0.00039225204953321526,6412328890681/16347470709998201
-15,21,0.00038804421709002758,,0.00039230015691565283,19239345974119/49042412129994603
-15,22,0.00039056534773570145,,0.00039234826429809046,19241705276195/49042412129994603
-15,23,0.00039123451203811765,,0.00039239637168052803,6414688192757/16347470709998201
-15,24,0.00039203714821480683,,0.00039244447906296561,19246423880347/49042412129994603
-15,25,0.00039032333407324637,,0.00039249258644540323,19248783182423/49042412129994603
-15,26,0.00039237186273381167,,0.00039254069382784081,6417047494833/16347470709998201
-15,27,0.00039269169683289577,,0.00039258880121027844,19253501786575/49042412129994603
-15,28,0.00039574011593770416,,0.00039263690859271601,19255861088651/49042412129994603
-15,29,0.00039784084311947978,,0.00039268501597515364,6419406796909/16347470709998201
-15,30,0.00040225441216111898,,0.00039273312335759121,19260579692803/49042412129994603
-14,-18,0.0003999955768418095,,0.00039034539333897777,19143479653175/49042412129994603
-14,-17,0.00039824023447638661,,0.00039039350072141539,6381946318417/16347470709998201
-14,-16,0.00039591100724242978,,0.00039044160810385297,19148198257327/49042412129994603
-14,-15,0.00039489662312212914,,0.0003904897154862906,19150557559403/49042412129994603
-14,-14,0.00039234231582881731,,0.00039053782286872817,6384305620493/16347470709998201
-14,-13,0.00039099326737548472,,0.0003905859302511658,19155276163555/49042412129994603
-14,-12,0.0003901328623709693,,0.00039063403763360337,19157635465631/49042412129994603
-14,-11,0.00038895778040364177,,0.000390682145016041,6386664922569/16347470709998201
-14,-10,0.00039216609274833906,,0.00039073025239847858,19162354069783/49042412129994603
-14,-9,0.00038914889197926093,,0.00039077835978091615,19164713371859/49042412129994603
-14,-8,0.00038747473885749429,,0.00039082646716335378,6389024224645/16347470709998201
-14,-7,0.000386422791377145,,0.00039087457454579135,19169431976011/49042412129994603
-14,-6,0.00038692967566074729,,0.00039092268192822898,19171791278087/49042412129994603
-14,-5,0.00038376285830954632,,0.00039097078931066656,6391383526721/16347470709998201
-14,-4,0.00038396163233299347,,0.00039101889669310418,19176509882239/49042412129994603
-14,-3,0.00038311531458720438,,0.00039106700407554176,19178869184315/49042412129994603
-14,-2,0.00038712890228726507,,0.00039111511145797939,6393742828797/16347470709998201
-14,-1,0.00038859720229345192,,0.00039116321884041696,19183587788467/49042412129994603
-14,0,0.00038390964641352778,,0.00039121132622285459,19185947090543/49042412129994603
-14,1,0.00038184495600645672,,0.00039125943360529216,6396102130873/16347470709998201
-14,2,0.00038174979264280346,,0.00039130754098772979,19190665694695/49042412129994603
-14,3,0.00038242795456032078,,0.00039135564837016737,19193024996771/49042412129994603
-14,4,0.00038207990517563877,,0.00039140375575260494,6398461432949/16347470709998201
-14,5,0.00038430615929727161,,0.00039145186313504257,19197743600923/49042412129994603
-14,6,0.00038097198155022269,,0.00039149997051748014,19200102902999/49042412129994603
-14,7,0.00038312707197858095,,0.00039154807789991777,6400820735025/16347470709998201
-14,8,0.00038079635563698409,,0.00039159618528235535,19204821507151/49042412129994603
-14,9,0.00038561874585123782,,0.00039164429266479297,19207180809227/49042412129994603
-14,10,0.00038348195627134626,,0.00039169240004723055,6403180037101/16347470709998201
-14,11,0.00038127541858951199,,0.00039174050742966818,19211899413379/49042412129994603
-14,12,0.00038114943438826934,,0.00039178861481210575,19214258715455/49042412129994603
-14,13,0.0003827217536795273,,0.00039183672219454338,6405539339177/16347470709998201
-14,14,0.00038295872598723959,,0.00039188482957698095,19218977319607/49042412129994603
-14,15,0.00038422709101752848,,0.00039193293695941858,19221336621683/49042412129994603
-14,16,0.00038433358040122366,,0.00039198104434185616,6407898641253/16347470709998201
-14,17,0.0003834850673447824,,0.00039202915172429373,19226055225835/49042412129994603
-14,18,0.00038459264818603263,,0.00039207725910673136,19228414527911/49042412129994603
-14,19,0.00038591873721343739,,0.00039212536648916893,6410257943329/16347470709998201
-14,20,0.00038672842598730422,,0.00039217347387160656,19233133132063/49042412129994603
-14,21,0.00038980989733616058,,0.00039222158125404413,19235492434139/49042412129994603
-14,22,0.00038698809595833389,,0.00039226968863648176,81172370195/206930008987319
-14,23,0.00039207672017010567,,0.00039231779601891934,19240211038291/49042412129994603
-14,24,0.00039012783272114783,,0.00039236590340135697,19242570340367/49042412129994603
-14,25,0.00039495555746449557,,0.00039241401078379454,6414976547481/16347470709998201
-14,26,0.00039345046954794414,,0.00039246211816623217,19247288944519/49042412129994603
-14,27,0.00039460988176382691,,0.00039251022554866974,19249648246595/49042412129994603
-14,28,0.00039627774466864321,,0.00039255833293110737,6417335849557/16347470709998201
-14,29,0.00040004309581914569,,0.00039260644031354494,19254366850747/49042412129994603
-13,-18,0.00039986411814132918,,0.00039026681767736913,6379875371065/16347470709998201
-13,-17,0.00039734126604674659,,0.0003903149250598067,19141985415271/49042412129994603
-13,-16,0.00039598864959231733,,0.00039036303244224433,19144344717347/49042412129994603
-13,-15,0.00039370182446495572,,0.0003904111398246819,6382234673141/16347470709998201
-13,-14,0.00039219494969854355,,0.00039045924720711948,19149063321499/49042412129994603
-13,-13,0.00039301220257795429,,0.00039050735458955711,19151422623575/49042412129994603
-13,-12,0.00039004908987308522,,0.00039055546197199468,6384593975217/16347470709998201
-13,-11,0.00039086510249327684,,0.00039060356935443231,19156141227727/49042412129994603
-13,-10,0.00038738551697421812,,0.00039065167673686988,19158500529803/49042412129994603
-13,-9,0.00038820611999671671,,0.00039069978411930751,6386953277293/16347470709998201
-13,-8,0.0003903761396834065,,0.00039074789150174508,19163219133955/49042412129994603
-13,-7,0.00038902512679518778,,0.00039079599888418271,19165578436031/49042412129994603
-13,-6,0.00038700322358638662,,0.00039084410626662029,6389312579369/16347470709998201
-13,-5,0.00038714935958607336,,0.00039089221364905792,19170297040183/49042412129994603
-13,-4,0.00038463853029192975,,0.00039094032103149549,19172656342259/49042412129994603
-13,-3,0.00038453011446390868,,0.00039098842841393306,6391671881445/16347470709998201
-13,-2,0.00038241894685175036,,0.00039103653579637069,19177374946411/49042412129994603
-13,-1,0.00038333767482307804,,0.00039108464317880827,19179734248487/49042412129994603
-13,0,0.00038148357489137919,,0.00039113275056124589,6394031183521/16347470709998201
-13,1,0.00038310368067482958,,0.00039118085794368347,19184452852639/49042412129994603
-13,2,0.00038270755263185437,,0.0003912289653261211,19186812154715/49042412129994603
-13,3,0.00038280781599314695,,0.00039127707270855867,6396390485597/16347470709998201
-13,4,0.00038154329372192566,,0.0003913251800909963,19191530758867/49042412129994603
-13,5,0.00038215011395083118,,0.00039137328747343387,19193890060943/49042412129994603
-13,6,0.00038124948050212432,,0.0003914213948558715,6398749787673/16347470709998201
-13,7,0.00038588640298870236,,0.00039146950223830908,19198608665095/49042412129994603
-13,8,0.00038209810405392578,,0.0003915176096207467,19200967967171/49042412129994603
-13,9,0.00038179682078881891,,0.00039156571700318428,6401109089749/16347470709998201
-13,10,0.00038437126011328345,,0.00039161382438562185,19205686571323/49042412129994603
-13,11,0.00038287313053029181,,0.00039166193176805948,19208045873399/49042412129994603
-13,12,0.0003823337033955039,,0.00039171003915049706,6403468391825/16347470709998201
-13,13,0.00038270185454321581,,0.00039175814653293468,19212764477551/49042412129994603
-13,14,0.00038295054955526546,,0.00039180625391537226,19215123779627/49042412129994603
-13,15,0.00038383298257884855,,0.00039185436129780989,6405827693901/16347470709998201
-13,16,0.00038748854504144022,,0.00039190246868024746,19219842383779/49042412129994603
-13,17,0.00038504793659449777,,0.00039195057606268509,19222201685855/49042412129994603
-13,18,0.00038955951440944108,,0.00039199868344512266,6408186995977/16347470709998201
-13,19,0.00038511407067858455,,0.00039204679082756029,19226920290007/49042412129994603
-13,20,0.00039196397689648352,,0.00039209489820999787,19229279592083/49042412129994603
-13,21,0.00038710647007693388,,0.00039214300559243549,6410546298053/16347470709998201
-13,22,0.0003884753752574378,,0.00039219111297487307,19233998196235/49042412129994603
-13,23,0.00039104807051232012,,0.00039223922035731064,19236357498311/49042412129994603
-13,24,0.00039220080759181725,,0.00039228732773974827,6412905600129/16347470709998201
-13,25,0.0003921190490766933,,0.00039233543512218584,19241076102463/49042412129994603
-13,26,0.00039375731532727363,,0.00039238354250462347,19243435404539/49042412129994603
-13,27,0.0003949451619820589,,0.00039243164988706105,6415264902205/16347470709998201
-13,28,0.00039875314430676685,,0.00039247975726949868,19248154008691/49042412129994603
-12,-19,0.00040117929236832111,,0.0003901401346333228,6377804423713/16347470709998201
-12,-18,0.00039905856044087935,,0.00039018824201576043,19135772573215/49042412129994603
-12,-17,0.00039630406550566951,,0.00039023634939819801,19138131875291/49042412129994603
-12,-16,0.00039610999432962023,,0.00039028445678063563,6380163725789/16347470709998201
-12,-15,0.0003923235607432115,,0.00039033256416307321,19142850479443/49042412129994603
-12,-14,0.00039257442153435145,,0.00039038067154551084,19145209781519/49042412129994603
-12,-13,0.00039235633015684355,,0.00039042877892794841,6382523027865/16347470709998201
-12,-12,0.00039032129644421001,,0.00039047688631038604,19149928385671/49042412129994603
-12,-11,0.00039542381681867839,,0.00039052499369282361,19152287687747/49042412129994603
-12,-10,0.00039007051905733136,,0.00039057310107526119,6384882329941/16347470709998201
-12,-9,0.00038778557722074269,,0.00039062120845769882,19157006291899/49042412129994603
-12,-8,0.00038550144133023425,,0.00039066931584013639,19159365593975/49042412129994603
-12,-7,0.00038516341514675573,,0.00039071742322257402,6387241632017/16347470709998201
-12,-6,0.00038403102807179815,,0.00039076553060501159,19164084198127/49042412129994603
-12,-5,0.00038370465956802223,,0.00039081363798744922,19166443500203/49042412129994603
-12,-4,0.00038455773226605785,,0.00039086174536988679,6389600934093/16347470709998201
-12,-3,0.00038585952416269969,,0.00039090985275232442,19171162104355/49042412129994603
-12,-2,0.0003857650331953848,,0.000390957960134762,19173521406431/49042412129994603
-12,-1,0.00038232438419220709,,0.00039100606751719963,6391960236169/16347470709998201
-12,0,0.00038352186941362242,,0.0003910541748996372,19178240010583/49042412129994603
-12,1,0.00038465772030238127,,0.00039110228228207483,19180599312659/49042412129994603
-12,2,0.00038084922823266909,,0.0003911503896645124,6394319538245/16347470709998201
-12,3,0.00038266499115050201,,0.00039119849704694998,19185317916811/49042412129994603
-12,4,0.0003825423778579301,,0.0003912466044293876,19187677218887/49042412129994603
-12,5,0.00037994014136350624,,0.00039129471181182518,6396678840321/16347470709998201
-12,6,0.00038421590133028838,,0.00039134281919426281,19192395823039/49042412129994603
-12,7,0.00038348406275606642,,0.00039139092657670038,19194755125115/49042412129994603
-12,8,0.00038366201517389139,,0.00039143903395913801,6399038142397/16347470709998201
-12,9,0.00038018686717760064,,0.00039148714134157558,19199473729267/49042412129994603
-12,10,0.00038263080405108441,,0.00039153524872401321,19201833031343/49042412129994603
-12,11,0.00038391917491564044,,0.00039158335610645079,6401397444473/16347470709998201
-12,12,0.00038165254116615498,,0.00039163146348888841,19206551635495/49042412129994603
-12,13,0.00038533437285128292,,0.00039167957087132599,19208910937571/49042412129994603
-12,14,0.00038325499527952923,,0.00039172767825376362,6403756746549/16347470709998201
-12,15,0.00038608908983698968,,0.00039177578563620119,19213629541723/49042412129994603
-12,16,0.00038528885431847009,,0.00039182389301863877,19215988843799/49042412129994603
-12,17,0.00038494909331591499,,0.00039187200040107639,6406116048625/16347470709998201
-12,18,0.00038956798739700146,,0.00039192010778351397,19220707447951/49042412129994603
-12,19,0.00038825476480745119,,0.0003919682151659516,19223066750027/49042412129994603
-12,20,0.00038694838574089124,,0.00039201632254838917,6408475350701/16347470709998201
-12,21,0.00039026823905527897,,0.0003920644299308268,19227785354179/49042412129994603
-12,22,0.00038965338435574374,,0.00039211253731326437,19230144656255/49042412129994603
-12,23,0.00039181202117665582,,0.000392160644695702,6410834652777/16347470709998201
-12,24,0.00039230478586273768,,0.00039220875207813958,19234863260407/49042412129994603
-12,25,0.00039277327158732952,,0.0003922568594605772,19237222562483/49042412129994603
-12,26,0.00039407905256835123,,0.00039230496684301478,6413193954853/16347470709998201
-12,27,0.00039708311642280603,,0.00039235307422545241,19241941166635/49042412129994603
-12,28,0.00040200444313224631,,0.00039240118160788998,19244300468711/49042412129994603
-11,-19,0.00040079656691239201,,0.00039006155897171416,19129559731159/49042412129994603
-11,-18,0.00039815097859109331,,0.00039010966635415174,19131919033235/49042412129994603
-11,-17,0.00039664887046603371,,0.00039015777373658936,6378092778437/16347470709998201
-11,-16,0.0003947704006888782,,0.00039020588111902694,19136637637387/49042412129994603
-11,-15,0.0003952099728432775,,0.00039025398850146451,19138996939463/49042412129994603
-11,-14,0.00039173429822194885,,0.00039030209588390214,6380452080513/16347470709998201
-11,-13,0.00038973663982825029,,0.00039035020326633972,19143715543615/49042412129994603
-11,-12,0.00039123574322083636,,0.00039039831064877734,19146074845691/49042412129994603
-11,-11,0.00038829413564527991,,0.00039044641803121492,6382811382589/16347470709998201
-11,-10,0.00038616231846942033,,0.00039049452541365255,19150793449843/49042412129994603
-11,-9,0.00038792094177978739,,0.00039054263279609012,19153152751919/49042412129994603
-11,-8,0.00038643273928174241,,0.00039059074017852775,6385170684665/16347470709998201
-11,-7,0.00038571853580786093,,0.00039063884756096532,19157871356071/49042412129994603
-11,-6,0.00038304932296725396,,0.00039068695494340295,242534565293/620790026961957
-11,-5,0.00038462229024068857,,0.00039073506232584053,6387529986741/16347470709998201
-11,-4,0.00038327973761649532,,0.0003907831697082781,19164949262299/49042412129994603
-11,-3,0.00038427678494074941,,0.00039083127709071573,19167308564375/49042412129994603
-11,-2,0.00038390219567376933,,0.0003908793844731533,6389889288817/16347470709998201
-11,-1,0.00038112714893468803,,0.00039092749185559093,19172027168527/49042412129994603
-11,0,0.00038372523990525654,,0.0003909755992380285,19174386470603/49042412129994603
-11,1,0.00038128695123852615,,0.00039102370662046613,6392248590893/16347470709998201
-11,2,0.00038265557858591581,,0.00039107181400290371,19179105074755/49042412129994603
-11,3,0.00038228790385727888,,0.00039111992138534134,19181464376831/49042412129994603
-11,4,0.00038077971735832761,,0.00039116802876777891,6394607892969/16347470709998201
-11,5,0.00038123300459283422,,0.00039121613615021654,19186182980983/49042412129994603
-11,6,0.00038117763011978362,,0.00039126424353265411,19188542283059/49042412129994603
-11,7,0.00038147359092503559,,0.00039131235091509174,6396967195045/16347470709998201
-11,8,0.00038000818990460326,,0.00039136045829752931,19193260887211/49042412129994603
-11,9,0.00038411040389689667,,0.00039140856567996689,19195620189287/49042412129994603
-11,10,0.00038303743614590295,,0.00039145667306240452,6399326497121/16347470709998201
-11,11,0.00038121504343015489,,0.00039150478044484209,19200338793439/49042412129994603
-11,12,0.00038380340057663512,,0.00039155288782727972,19202698095515/49042412129994603
-11,13,0.00038394172980128809,,0.00039160099520971729,6401685799197/16347470709998201
-11,14,0.00038498845031034344,,0.00039164910259215492,19207416699667/49042412129994603
-11,15,0.00038394302327159573,,0.0003916972099745925,19209776001743/49042412129994603
-11,16,0.000384832436545363,,0.00039174531735703012,6404045101273/16347470709998201
-11,17,0.00038547844059354654,,0.0003917934247394677,19214494605895/49042412129994603
-11,18,0.00038631315051975324,,0.00039184153212190533,19216853907971/49042412129994603
-11,19,0.0003861814047098953,,0.0003918896395043429,6406404403349/16347470709998201
-11,20,0.00038898659065907028,,0.00039193774688678053,19221572512123/49042412129994603
-11,21,0.00038772216557722436,,0.0003919858542692181,19223931814199/49042412129994603
-11,22,0.00039126198379182058,,0.00039203396165165568,6408763705425/16347470709998201
-11,23,0.00039547919676312599,,0.00039208206903409331,19228650418351/49042412129994603
-11,24,0.00039430215467534341,,0.00039213017641653088,19231009720427/49042412129994603
-11,25,0.00039325666392070263,,0.00039217828379896851,6411123007501/16347470709998201
-11,26,0.00039534595158824442,,0.00039222639118140608,19235728324579/49042412129994603
-11,27,0.00039989131891886531,,0.00039227449856384371,19238087626655/49042412129994603
-10,-19,0.00040001941085142763,,0.00038998298331010547,19125706191179/49042412129994603
-10,-18,0.00039781339248050416,,0.00039003109069254304,6376021831085/16347470709998201
-10,-17,0.00040080838941135055,,0.00039007919807498067,19130424795331/49042412129994603
-10,-16,0.0003927903250709534,,0.00039012730545741824,19132784097407/49042412129994603
-10,-15,0.00039189569898399152,,0.00039017541283985587,6378381133161/16347470709998201
-10,-14,0.00039053621316450902,,0.00039022352022229345,19137502701559/49042412129994603
-10,-13,0.00039025132130271169,,0.00039027162760473107,19139862003635/49042412129994603
-10,-12,0.00039052499054868328,,0.00039031973498716865,6380740435237/16347470709998201
-10,-11,0.00038997533661115988,,0.00039036784236960622,19144580607787/49042412129994603
-10,-10,0.00038527981174665393,,0.00039041594975204385,19146939909863/49042412129994603
-10,-9,0.00038443555629115163,,0.00039046405713448143,6383099737313/16347470709998201
-10,-8,0.00039076133159761167,,0.00039051216451691905,19151658514015/49042412129994603
-10,-7,0.00039169906805326134,,0.00039056027189935663,19154017816091/49042412129994603
-10,-6,0.00038496638480823968,,0.00039060837928179426,6385459039389/16347470709998201
-10,-5,0.00038713627599659337,,0.00039065648666423183,19158736420243/49042412129994603
-10,-4,0.00038380399565658512,,0.00039070459404666946,19161095722319/49042412129994603
-10,-3,0.00038363875506108484,,0.00039075270142910703,6387818341465/16347470709998201
-10,-2,0.00038163799209498314,,0.00039080080881154466,19165814326471/49042412129994603
-10,-1,0.00038104397222011303,,0.00039084891619398224,19168173628547/49042412129994603
-10,0,0.00038580999104774,,0.00039089702357641986,6390177643541/16347470709998201
-10,1,0.00038252796270325692,,0.00039094513095885744,19172892232699/49042412129994603
-10,2,0.00038527513671461188,,0.00039099323834129501,19175251534775/49042412129994603
-10,3,0.00038550309265431525,,0.00039104134572373264,6392536945617/16347470709998201
-10,4,0.00038103693427770209,,0.00039108945310617021,19179970138927/49042412129994603
-10,5,0.00038136192087260271,,0.00039113756048860784,19182329441003/49042412129994603
-10,6,0.0003856342481433128,,0.00039118566787104542,6394896247693/16347470709998201
-10,7,0.00038163980587946843,,0.00039123377525348305,19187048045155/49042412129994603
-10,8,0.00038143357134248291,,0.00039128188263592062,19189407347231/49042412129994603
-10,9,0.00038368616305343647,,0.00039132999001835825,6397255549769/16347470709998201
-10,10,0.00038188286121931483,,0.00039137809740079582,19194125951383/49042412129994603
-10,11,0.00038292475891194428,,0.00039142620478323345,242993484221/620790026961957
-10,12,0.00038151189697940407,,0.00039147431216567102,6399614851845/16347470709998201
-10,13,0.00038392526492404594,,0.00039152241954810865,19201203857611/49042412129994603
-10,14,0.00038480778948933949,,0.00039157052693054623,19203563159687/49042412129994603
-10,15,0.00038646616758022956,,0.0003916186343129838,6401974153921/16347470709998201
-10,16,0.00038473744299785673,,0.00039166674169542143,19208281763839/49042412129994603
-10,17,0.0003863156421210913,,0.000391714849077859,19210641065915/49042412129994603
-10,18,0.00038745538666615909,,0.00039176295646029663,6404333455997/16347470709998201
-10,19,0.00039087917718534627,,0.00039181106384273421,19215359670067/49042412129994603
-10,20,0.00038895962115934279,,0.00039185917122517183,19217718972143/49042412129994603
-10,21,0.00039206410280366897,,0.00039190727860760941,6406692758073/16347470709998201
-10,22,0.00039005224607342764,,0.00039195538599004704,19222437576295/49042412129994603
-10,23,0.00039292124992975876,,0.00039200349337248461,19224796878371/49042412129994603
-10,24,0.00039279389315870537,,0.00039205160075492224,6409052060149/16347470709998201
-10,25,0.00039494036718829549,,0.00039209970813735981,19229515482523/49042412129994603
-10,26,0.00039796253185707961,,0.00039214781551979744,19231874784599/49042412129994603
-9,-19,0.00039993716205988098,,0.00038990440764849677,6373950883733/16347470709998201
-9,-18,0.00039690029295461196,,0.0003899525150309344,19124211953275/49042412129994603
-9,-17,0.00039479884417668594,,0.00039000062241337197,19126571255351/49042412129994603
-9,-16,0.00039364212135026863,,0.00039004872979580955,6376310185809/16347470709998201
-9,-15,0.00039215338888093007,,0.00039009683717824718,19131289859503/49042412129994603
-9,-14,0.0003928805232487846,,0.00039014494456068475,19133649161579/49042412129994603
-9,-13,0.00038927154289977657,,0.00039019305194312238,6378669487885/16347470709998201
-9,-12,0.00038808850513711018,,0.00039024115932555995,19138367765731/49042412129994603
-9,-11,0.00038622430960441649,,0.00039028926670799758,19140727067807/49042412129994603
-9,-10,0.00038524977200258246,,0.00039033737409043516,6381028789961/16347470709998201
-9,-9,0.00038722578672044085,,0.00039038548147287278,19145445671959/49042412129994603
-9,-8,0.00038486735812548706,,0.00039043358885531036,19147804974035/49042412129994603
-9,-7,0.00038419315402819754,,0.00039048169623774799,6383388092037/16347470709998201
-9,-6,0.00038673483102019061,,0.00039052980362018556,19152523578187/49042412129994603
-9,-5,0.00038489095131048577,,0.00039057791100262314,19154882880263/49042412129994603
-9,-4,0.00038388436723796489,,0.00039062601838506076,6385747394113/16347470709998201
-9,-3,0.00038294396380551425,,0.00039067412576749834,19159601484415/49042412129994603
-9,-2,0.00038268271914635251,,0.00039072223314993597,19161960786491/49042412129994603
-9,-1,0.00038335360324880363,,0.00039077034053237354,6388106696189/16347470709998201
-9,0,0.00038301459393745129,,0.00039081844791481117,19166679390643/49042412129994603
-9,1,0.00038426550343765816,,0.00039086655529724874,19169038692719/49042412129994603
-9,2,0.0003847412785496545,,0.00039091466267968637,6390465998265/16347470709998201
-9,3,0.00038243211125345246,,0.00039096277006212395,19173757296871/49042412129994603
-9,4,0.00038022489851818322,,0.00039101087744456157,19176116598947/49042412129994603
-9,5,0.00038048021282641468,,0.00039105898482699915,6392825300341/16347470709998201
-9,6,0.00037965172143074425,,0.00039110709220943678,19180835203099/49042412129994603
-9,7,0.00038206179197852296,,0.00039115519959187435,19183194505175/49042412129994603
-9,8,0.00038049126981753968,,0.00039120330697431192,6395184602417/16347470709998201
-9,9,0.00038130369867674969,,0.00039125141435674955,19187913109327/49042412129994603
-9,10,0.00038321932561731433,,0.00039129952173918713,19190272411403/49042412129994603
-9,11,0.00038438456647259972,,0.00039134762912162476,6397543904493/16347470709998201
-9,12,0.00038474591639483917,,0.00039139573650406233,19194991015555/49042412129994603
-9,13,0.00038327555448146457,,0.00039144384388649996,19197350317631/49042412129994603
-9,14,0.00038664730707224697,,0.00039149195126893753,6399903206569/16347470709998201
-9,15,0.00038373121469487744,,0.00039154005865137516,19202068921783/49042412129994603
-9,16,0.00038520057006307827,,0.00039158816603381273,19204428223859/49042412129994603
-9,17,0.00038690230196717978,,0.00039163627341625036,6402262508645/16347470709998201
-9,18,0.00038771066976330714,,0.00039168438079868794,19209146828011/49042412129994603
-9,19,0.00038913380940585945,,0.00039173248818112557,19211506130087/49042412129994603
-9,20,0.00038840155282782618,,0.00039178059556356314,6404621810721/16347470709998201
-9,21,0.00038995902561594561,,0.00039182870294600071,19216224734239/49042412129994603
-9,22,0.00039120130739681415,,0.00039187681032843834,19218584036315/49042412129994603
-9,23,0.00039225441097405272,,0.00039192491771087592,6406981112797/16347470709998201
-9,24,0.00039345935354988493,,0.00039197302509331354,19223302640467/49042412129994603
-9,25,0.0004004511381564184,,0.00039202113247575112,19225661942543/49042412129994603
-8,-20,0.00040176582070179309,,0.0003897777246044505,6371879936381/16347470709998201
-8,-19,0.00039907804726518735,,0.00038982583198688808,19117999111219/49042412129994603
-8,-18,0.00039649541131379928,,0.00038987393936932571,19120358413295/49042412129994603
-8,-17,0.00039498677850332799,,0.00038992204675176328,6374239238457/16347470709998201
-8,-16,0.00039327601499514507,,0.00038997015413420091,19125077017447/49042412129994603
-8,-15,0.00039176036737754435,,0.00039001826151663848,19127436319523/49042412129994603
-8,-14,0.00038966903392665525,,0.00039006636889907611,6376598540533/16347470709998201
-8,-13,0.00039118457235456998,,0.00039011447628151368,19132154923675/49042412129994603
-8,-12,0.00039004515293524606,,0.00039016258366395126,19134514225751/49042412129994603
-8,-11,0.00039121971224409936,,0.00039021069104638889,6378957842609/16347470709998201
-8,-10,0.00038605727724369939,,0.00039025879842882646,19139232829903/49042412129994603
-8,-9,0.00038516348187886396,,0.00039030690581126409,19141592131979/49042412129994603
-8,-8,0.00038669477682618105,,0.00039035501319370166,6381317144685/16347470709998201
-8,-7,0.00038622975572114628,,0.00039040312057613929,19146310736131/49042412129994603
-8,-6,0.00038371449531848285,,0.00039045122795857687,19148670038207/49042412129994603
-8,-5,0.00038457526723781115,,0.00039049933534101449,6383676446761/16347470709998201
-8,-4,0.00038562721243927146,,0.00039054744272345207,19153388642359/49042412129994603
-8,-3,0.00038351205125390549,,0.0003905955501058897,19155747944435/49042412129994603
-8,-2,0.00038153336570643549,,0.00039064365748832727,6386035748837/16347470709998201
-8,-1,0.00038161446731865568,,0.0003906917648707649,19160466548587/49042412129994603
-8,0,0.00038245900735701547,,0.00039073987225320247,19162825850663/49042412129994603
-8,1,0.00038279102907352847,,0.00039078797963564005,6388395050913/16347470709998201
-8,2,0.00038160644051931465,,0.00039083608701807768,19167544454815/49042412129994603
-8,3,0.0003835966404531059,,0.00039088419440051525,19169903756891/49042412129994603
-8,4,0.00038152695628144068,,0.00039093230178295288,6390754352989/16347470709998201
-8,5,0.00038136816391901555,,0.00039098040916539045,19174622361043/49042412129994603
-8,6,0.00038294778125856009,,0.00039102851654782808,19176981663119/49042412129994603
-8,7,0.00038149650579753915,,0.00039107662393026566,6393113655065/16347470709998201
-8,8,0.00038228495078161895,,0.00039112473131270328,19181700267271/49042412129994603
-8,9,0.00038285035025008919,,0.00039117283869514086,19184059569347/49042412129994603
-8,10,0.00038267886485489198,,0.00039122094607757849,6395472957141/16347470709998201
-8,11,0.00038326515631390023,,0.00039126905346001606,19188778173499/49042412129994603
-8,12,0.00038327816052347236,,0.00039131716084245369,19191137475575/49042412129994603
-8,13,0.00038361267450619544,,0.00039136526822489126,6397832259217/16347470709998201
-8,14,0.000384729243955509,,0.00039141337560732884,19195856079727/49042412129994603
-8,15,0.00038455373174475034,,0.00039146148298976647,19198215381803/49042412129994603
-8,16,0.00038502353059778865,,0.00039150959037220404,6400191561293/16347470709998201
-8,17,0.00038610321567684222,,0.00039155769775464167,19202933985955/49042412129994603
-8,18,0.00038721528907489065,,0.00039160580513707924,19205293288031/49042412129994603
-8,19,0.00038821105600996968,,0.00039165391251951687,6402550863369/16347470709998201
-8,20,0.00038939171847084987,,0.00039170201990195444,19210011892183/49042412129994603
-8,21,0.00039240717438539951,,0.00039175012728439207,19212371194259/49042412129994603
-8,22,0.00039333583344742173,,0.00039179823466682965,6404910165445/16347470709998201
-8,23,0.00039346458155230674,,0.00039184634204926728,19217089798411/49042412129994603
-8,24,0.00039519748264038845,,0.00039189444943170485,19219449100487/49042412129994603
-8,25,0.00039880576521229334,,0.00039194255681414248,6407269467521/16347470709998201
-7,-20,0.0004014033851319251,,0.00038969914894284181,19111786269163/49042412129994603
-7,-19,0.00039896076623080983,,0.00038974725632527944,19114145571239/49042412129994603
-7,-18,0.0003960843580103753,,0.00038979536370771701,6372168291105/16347470709998201
-7,-17,0.00039365222022989224,,0.00038984347109015458,242010938929/620790026961957
-7,-16,0.00039386721848434569,,0.00038989157847259221,19121223477467/49042412129994603
-7,-15,0.00039075108041017369,,0.00038993968585502979,6374527593181/16347470709998201
-7,-14,0.00038975245681469365,,0.00038998779323746742,19125942081619/49042412129994603
-7,-13,0.00038809088381840687,,0.00039003590061990499,19128301383695/49042412129994603
-7,-12,0.0003864275822997142,,0.00039008400800234262,6376886895257/16347470709998201
-7,-11,0.00038915669734622724,,0.00039013211538478019,19133019987847/49042412129994603
-7,-10,0.00039064186448609502,,0.00039018022276721782,19135379289923/49042412129994603
-7,-9,0.00038431764533208287,,0.00039022833014965539,6379246197333/16347470709998201
-7,-8,0.00038621980423490787,,0.00039027643753209302,19140097894075/49042412129994603
-7,-7,0.00038590228900117659,,0.0003903245449145306,19142457196151/49042412129994603
-7,-6,0.00038311771138092979,,0.00039037265229696817,6381605499409/16347470709998201
-7,-5,0.00038253542774251869,,0.0003904207596794058,19147175800303/49042412129994603
-7,-4,0.00038403893233754035,,0.00039046886706184337,19149535102379/49042412129994603
-7,-3,0.00038549120188258721,,0.000390516974444281,6383964801485/16347470709998201
-7,-2,0.00038242745449803308,,0.00039056508182671858,19154253706531/49042412129994603
-7,-1,0.00038390388759799077,,0.0003906131892091562,19156613008607/49042412129994603
-7,0,0.00038245607522960882,,0.00039066129659159378,6386324103561/16347470709998201
-7,1,0.00038185947197614476,,0.00039070940397403141,19161331612759/49042412129994603
-7,2,0.00038120962724893132,,0.00039075751135646898,19163690914835/49042412129994603
-7,3,0.00038257267576877467,,0.00039080561873890661,6388683405637/16347470709998201
-7,4,0.00038167753846699725,,0.00039085372612134418,19168409518987/49042412129994603
-7,5,0.00038163554445715738,,0.00039090183350378181,19170768821063/49042412129994603
-7,6,0.00038336675864301489,,0.00039094994088621939,6391042707713/16347470709998201
-7,7,0.00038095586687875692,,0.00039099804826865696,19175487425215/49042412129994603
-7,8,0.0003849365016660202,,0.00039104615565109459,19177846727291/49042412129994603
-7,9,0.00038226747867967103,,0.00039109426303353216,6393402009789/16347470709998201
-7,10,0.00038375009927481903,,0.00039114237041596979,19182565331443/49042412129994603
-7,11,0.00038706774095055471,,0.00039119047779840737,19184924633519/49042412129994603
-7,12,0.00038380680981859753,,0.00039123858518084499,6395761311865/16347470709998201
-7,13,0.00038256647197766337,,0.00039128669256328257,19189643237671/49042412129994603
-7,14,0.00038691561071056555,,0.0003913347999457202,19192002539747/49042412129994603
-7,15,0.00038355607768747295,,0.00039138290732815777,6398120613941/16347470709998201
-7,16,0.00038628278459941755,,0.0003914310147105954,19196721143899/49042412129994603
-7,17,0.0003907143595839026,,0.00039147912209303297,19199080445975/49042412129994603
-7,18,0.00038813051761196055,,0.0003915272294754706,6400479916017/16347470709998201
-7,19,0.00038855359340900724,,0.00039157533685790818,19203799050127/49042412129994603
-7,20,0.00038954568058479391,,0.00039162344424034575,19206158352203/49042412129994603
-7,21,0.00039213805677507628,,0.00039167155162278338,6402839218093/16347470709998201
-7,22,0.00039284540381831213,,0.00039171965900522095,19210876956355/49042412129994603
-7,23,0.0003954354561896404,,0.00039176776638765858,19213236258431/49042412129994603
-7,24,0.00039728675798401616,,0.00039181587377009616,6405198520169/16347470709998201
-6,-20,0.00040049088364554571,,0.00038962057328123311,19107932729183/49042412129994603
-6,-19,0.0003987149383686413,,0.00038966868066367074,6370097343753/16347470709998201
-6,-18,0.00039567247113738373,,0.00038971678804610832,19112651333335/49042412129994603
-6,-17,0.00039645017452812943,,0.00038976489542854594,19115010635411/49042412129994603
-6,-16,0.00039231111157027256,,0.00038981300281098352,6372456645829/16347470709998201
-6,-15,0.00039146881164993581,,0.00038986111019342115,19119729239563/49042412129994603
-6,-14,0.00039009460861783745,,0.00038990921757585872,19122088541639/49042412129994603
-6,-13,0.00039049920140825747,,0.00038995732495829629,6374815947905/16347470709998201
-6,-12,0.00038725726610431676,,0.00039000543234073392,19126807145791/49042412129994603
-6,-11,0.000386310361853371,,0.0003900535397231715,19129166447867/49042412129994603
-6,-10,0.00038815970429424533,,0.00039010164710560913,6377175249981/16347470709998201
-6,-9,0.00038484077610047898,,0.0003901497544880467,19133885052019/49042412129994603
-6,-8,0.00038514320308730084,,0.00039019786187048433,19136244354095/49042412129994603
-6,-7,0.00038594449285782317,,0.0003902459692529219,6379534552057/16347470709998201
-6,-6,0.00038353879012303454,,0.00039029407663535953,19140962958247/49042412129994603
-6,-5,0.0003819293297659366,,0.0003903421840177971,19143322260323/49042412129994603
-6,-4,0.00038227029339833513,,0.00039039029140023473,6381893854133/16347470709998201
-6,-3,0.0003829757021465188,,0.00039043839878267231,19148040864475/49042412129994603
-6,-2,0.00038232094041780435,,0.00039048650616510994,19150400166551/49042412129994603
-6,-1,0.00038356546188814843,,0.00039053461354754751,6384253156209/16347470709998201
-6,0,0.00038039001178978305,,0.00039058272092998508,242469857857/620790026961957
-6,1,0.00038162816740130724,,0.00039063082831242271,19157478072779/49042412129994603
-6,2,0.00038354242137667076,,0.00039067893569486029,6386612458285/16347470709998201
-6,3,0.00038586656954902861,,0.00039072704307729792,19162196676931/49042412129994603
-6,4,0.00038085290101982748,,0.00039077515045973549,19164555979007/49042412129994603
-6,5,0.0003804047621217922,,0.00039082325784217312,6388971760361/16347470709998201
-6,6,0.00038049120225320518,,0.00039087136522461069,19169274583159/49042412129994603
-6,7,0.00038205017613652549,,0.00039091947260704832,19171633885235/49042412129994603
-6,8,0.00038184947656336665,,0.00039096757998948589,6391331062437/16347470709998201
-6,9,0.00038156720243958964,,0.00039101568737192352,19176352489387/49042412129994603
-6,10,0.0003832135592291256,,0.0003910637947543611,19178711791463/49042412129994603
-6,11,0.00038598223472035247,,0.00039111190213679873,6393690364513/16347470709998201
-6,12,0.00038399776665972514,,0.0003911600095192363,19183430395615/49042412129994603
-6,13,0.00038315651026635353,,0.00039120811690167387,19185789697691/49042412129994603
-6,14,0.00038914339436723656,,0.0003912562242841115,6396049666589/16347470709998201
-6,15,0.00038460547212462037,,0.00039130433166654908,19190508301843/49042412129994603
-6,16,0.00038710930074831878,,0.0003913524390489867,19192867603919/49042412129994603
-6,17,0.00038725962972034655,,0.00039140054643142428,6398408968665/16347470709998201
-6,18,0.00038962603259617989,,0.00039144865381386191,19197586208071/49042412129994603
-6,19,0.00038885796034910541,,0.00039149676119629948,19199945510147/49042412129994603
-6,20,0.00039047323826771639,,0.00039154486857873711,6400768270741/16347470709998201
-6,21,0.00039196427195005586,,0.00039159297596117468,19204664114299/49042412129994603
-6,22,0.00039318064048707643,,0.00039164108334361231,19207023416375/49042412129994603
-6,23,0.00039541471389801397,,0.00039168919072604989,6403127572817/16347470709998201
-5,-20,0.00040365586706313852,,0.00038954199761962447,6368026396401/16347470709998201
-5,-19,0.00039845195493712381,,0.00038959010500206205,19106438491279/49042412129994603
-5,-18,0.00039563170052092303,,0.00038963821238449962,19108797793355/49042412129994603
-5,-17,0.00039408708991888462,,0.00038968631976693725,6370385698477/16347470709998201
-5,-16,0.00039340745633955428,,0.00038973442714937482,19113516397507/49042412129994603
-5,-15,0.00039029757884899717,,0.00038978253453181245,19115875699583/49042412129994603
-5,-14,0.00039107042672444818,,0.00038983064191425003,6372745000553/16347470709998201
-5,-13,0.00038771155842245563,,0.00038987874929668765,19120594303735/49042412129994603
-5,-12,0.00038614216662837258,,0.00038992685667912523,19122953605811/49042412129994603
-5,-11,0.00038638482062804835,,0.00038997496406156286,6375104302629/16347470709998201
-5,-10,0.00038468431206226887,,0.00039002307144400043,19127672209963/49042412129994603
-5,-9,0.00038845357557532403,,0.00039007117882643806,19130031512039/49042412129994603
-5,-8,0.00038785359248533349,,0.00039011928620887563,6377463604705/16347470709998201
-5,-7,0.0003891451125640768,,0.00039016739359131321,19134750116191/49042412129994603
-5,-6,0.00038594183221088066,,0.00039021550097375084,19137109418267/49042412129994603
-5,-5,0.00038443392753953644,,0.00039026360835618841,6379822906781/16347470709998201
-5,-4,0.00038365639611892386,,0.00039031171573862604,19141828022419/49042412129994603
-5,-3,0.00038310118145127811,,0.00039035982312106361,19144187324495/49042412129994603
-5,-2,0.00038408964816768478,,0.00039040793050350124,6382182208857/16347470709998201
-5,-1,0.00038390157574423416,,0.00039045603788593882,19148905928647/49042412129994603
-5,0,0.00038088256625078951,,0.00039050414526837644,19151265230723/49042412129994603
-5,1,0.00038136592853282148,,0.00039055225265081402,6384541510933/16347470709998201
-5,2,0.00038151069960147213,,0.00039060036003325165,19155983834875/49042412129994603
-5,3,0.00038236292598838376,,0.00039064846741568922,19158343136951/49042412129994603
-5,4,0.0003855588524398368,,0.00039069657479812685,6386900813009/16347470709998201
-5,5,0.00038178917858768902,,0.00039074468218056442,19163061741103/49042412129994603
-5,6,0.00038087776017580854,,0.000390792789563002,19165421043179/49042412129994603
-5,7,0.00038085220064444484,,0.00039084089694543963,6389260115085/16347470709998201
-5,8,0.00038448513192023922,,0.0003908890043278772,19170139647331/49042412129994603
-5,9,0.00038206629991717527,,0.00039093711171031483,19172498949407/49042412129994603
-5,10,0.00038429275139997143,,0.0003909852190927524,6391619417161/16347470709998201
-5,11,0.00038669796796619231,,0.00039103332647519003,19177217553559/49042412129994603
-5,12,0.00038469677008904664,,0.0003910814338576276,19179576855635/49042412129994603
-5,13,0.00038555891333993708,,0.00039112954124006523,6393978719237/16347470709998201
-5,14,0.00038477993312111962,,0.00039117764862250281,19184295459787/49042412129994603
-5,15,0.00038548081550350528,,0.00039122575600494044,19186654761863/49042412129994603
-5,16,0.00038835660494047398,,0.00039127386338737801,6396338021313/16347470709998201
-5,17,0.00038764712059199594,,0.00039132197076981564,242928776785/620790026961957
-5,18,0.00039041787544453148,,0.00039137007815225321,19193732668091/49042412129994603
-5,19,0.00038974015579147403,,0.00039141818553469079,6398697323389/16347470709998201
-5,20,0.00039054086103224896,,0.00039146629291712841,19198451272243/49042412129994603
-5,21,0.00039284850058823395,,0.00039151440029956599,19200810574319/49042412129994603
-5,22,0.00039511901904522295,,0.00039156250768200362,6401056625465/16347470709998201
-5,23,0.00039923030227426431,,0.00039161061506444119,19205529178471/49042412129994603
-4,-21,0.00040280533356985685,,0.00038941531457557815,6365955449049/16347470709998201
-4,-20,0.00039987707138065441,,0.00038946342195801578,19100225649223/49042412129994603
-4,-19,0.00039690483127485928,,0.00038951152934045335,19102584951299/49042412129994603
-4,-18,0.00039496380018682947,,0.00038955963672289098,6368314751125/16347470709998201
-4,-17,0.00039334275071311681,,0.00038960774410532855,19107303555451/49042412129994603
-4,-16,0.00039241780599268925,,0.00038965585148776618,19109662857527/49042412129994603
-4,-15,0.00039001725092394275,,0.00038970395887020376,6370674053201/16347470709998201
-4,-14,0.00038825503605639772,,0.00038975206625264133,19114381461679/49042412129994603
-4,-13,0.00038824535889441701,,0.00038980017363507896,19116740763755/49042412129994603
-4,-12,0.00039023566031646964,,0.00038984828101751653,6373033355277/16347470709998201
-4,-11,0.00039049286239832277,,0.00038989638839995416,19121459367907/49042412129994603
-4,-10,0.0003869966974492866,,0.00038994449578239174,19123818669983/49042412129994603
-4,-9,0.00038782327611500741,,0.00038999260316482936,6375392657353/16347470709998201
-4,-8,0.00038786814840018226,,0.00039004071054726694,19128537274135/49042412129994603
-4,-7,0.00038397559429109078,,0.00039008881792970457,19130896576211/49042412129994603
-4,-6,0.00038257738781021969,,0.00039013692531214214,6377751959429/16347470709998201
-4,-5,0.00038258526734550268,,0.00039018503269457977,19135615180363/49042412129994603
-4,-4,0.00038267530585540173,,0.00039023314007701734,19137974482439/49042412129994603
-4,-3,0.00038440062877303794,,0.00039028124745945497,6380111261505/16347470709998201
-4,-2,0.00038089823338744675,,0.00039032935484189255,19142693086591/49042412129994603
-4,-1,0.00038232693730531751,,0.00039037746222433012,19145052388667/49042412129994603
-4,0,0.00038071715646238209,,0.00039042556960676775,6382470563581/16347470709998201
-4,1,0.00038381083158682338,,0.00039047367698920532,19149770992819/49042412129994603
-4,2,0.00038618793797224319,,0.00039052178437164295,19152130294895/49042412129994603
-4,3,0.00038061101930337513,,0.00039056989175408053,6384829865657/16347470709998201
-4,4,0.00038193973215463144,,0.00039061799913651815,19156848899047/49042412129994603
-4,5,0.00038067580337136278,,0.00039066610651895573,19159208201123/49042412129994603
-4,6,0.00038173881636723917,,0.00039071421390139336,6387189167733/16347470709998201
-4,7,0.00038415726507416887,,0.00039076232128383093,19163926805275/49042412129994603
-4,8,0.00038282958661322089,,0.00039081042866626856,19166286107351/49042412129994603
-4,9,0.00038565212846989076,,0.00039085853604870613,6389548469809/16347470709998201
-4,10,0.00038343576945831521,,0.00039090664343114376,19171004711503/49042412129994603
-4,11,0.00038344828594421865,,0.00039095475081358134,19173364013579/49042412129994603
-4,12,0.00038752541217129861,,0.00039100285819601891,6391907771885/16347470709998201
-4,13,0.00038491480006350263,,0.00039105096557845654,19178082617731/49042412129994603
-4,14,0.00038679852949069,,0.00039109907296089411,19180441919807/49042412129994603
-4,15,0.00038683799403156481,,0.00039114718034333174,6394267073961/16347470709998201
-4,16,0.00038949457991502588,,0.00039119528772576931,19185160523959/49042412129994603
-4,17,0.00038768143870445895,,0.00039124339510820694,19187519826035/49042412129994603
-4,18,0.00039074434473270955,,0.00039129150249064452,6396626376037/16347470709998201
-4,19,0.00039071932605327334,,0.00039133960987308215,19192238430187/49042412129994603
-4,20,0.00039212318932804291,,0.00039138771725551972,19194597732263/49042412129994603
-4,21,0.00039351304920317757,,0.00039143582463795735,6398985678113/16347470709998201
-4,22,0.00039662010259958468,,0.00039148393202039492,19199316336415/49042412129994603
-3,-21,0.00040231229021791323,,0.00038933673891396951,19094012807167/49042412129994603
-3,-20,0.00039947764975270853,,0.00038938484629640708,19096372109243/49042412129994603
-3,-19,0.00039762259305639879,,0.00038943295367884466,6366243803773/16347470709998201
-3,-18,0.00039530048364362305,,0.00038948106106128229,19101090713395/49042412129994603
-3,-17,0.00039648969308497741,,0.00038952916844371986,19103450015471/49042412129994603
-3,-16,0.00039121730562060632,,0.00038957727582615749,6368603105849/16347470709998201
-3,-15,0.00039082553537784728,,0.00038962538320859506,19108168619623/49042412129994603
-3,-14,0.00039231006255725835,,0.00038967349059103269,19110527921699/49042412129994603
-3,-13,0.0003875586742619685,,0.00038972159797347026,6370962407925/16347470709998201
-3,-12,0.00038675791116581711,,0.00038976970535590789,19115246525851/49042412129994603
-3,-11,0.0003865744262353917,,0.00038981781273834547,19117605827927/49042412129994603
-3,-10,0.00038721589590722173,,0.0003898659201207831,6373321710001/16347470709998201
-3,-9,0.00038609462515372763,,0.00038991402750322067,19122324432079/49042412129994603
-3,-8,0.00038493105013131558,,0.00038996213488565824,19124683734155/49042412129994603
-3,-7,0.00038239872197637977,,0.00039001024226809587,6375681012077/16347470709998201
-3,-6,0.0003848978060849291,,0.00039005834965053345,19129402338307/49042412129994603
-3,-5,0.00039033032146480544,,0.00039010645703297107,19131761640383/49042412129994603
-3,-4,0.00038295022101854793,,0.00039015456441540865,6378040314153/16347470709998201
-3,-3,0.00038212024253103075,,0.00039020267179784628,19136480244535/49042412129994603
-3,-2,0.00038542656498617944,,0.00039025077918028385,19138839546611/49042412129994603
-3,-1,0.00038153313647050865,,0.00039029888656272148,6380399616229/16347470709998201
-3,0,0.0003828297901569594,,0.00039034699394515905,19143558150763/49042412129994603
-3,1,0.0003840912561330484,,0.00039039510132759668,19145917452839/49042412129994603
-3,2,0.00038474740957194776,,0.00039044320871003426,6382758918305/16347470709998201
-3,3,0.00038167471976503488,,0.00039049131609247188,19150636056991/49042412129994603
-3,4,0.0003855588992988223,,0.00039053942347490946,19152995359067/49042412129994603
-3,5,0.00038140488909719133,,0.00039058753085734703,6385118220381/16347470709998201
-3,6,0.00038134099758777701,,0.00039063563823978466,19157713963219/49042412129994603
-3,7,0.00038557487177783581,,0.00039068374562222224,19160073265295/49042412129994603
-3,8,0.00038439330017300295,,0.00039073185300465986,6387477522457/16347470709998201
-3,9,0.00038278295222692797,,0.00039077996038709744,19164791869447/49042412129994603
-3,10,0.00038382668872737741,,0.00039082806776953507,19167151171523/49042412129994603
-3,11,0.00038257279612732121,,0.00039087617515197264,6389836824533/16347470709998201
-3,12,0.00038421681398933665,,0.00039092428253441027,19171869775675/49042412129994603
-3,13,0.00038736383795390808,,0.00039097238991684784,19174229077751/49042412129994603
-3,14,0.00038640470707550949,,0.00039102049729928547,6392196126609/16347470709998201
-3,15,0.00038693685246096699,,0.00039106860468172305,19178947681903/49042412129994603
-3,16,0.00038785323789946186,,0.00039111671206416067,19181306983979/49042412129994603
-3,17,0.00038813057643868296,,0.00039116481944659825,6394555428685/16347470709998201
-3,18,0.00039142694805565319,,0.00039121292682903582,19186025588131/49042412129994603
-3,19,0.00039054949975527982,,0.00039126103421147345,19188384890207/49042412129994603
-3,20,0.00039287564261659323,,0.00039130914159391102,6396914730761/16347470709998201
-3,21,0.00039592188450071641,,0.00039135724897634865,19193103494359/49042412129994603
-2,-21,0.00040212117234561594,,0.00038925816325236081,19090159267187/49042412129994603
-2,-20,0.00039862576754477248,,0.00038930627063479839,6364172856421/16347470709998201
-2,-19,0.00039764316849118177,,0.00038935437801723602,19094877871339/49042412129994603
-2,-18,0.00039473965117325905,,0.00038940248539967359,19097237173415/49042412129994603
-2,-17,0.00039255796204532023,,0.00038945059278211122,6366532158497/16347470709998201
-2,-16,0.00039077420210143594,,0.00038949870016454879,19101955777567/49042412129994603
-2,-15,0.00039053609700040546,,0.00038954680754698637,19104315079643/49042412129994603
-2,-14,0.00039207087009931812,,0.000389594914929424,6368891460573/16347470709998201
-2,-13,0.00038957969949437999,,0.00038964302231186157,19109033683795/49042412129994603
-2,-12,0.00038966387965598472,,0.0003896911296942992,19111392985871/49042412129994603
-2,-11,0.00038890097228097618,,0.00038973923707673677,80648743831/206930008987319
-2,-10,0.00038456896258718548,,0.0003897873444591744,19116111590023/49042412129994603
-2,-9,0.00038800192367015584,,0.00038983545184161197,19118470892099/49042412129994603
-2,-8,0.00038491750293258406,,0.0003898835592240496,6373610064725/16347470709998201
-2,-7,0.00038424170355862212,,0.00038993166660648718,19123189496251/49042412129994603
-2,-6,0.00038379227758565839,,0.00038997977398892481,19125548798327/49042412129994603
-2,-5,0.00038246204120369803,,0.00039002788137136238,6375969366801/16347470709998201
-2,-4,0.00038346768013628835,,0.00039007598875380001,19130267402479/49042412129994603
-2,-3,0.0003823637603435212,,0.00039012409613623758,19132626704555/49042412129994603
-2,-2,0.00038469709207367316,,0.00039017220351867516,6378328668877/16347470709998201
-2,-1,0.00038122872070782383,,0.00039022031090111278,19137345308707/49042412129994603
-2,0,0.00038101695405900441,,0.00039026841828355036,19139704610783/49042412129994603
-2,1,0.00038120363818778641,,0.00039031652566598799,6380687970953/16347470709998201
-2,2,0.00038208272784107518,,0.00039036463304842556,19144423214935/49042412129994603
-2,3,0.00038160270764544819,,0.00039041274043086319,19146782517011/49042412129994603
-2,4,0.00038287515298120336,,0.00039046084781330076,6383047273029/16347470709998201
-2,5,0.00038348298955068156,,0.00039050895519573839,19151501121163/49042412129994603
-2,6,0.00038105056723850819,,0.00039055706257817597,19153860423239/49042412129994603
-2,7,0.00038230257350762296,,0.00039060516996061359,6385406575105/16347470709998201
-2,8,0.00038473838131569509,,0.00039065327734305117,19158579027391/49042412129994603
-2,9,0.00038451750137285731,,0.0003907013847254888,19160938329467/49042412129994603
-2,10,0.00038420262294863093,,0.00039074949210792637,6387765877181/16347470709998201
-2,11,0.00038449927100107131,,0.00039079759949036395,19165656933619/49042412129994603
-2,12,0.0003880157008373297,,0.00039084570687280157,19168016235695/49042412129994603
-2,13,0.00038720437208666447,,0.00039089381425523915,6390125179257/16347470709998201
-2,14,0.00038623418357767829,,0.00039094192163767678,19172734839847/49042412129994603
-2,15,0.00038849015118574796,,0.00039099002902011435,19175094141923/49042412129994603
-2,16,0.00038939507860216629,,0.00039103813640255198,6392484481333/16347470709998201
-2,17,0.00038978724653360831,,0.00039108624378498955,19179812746075/49042412129994603
-2,18,0.00039037660261253751,,0.00039113435116742718,19182172048151/49042412129994603
-2,19,0.00039250239899054528,,0.00039118245854986476,6394843783409/16347470709998201
-2,20,0.00039753511496765841,,0.00039123056593230238,19186890652303/49042412129994603
-1,-21,0.00040143324707833818,,0.00038917958759075212,6362101909069/16347470709998201
-1,-20,0.00039898586710265034,,0.00038922769497318969,19088665029283/49042412129994603
-1,-19,0.00039646126059829064,,0.00038927580235562732,19091024331359/49042412129994603
-1,-18,0.00039567464495477832,,0.0003893239097380649,6364461211145/16347470709998201
-1,-17,0.00039252765611113503,,0.00038937201712050252,19095742935511/49042412129994603
-1,-16,0.00039307061641220847,,0.0003894201245029401,19098102237587/49042412129994603
-1,-15,0.00039209745475308035,,0.00038946823188537773,6366820513221/16347470709998201
-1,-14,0.000390023494180419,,0.0003895163392678153,19102820841739/49042412129994603
-1,-13,0.00038946320038848271,,0.00038956444665025293,19105180143815/49042412129994603
-1,-12,0.00038695629778919574,,0.0003896125540326905,6369179815297/16347470709998201
-1,-11,0.00038789161624558501,,0.00038966066141512813,19109898747967/49042412129994603
-1,-10,0.00038456276258069582,,0.00038970876879756571,19112258050043/49042412129994603
-1,-9,0.00038577289420640699,,0.00038975687618000328,6371539117373/16347470709998201
-1,-8,0.00038372255683879726,,0.00038980498356244091,19116976654195/49042412129994603
-1,-7,0.0003864124826990418,,0.00038985309094487848,19119335956271/49042412129994603
-1,-6,0.00038240899026978321,,0.00038990119832731611,6373898419449/16347470709998201
-1,-5,0.00038684524919072228,,0.00038994930570975368,19124054560423/49042412129994603
-1,-4,0.00038257196485225241,,0.00038999741309219131,19126413862499/49042412129994603
-1,-3,0.00038197526945894084,,0.00039004552047462889,6376257721525/16347470709998201
-1,-2,0.00038371187939103364,,0.00039009362785706652,19131132466651/49042412129994603
-1,-1,0.00038493899344054086,,0.00039014173523950409,19133491768727/49042412129994603
-1,0,0.0003818370723579998,,0.00039018984262194172,6378617023601/16347470709998201
-1,1,0.00038818523905776825,,0.00039023795000437929,19138210372879/49042412129994603
-1,2,0.00038201595551349871,,0.00039028605738681692,19140569674955/49042412129994603
-1,3,0.00038152761868570569,,0.00039033416476925449,6380976325677/16347470709998201
-1,4,0.00038480315013533355,,0.00039038227215169207,19145288279107/49042412129994603
-1,5,0.00038340589230333291,,0.0003904303795341297,19147647581183/49042412129994603
-1,6,0.00038099110424034846,,0.00039047848691656727,80801716807/206930008987319
-1,7,0.00038407295420323184,,0.0003905265942990049,19152366185335/49042412129994603
-1,8,0.00038684000005391158,,0.00039057470168144247,19154725487411/49042412129994603
-1,9,0.00038352149849328924,,0.0003906228090638801,6385694929829/16347470709998201
-1,10,0.00038496511349604424,,0.00039067091644631768,19159444091563/49042412129994603
-1,11,0.00038298588964499447,,0.0003907190238287553,19161803393639/49042412129994603
-1,12,0.00038708962517337701,,0.00039076713121119288,6388054231905/16347470709998201
-1,13,0.00038486642680393571,,0.00039081523859363051,19166521997791/49042412129994603
-1,14,0.00038720106955745425,,0.00039086334597606808,19168881299867/49042412129994603
-1,15,0.000387385306696631,,0.00039091145335850571,6390413533981/16347470709998201
-1,16,0.00038955711237144555,,0.00039095956074094328,19173599904019/49042412129994603
-1,17,0.00039061389845885039,,0.00039100766812338086,19175959206095/49042412129994603
-1,18,0.00039262585780383205,,0.00039105577550581849,6392772836057/16347470709998201
-1,19,0.00039491702757017412,,0.00039110388288825606,19180677810247/49042412129994603
-1,20,0.00039689131455954824,,0.00039115199027069369,19183037112323/49042412129994603
0,-22,0.00040438911386980752,,0.00038905290454670585,6360030961717/16347470709998201
0,-21,0.00040124191290492759,,0.00038910101192914342,19082452187227/49042412129994603
0,-20,0.00039848866012390184,,0.00038914911931158105,19084811489303/49042412129994603
0,-19,0.00039682538264970734,,0.00038919722669401863,6362390263793/16347470709998201
0,-18,0.00039400682289370584,,0.00038924533407645625,19089530093455/49042412129994603
0,-17,0.00039373354660415198,,0.00038929344145889383,19091889395531/49042412129994603
0,-16,0.00039138456732287536,,0.0003893415488413314,6364749565869/16347470709998201
0,-15,0.00039213550646641481,,0.00038938965622376903,19096607999683/49042412129994603
0,-14,0.00038897053229359271,,0.00038943776360620661,19098967301759/49042412129994603
0,-13,0.00038766347111075615,,0.00038948587098864423,6367108867945/16347470709998201
0,-12,0.0003864053016479534,,0.00038953397837108181,19103685905911/49042412129994603
0,-11,0.00038668189403039252,,0.00038958208575351944,19106045207987/49042412129994603
0,-10,0.00038629579836026184,,0.00038963019313595701,6369468170021/16347470709998201
0,-9,0.00038840449253712249,,0.00038967830051839464,19110763812139/49042412129994603
0,-8,0.00038436553530638441,,0.00038972640790083221,19113123114215/49042412129994603
0,-7,0.00038350777013982247,,0.00038977451528326984,6371827472097/16347470709998201
0,-6,0.00038365098813918774,,0.00038982262266570742,19117841718367/49042412129994603
0,-5,0.000384913024183386,,0.00038987073004814504,19120201020443/49042412129994603
0,-4,0.00038623629493801274,,0.00038991883743058262,6374186774173/16347470709998201
0,-3,0.00038389129246725389,,0.00038996694481302019,19124919624595/49042412129994603
0,-2,0.00038148161231238323,,0.00039001505219545782,19127278926671/49042412129994603
0,-1,0.00038226283772063442,,0.00039006315957789539,6376546076249/16347470709998201
0,0,0.00038235397849360211,,0.00039011126696033302,19131997530823/49042412129994603
0,1,0.0003805817085559052,,0.0003901593743427706,19134356832899/49042412129994603
0,2,0.00038195438816742436,,0.00039020748172520823,6378905378325/16347470709998201
0,3,0.00038250075670673891,,0.0003902555891076458,19139075437051/49042412129994603
0,4,0.00038078745600503814,,0.00039030369649008343,19141434739127/49042412129994603
0,5,0.00038295448632279206,,0.000390351803872521,6381264680401/16347470709998201
0,6,0.00038214668620822326,,0.00039039991125495863,19146153343279/49042412129994603
0,7,0.00038343780336245982,,0.0003904480186373962,19148512645355/49042412129994603
0,8,0.0003867805689270728,,0.00039049612601983383,6383623982477/16347470709998201
0,9,0.00038496164820478511,,0.00039054423340227141,19153231249507/49042412129994603
0,10,0.00038395185155881223,,0.00039059234078470898,19155590551583/49042412129994603
0,11,0.00038490772698121159,,0.00039064044816714661,6385983284553/16347470709998201
0,12,0.00038623559524487088,,0.00039068855554958418,19160309155735/49042412129994603
0,13,0.00039211249028682775,,0.00039073666293202181,19162668457811/49042412129994603
0,14,0.00038758639241338167,,0.00039078477031445939,6388342586629/16347470709998201
0,15,0.00038831614227152246,,0.00039083287769689701,19167387061963/49042412129994603
0,16,0.00039203874256679255,,0.00039088098507933459,19169746364039/49042412129994603
0,17,0.00039154015399584451,,0.00039092909246177222,6390701888705/16347470709998201
0,18,0.0003931875086127309,,0.00039097719984420979,19174464968191/49042412129994603
0,19,0.00039645531052286245,,0.00039102530722664742,19176824270267/49042412129994603
1,-22,0.00040386388926225131,,0.00038897432888509715,19076239345171/49042412129994603
1,-21,0.0004010188754765953,,0.00038902243626753473,19078598647247/49042412129994603
1,-20,0.000398937212573973,,0.00038907054364997236,6360319316441/16347470709998201
1,-19,0.00039646292656716624,,0.00038911865103240993,19083317251399/49042412129994603
1,-18,0.00039396210795829354,,0.00038916675841484756,19085676553475/49042412129994603
1,-17,0.00039264689445370031,,0.00038921486579728513,6362678618517/16347470709998201
1,-16,0.00039106293475139848,,0.00038926297317972276,19090395157627/49042412129994603
1,-15,0.00039111553161236799,,0.00038931108056216034,19092754459703/49042412129994603
1,-14,0.0003903178330163151,,0.00038935918794459796,6365037920593/16347470709998201
1,-13,0.000388413875124815,,0.00038940729532703554,19097473063855/49042412129994603
1,-12,0.00038961415942670875,,0.00038945540270947317,19099832365931/49042412129994603
1,-11,0.0003859847622102936,,0.00038950351009191074,6367397222669/16347470709998201
1,-10,0.00038406064398910166,,0.00038955161747434832,19104550970083/49042412129994603
1,-9,0.00038445515566560597,,0.00038959972485678594,19106910272159/49042412129994603
1,-8,0.00038430409606652997,,0.00038964783223922352,6369756524745/16347470709998201
1,-7,0.00038499020292066024,,0.00038969593962166115,19111628876311/49042412129994603
1,-6,0.0003829501919474787,,0.00038974404700409872,19113988178387/49042412129994603
1,-5,0.00038404453685891068,,0.00038979215438653635,6372115826821/16347470709998201
1,-4,0.00038254586639889602,,0.00038984026176897392,19118706782539/49042412129994603
1,-3,0.00038204544376640418,,0.00038988836915141155,19121066084615/49042412129994603
1,-2,0.00038191178234045519,,0.00038993647653384913,6374475128897/16347470709998201
1,-1,0.0003819969909293394,,0.00038998458391628675,19125784688767/49042412129994603
1,0,0.00038426676300378989,,0.00039003269129872433,19128143990843/49042412129994603
1,1,0.00038244850498439623,,0.00039008079868116196,6376834430973/16347470709998201
1,2,0.00038098405987504439,,0.00039012890606359953,19132862594995/49042412129994603
1,3,0.00038115011319870217,,0.0003901770134460371,19135221897071/49042412129994603
1,4,0.00038169828700518918,,0.00039022512082847473,6379193733049/16347470709998201
1,5,0.00038602765753978851,,0.00039027322821091231,19139940501223/49042412129994603
1,6,0.00038388885236986255,,0.00039032133559334994,19142299803299/49042412129994603
1,7,0.00038605152114374805,,0.00039036944297578751,6381553035125/16347470709998201
1,8,0.0003832925902584294,,0.00039041755035822514,19147018407451/49042412129994603
1,9,0.00038313607122280723,,0.00039046565774066271,19149377709527/49042412129994603
1,10,0.00038434975569786814,,0.00039051376512310034,6383912337201/16347470709998201
1,11,0.0003845612430789225,,0.00039056187250553791,19154096313679/49042412129994603
1,12,0.00038689417752161886,,0.00039060997988797554,19156455615755/49042412129994603
1,13,0.00038778725560610801,,0.00039065808727041312,6386271639277/16347470709998201
1,14,0.00038890446359149145,,0.00039070619465285075,19161174219907/49042412129994603
1,15,0.00038967309939337677,,0.00039075430203528832,19163533521983/49042412129994603
1,16,0.00039140652994794589,,0.00039080240941772589,6388630941353/16347470709998201
1,17,0.00039296698150523816,,0.00039085051680016352,19168252126135/49042412129994603
1,18,0.00039469142162964143,,0.0003908986241826011,19170611428211/49042412129994603
2,-22,0.00040396476402716958,,0.00038889575322348846,241422605129/620790026961957
2,-21,0.00040088077652041269,,0.00038894386060592609,6358248369089/16347470709998201
2,-20,0.00039893776994636809,,0.00038899196798836366,19077104409343/49042412129994603
2,-19,0.00039736524065172381,,0.00038904007537080129,19079463711419/49042412129994603
2,-18,0.00039440888126766107,,0.00038908818275323886,6360607671165/16347470709998201
2,-17,0.00039232370931367228,,0.00038913629013567644,19084182315571/49042412129994603
2,-16,0.000390931871648893,,0.00038918439751811407,19086541617647/49042412129994603
2,-15,0.00039274823896349922,,0.00038923250490055164,6362966973241/16347470709998201
2,-14,0.00038980145261852784,,0.00038928061228298927,19091260221799/49042412129994603
2,-13,0.00038894955284012056,,0.00038932871966542684,19093619523875/49042412129994603
2,-12,0.00038729728925758115,,0.00038937682704786447,6365326275317/16347470709998201
2,-11,0.00038740134727939009,,0.00038942493443030205,19098338128027/49042412129994603
2,-10,0.00038545113728562068,,0.00038947304181273967,19100697430103/49042412129994603
2,-9,0.00038453104630049433,,0.00038952114919517725,6367685577393/16347470709998201
2,-8,0.00038667111125464677,,0.00038956925657761488,19105416034255/49042412129994603
2,-7,0.00038611165090659513,,0.00038961736396005245,19107775336331/49042412129994603
2,-6,0.0003826025294433345,,0.00038966547134249008,6370044879469/16347470709998201
2,-5,0.00038339022404584568,,0.00038971357872492765,19112493940483/49042412129994603
2,-4,0.00038925908191577254,,0.00038976168610736523,19114853242559/49042412129994603
2,-3,0.00038515676622537037,,0.00038980979348980286,6372404181545/16347470709998201
2,-2,0.0003816695756508201,,0.00038985790087224043,19119571846711/49042412129994603
2,-1,0.00038192033623209013,,0.00038990600825467806,19121931148787/49042412129994603
2,0,0.0003842646110960628,,0.00038995411563711563,6374763483621/16347470709998201
2,1,0.00038450296874259498,,0.00039000222301955326,19126649752939/49042412129994603
2,2,0.00038220876365157235,,0.00039005033040199084,19129009055015/49042412129994603
2,3,0.00038184783157355382,,0.00039009843778442846,6377122785697/16347470709998201
2,4,0.00038534605902319758,,0.00039014654516686604,19133727659167/49042412129994603
2,5,0.00038278066470180428,,0.00039019465254930367,19136086961243/49042412129994603
2,6,0.00038329628198878853,,0.00039024275993174124,6379482087773/16347470709998201
2,7,0.00038358635051555234,,0.00039029086731417887,19140805565395/49042412129994603
2,8,0.000383519277290755,,0.00039033897469661644,19143164867471/49042412129994603
2,9,0.00038401389262513505,,0.00039038708207905402,6381841389849/16347470709998201
2,10,0.00038768193520172147,,0.00039043518946149165,19147883471623/49042412129994603
2,11,0.0003891106989119792,,0.00039048329684392922,19150242773699/49042412129994603
2,12,0.00038588699141223762,,0.00039053140422636685,6384200691925/16347470709998201
2,13,0.00039186411457294761,,0.00039057951160880442,19154961377851/49042412129994603
2,14,0.00038998433860900478,,0.00039062761899124205,19157320679927/49042412129994603
2,15,0.00039084475146789388,,0.00039067572637367963,6386559994001/16347470709998201
2,16,0.00039331313306709652,,0.00039072383375611725,19162039284079/49042412129994603
2,17,0.00039463198397464671,,0.00039077194113855483,19164398586155/49042412129994603
2,18,0.00039691334153109901,,0.00039082004852099246,6388919296077/16347470709998201
3,-22,0.00040378845201835068,,0.00038881717756187976,6356177421737/16347470709998201
3,-21,0.00040067964702196864,,0.00038886528494431739,19070891567287/49042412129994603
3,-20,0.00039819291552283496,,0.00038891339232675497,19073250869363/49042412129994603
3,-19,0.00039609111839203158,,0.0003889614997091926,6358536723813/16347470709998201
3,-18,0.00039399297180222047,,0.00038900960709163017,19077969473515/49042412129994603
3,-17,0.00039415556595103873,,0.0003890577144740678,19080328775591/49042412129994603
3,-16,0.00039274255950031648,,0.00038910582185650537,6360896025889/16347470709998201
3,-15,0.00039141947013718607,,0.000389153929238943,19085047379743/49042412129994603
3,-14,0.00039006711628867061,,0.00038920203662138057,19087406681819/49042412129994603
3,-13,0.0003880248624016618,,0.0003892501440038182,6363255327965/16347470709998201
3,-12,0.00039504475204625789,,0.00038929825138625578,19092125285971/49042412129994603
3,-11,0.00038801050630229555,,0.00038934635876869335,19094484588047/49042412129994603
3,-10,0.00038924077631877641,,0.00038939446615113098,6365614630041/16347470709998201
3,-9,0.00038431753762420195,,0.00038944257353356855,19099203192199/49042412129994603
3,-8,0.0003873616866306264,,0.00038949068091600618,19101562494275/49042412129994603
3,-7,0.00038368401524901621,,0.00038953878829844376,6367973932117/16347470709998201
3,-6,0.00038563165397735761,,0.00038958689568088139,19106281098427/49042412129994603
3,-5,0.00038342614164775957,,0.00038963500306331896,241881524057/620790026961957
3,-4,0.00038496744291452385,,0.00038968311044575659,6370333234193/16347470709998201
3,-3,0.00038381867632953341,,0.00038973121782819416,19113359004655/49042412129994603
3,-2,0.00038434480031925716,,0.00038977932521063179,19115718306731/49042412129994603
3,-1,0.00038389468551131012,,0.00038982743259306936,6372692536269/16347470709998201
3,0,0.00038285987025234798,,0.00038987553997550699,19120436910883/49042412129994603
3,1,0.00038395212502163737,,0.00038992364735794457,19122796212959/49042412129994603
3,2,0.00038310787831723572,,0.00038997175474038214,6375051838345/16347470709998201
3,3,0.00038189447731582128,,0.00039001986212281977,19127514817111/49042412129994603
3,4,0.0003819308660203591,,0.00039006796950525734,19129874119187/49042412129994603
3,5,0.00038200248828866703,,0.00039011607688769497,6377411140421/16347470709998201
3,6,0.00038219267192940676,,0.00039016418427013255,19134592723339/49042412129994603
3,7,0.00038784835177334991,,0.00039021229165257017,19136952025415/49042412129994603
3,8,0.00038295305223742484,,0.00039026039903500775,6379770442497/16347470709998201
3,9,0.00038482211544192864,,0.00039030850641744538,19141670629567/49042412129994603
3,10,0.00038473765206120317,,0.00039035661379988295,19144029931643/49042412129994603
3,11,0.00038810381959423405,,0.00039040472118232058,6382129744573/16347470709998201
3,12,0.00038802762728327387,,0.00039045282856475815,19148748535795/49042412129994603
3,13,0.00038970175841339339,,0.00039050093594719578,19151107837871/49042412129994603
3,14,0.00039016230395840949,,0.00039054904332963336,6384489046649/16347470709998201
3,15,0.00039091072300931231,,0.00039059715071207093,19155826442023/49042412129994603
3,16,0.00039334975270156831,,0.00039064525809450856,19158185744099/49042412129994603
3,17,0.00039612275770569441,,0.00039069336547694613,6386848348725/16347470709998201
4,-23,0.00040678794598817541,,0.0003886904945178335,6354106474385/16347470709998201
4,-22,0.00040383203068439499,,0.00038873860190027112,19064678725231/49042412129994603
4,-21,0.0004012510491984624,,0.0003887867092827087,19067038027307/49042412129994603
4,-20,0.00039875290554124214,,0.00038883481666514633,6356465776461/16347470709998201
4,-19,0.00039761481823280385,,0.0003888829240475839,19071756631459/49042412129994603
4,-18,0.00039445004747203452,,0.00038893103143002147,19074115933535/49042412129994603
4,-17,0.0003945076540967704,,0.0003889791388124591,6358825078537/16347470709998201
4,-16,0.00039145653236146593,,0.00038902724619489668,19078834537687/49042412129994603
4,-15,0.00039175616548072639,,0.00038907535357733431,19081193839763/49042412129994603
4,-14,0.00039059345648980934,,0.00038912346095977188,6361184380613/16347470709998201
4,-13,0.00038989599584415596,,0.00038917156834220951,19085912443915/49042412129994603
4,-12,0.00038968106288774933,,0.00038921967572464708,19088271745991/49042412129994603
4,-11,0.00038928994517021479,,0.00038926778310708471,6363543682689/16347470709998201
4,-10,0.00038535727006736882,,0.00038931589048952229,19092990350143/49042412129994603
4,-9,0.00038633957583933062,,0.00038936399787195991,19095349652219/49042412129994603
4,-8,0.00038476924904439131,,0.00038941210525439749,6365902984765/16347470709998201
4,-7,0.00038635085090709038,,0.00038946021263683512,19100068256371/49042412129994603
4,-6,0.00038613269770476698,,0.00038950832001927269,19102427558447/49042412129994603
4,-5,0.00038380759146611096,,0.00038955642740171026,6368262286841/16347470709998201
4,-4,0.00038306860597085577,,0.00038960453478414789,19107146162599/49042412129994603
4,-3,0.00038312927794023648,,0.00038965264216658547,19109505464675/49042412129994603
4,-2,0.00038610063493348351,,0.0003897007495490231,6370621588917/16347470709998201
4,-1,0.00038210562042166634,,0.00038974885693146067,19114224068827/49042412129994603
4,0,0.00038568509090919481,,0.0003897969643138983,19116583370903/49042412129994603
4,1,0.00038306043816100315,,0.00038984507169633587,6372980890993/16347470709998201
4,2,0.00038278731055841627,,0.0003898931790787735,19121301975055/49042412129994603
4,3,0.00038408594903154762,,0.00038994128646121107,19123661277131/49042412129994603
4,4,0.00038595242207927058,,0.0003899893938436487,6375340193069/16347470709998201
4,5,0.00038223498082526672,,0.00039003750122608628,19128379881283/49042412129994603
4,6,0.00038568966060330767,,0.00039008560860852391,19130739183359/49042412129994603
4,7,0.00038500828078134284,,0.00039013371599096148,6377699495145/16347470709998201
4,8,0.00038925120455605641,,0.00039018182337339905,19135457787511/49042412129994603
4,9,0.00038453476385395179,,0.00039022993075583668,19137817089587/49042412129994603
4,10,0.00038664932499897161,,0.00039027803813827426,6380058797221/16347470709998201
4,11,0.00038783912395923254,,0.00039032614552071188,19142535693739/49042412129994603
4,12,0.00038880565767946638,,0.00039037425290314946,242340442985/620790026961957
4,13,0.00039005975058387229,,0.00039042236028558709,6382418099297/16347470709998201
4,14,0.00039474957859286927,,0.00039047046766802466,19149613599967/49042412129994603
4,15,0.0003930869968550505,,0.00039051857505046229,19151972902043/49042412129994603
4,16,0.00039488669729132266,,0.00039056668243289986,6384777401373/16347470709998201
5,-23,0.00040677480100168441,,0.0003886119188562248,19058465883175/49042412129994603
5,-22,0.00040362193762825992,,0.00038866002623866243,19060825185251/49042412129994603
5,-21,0.00040079445130131771,,0.0003887081336211,6354394829109/16347470709998201
5,-20,0.00039862033802030654,,0.00038875624100353763,19065543789403/49042412129994603
5,-19,0.00039622870928796445,,0.00038880434838597521,19067903091479/49042412129994603
5,-18,0.00039432326317462616,,0.00038885245576841283,6356754131185/16347470709998201
5,-17,0.00039341536869063568,,0.00038890056315085041,19072621695631/49042412129994603
5,-16,0.00039201483635266013,,0.00038894867053328804,19074980997707/49042412129994603
5,-15,0.0003937818482311837,,0.00038899677791572561,6359113433261/16347470709998201
5,-14,0.00039099357115396306,,0.00038904488529816324,19079699601859/49042412129994603
5,-13,0.00039099726397059107,,0.00038909299268060081,19082058903935/49042412129994603
5,-12,0.00038686719535350095,,0.00038914110006303839,6361472735337/16347470709998201
5,-11,0.00038966385183436146,,0.00038918920744547602,19086777508087/49042412129994603
5,-10,0.00038515596429443237,,0.00038923731482791359,19089136810163/49042412129994603
5,-9,0.00038550651043875071,,0.00038928542221035122,6363832037413/16347470709998201
5,-8,0.00038559668794430432,,0.00038933352959278879,19093855414315/49042412129994603
5,-7,0.00038391928048311377,,0.00038938163697522642,19096214716391/49042412129994603
5,-6,0.00038396797759635411,,0.000389429744357664,6366191339489/16347470709998201
5,-5,0.00038761712471982072,,0.00038947785174010162,19100933320543/49042412129994603
5,-4,0.00038233518530666474,,0.0003895259591225392,19103292622619/49042412129994603
5,-3,0.0003822076741445308,,0.00038957406650497683,6368550641565/16347470709998201
5,-2,0.00038210278058460601,,0.0003896221738874144,19108011226771/49042412129994603
5,-1,0.00038452328606012622,,0.00038967028126985203,19110370528847/49042412129994603
5,0,0.00038359161143706626,,0.0003897183886522896,6370909943641/16347470709998201
5,1,0.00038475788096822302,,0.00038976649603472718,19115089132999/49042412129994603
5,2,0.00038166097206519085,,0.00038981460341716481,19117448435075/49042412129994603
5,3,0.00038420703532787855,,0.00038986271079960238,6373269245717/16347470709998201
5,4,0.00038203479288087414,,0.00038991081818204001,19122167039227/49042412129994603
5,5,0.00038440286408331011,,0.00038995892556447758,19124526341303/49042412129994603
5,6,0.00038298047532561236,,0.00039000703294691521,6375628547793/16347470709998201
5,7,0.00038545458509330093,,0.00039005514032935278,19129244945455/49042412129994603
5,8,0.00038501534925515241,,0.00039010324771179041,19131604247531/49042412129994603
5,9,0.00038531634859473735,,0.00039015135509422799,6377987849869/16347470709998201
5,10,0.0003867336395930253,,0.00039019946247666562,19136322851683/49042412129994603
5,11,0.00038913247824229227,,0.00039024756985910319,19138682153759/49042412129994603
5,12,0.00038797088885628004,,0.00039029567724154082,6380347151945/16347470709998201
5,13,0.00038952954073876768,,0.00039034378462397839,19143400757911/49042412129994603
5,14,0.00039199059284603089,,0.00039039189200641597,19145760059987/49042412129994603
5,15,0.00039399782416595026,,0.00039043999938885359,6382706454021/16347470709998201
6,-23,0.00040686949458148305,,0.00038853334319461616,19054612343195/49042412129994603
6,-22,0.00040378872794893418,,0.00038858145057705373,6352323881757/16347470709998201
6,-21,0.00040139874861974304,,0.00038862955795949136,19059330947347/49042412129994603
6,-20,0.00039955582190985523,,0.00038867766534192894,19061690249423/49042412129994603
6,-19,0.00039655171379837542,,0.00038872577272436651,6354683183833/16347470709998201
6,-18,0.00039444596263827914,,0.00038877388010680414,19066408853575/49042412129994603
6,-17,0.00039517682694479618,,0.00038882198748924171,19068768155651/49042412129994603
6,-16,0.00039499878016784995,,0.00038887009487167934,6357042485909/16347470709998201
6,-15,0.0003899215286085411,,0.00038891820225411692,19073486759803/49042412129994603
6,-14,0.00038942782840422697,,0.00038896630963655454,19075846061879/49042412129994603
6,-13,0.00039047026529442404,,0.00038901441701899212,6359401787985/16347470709998201
6,-12,0.00038836269845699711,,0.00038906252440142975,19080564666031/49042412129994603
6,-11,0.00038780409857252672,,0.00038911063178386732,19082923968107/49042412129994603
6,-10,0.00038740785486462168,,0.00038915873916630495,6361761090061/16347470709998201
6,-9,0.00038472739898744098,,0.00038920684654874252,19087642572259/49042412129994603
6,-8,0.00038629202281335244,,0.00038925495393118015,19090001874335/49042412129994603
6,-7,0.00038469536448366092,,0.00038930306131361773,6364120392137/16347470709998201
6,-6,0.0003855146118207612,,0.0003893511686960553,19094720478487/49042412129994603
6,-5,0.00038276015938357985,,0.00038939927607849293,19097079780563/49042412129994603
6,-4,0.00038353091695992854,,0.0003894473834609305,6366479694213/16347470709998201
6,-3,0.00038273838288372845,,0.00038949549084336813,19101798384715/49042412129994603
6,-2,0.0003847060236806357,,0.00038954359822580571,19104157686791/49042412129994603
6,-1,0.00038371938115530461,,0.00038959170560824333,6368838996289/16347470709998201
6,0,0.00038376113305854285,,0.00038963981299068091,19108876290943/49042412129994603
6,1,0.00038359644004611727,,0.00038968792037311854,19111235593019/49042412129994603
6,2,0.00038330408368203423,,0.00038973602775555611,6371198298365/16347470709998201
6,3,0.00038312821906711779,,0.00038978413513799374,19115954197171/49042412129994603
6,4,0.00038450207096463375,,0.00038983224252043131,19118313499247/49042412129994603
6,5,0.00038346769321804316,,0.00038988034990286894,6373557600441/16347470709998201
6,6,0.00038588184356309028,,0.00038992845728530652,19123032103399/49042412129994603
6,7,0.00038489009829218443,,0.00038997656466774409,19125391405475/49042412129994603
6,8,0.00038695209583740158,,0.00039002467205018172,6375916902517/16347470709998201
6,9,0.00038595084004385721,,0.00039007277943261929,19130110009627/49042412129994603
6,10,0.00038849150145318473,,0.00039012088681505692,19132469311703/49042412129994603
6,11,0.00038953383116676797,,0.00039016899419749449,6378276204593/16347470709998201
6,12,0.00039076810521931373,,0.00039021710157993212,19137187915855/49042412129994603
6,13,0.00039214624501618232,,0.0003902652089623697,19139547217931/49042412129994603
6,14,0.00039362084786251871,,0.00039031331634480733,6380635506669/16347470709998201
6,15,0.0003958995496925518,,0.0003903614237272449,19144265822083/49042412129994603
7,-23,0.00040722000939032757,,0.00038845476753300747,6350252934405/16347470709998201
7,-22,0.00040395544437491377,,0.00038850287491544504,19053118105291/49042412129994603
7,-21,0.00040194270700699507,,0.00038855098229788267,19055477407367/49042412129994603
7,-20,0.00039920871259303776,,0.00038859908968032024,6352612236481/16347470709998201
7,-19,0.00039816063827611566,,0.00038864719706275787,19060196011519/49042412129994603
7,-18,0.00039491775850588711,,0.00038869530444519544,19062555313595/49042412129994603
7,-17,0.00039407551577931701,,0.00038874341182763307,6354971538557/16347470709998201
7,-16,0.00039255659104116812,,0.00038879151921007065,241357897693/620790026961957
7,-15,0.00039105050608282343,,0.00038883962659250828,19069633219823/49042412129994603
7,-14,0.00038961213183142637,,0.00038888773397494585,6357330840633/16347470709998201
7,-13,0.00039007654901729728,,0.00038893584135738342,19074351823975/49042412129994603
7,-12,0.00038836814050866253,,0.00038898394873982105,19076711126051/49042412129994603
7,-11,0.00038823607517784287,,0.00038903205612225863,6359690142709/16347470709998201
7,-10,0.00039330120704999421,,0.00038908016350469625,19081429730203/49042412129994603
7,-9,0.00038599223108985779,,0.00038912827088713383,19083789032279/49042412129994603
7,-8,0.00038463623054022341,,0.00038917637826957146,6362049444785/16347470709998201
7,-7,0.00038413020689367358,,0.00038922448565200903,19088507636431/49042412129994603
7,-6,0.00038404603927223924,,0.00038927259303444666,19090866938507/49042412129994603
7,-5,0.00038368430231556578,,0.00038932070041688423,6364408746861/16347470709998201
7,-4,0.00038419543401264602,,0.00038936880779932186,19095585542659/49042412129994603
7,-3,0.00038489706607635108,,0.00038941691518175944,19097944844735/49042412129994603
7,-2,0.00038769389515133336,,0.00038946502256419706,6366768048937/16347470709998201
7,-1,0.00038615891914813472,,0.00038951312994663464,19102663448887/49042412129994603
7,0,0.00038350946386426593,,0.00038956123732907221,19105022750963/49042412129994603
7,1,0.00038210104159551212,,0.00038960934471150984,6369127351013/16347470709998201
7,2,0.00038315798377374532,,0.00038965745209394742,19109741355115/49042412129994603
7,3,0.00038388721343982009,,0.00038970555947638504,19112100657191/49042412129994603
7,4,0.00038709176512737617,,0.00038975366685882262,6371486653089/16347470709998201
7,5,0.00038548109386603335,,0.00038980177424126025,19116819261343/49042412129994603
7,6,0.00038527219798504468,,0.00038984988162369782,19119178563419/49042412129994603
7,7,0.00038576499379954952,,0.00038989798900613545,6373845955165/16347470709998201
7,8,0.00038609785046548288,,0.00038994609638857302,19123897167571/49042412129994603
7,9,0.00038632880106577493,,0.00038999420377101065,19126256469647/49042412129994603
7,10,0.00038839216629665699,,0.00039004231115344823,6376205257241/16347470709998201
7,11,0.00038877423871254467,,0.00039009041853588585,19130975073799/49042412129994603
7,12,0.00038986568200383734,,0.00039013852591832343,19133334375875/49042412129994603
7,13,0.00039364994645136399,,0.000390186633300761,6378564559317/16347470709998201
7,14,0.00039555146728919102,,0.00039023474068319863,19138052980027/49042412129994603
8,-24,0.00041922373828101817,,0.0003883280844889612,6348181987053/16347470709998201
8,-23,0.00040764315483141631,,0.00038837619187139877,19046905263235/49042412129994603
8,-22,0.00040467583092808037,,0.0003884242992538364,19049264565311/49042412129994603
8,-21,0.00040166887887211158,,0.00038847240663627397,6350541289129/16347470709998201
8,-20,0.00039953735290980196,,0.00038852051401871155,19053983169463/49042412129994603
8,-19,0.00039698635056616247,,0.00038856862140114918,19056342471539/49042412129994603
8,-18,0.00039630304183062,,0.00038861672878358675,6352900591205/16347470709998201
8,-17,0.00039374794105258428,,0.00038866483616602438,19061061075691/49042412129994603
8,-16,0.00039198646618796392,,0.00038871294354846195,19063420377767/49042412129994603
8,-15,0.00039273694457173016,,0.00038876105093089958,6355259893281/16347470709998201
8,-14,0.00038997634199995943,,0.00038880915831333715,19068138981919/49042412129994603
8,-13,0.00039151640546729728,,0.00038885726569577478,19070498283995/49042412129994603
8,-12,0.00038766361666641986,,0.00038890537307821236,6357619195357/16347470709998201
8,-11,0.00038853121146411121,,0.00038895348046064999,19075216888147/49042412129994603
8,-10,0.00039006772691697482,,0.00038900158784308756,19077576190223/49042412129994603
8,-9,0.00038647366482317738,,0.00038904969522552519,6359978497433/16347470709998201
8,-8,0.00038646984350199337,,0.00038909780260796276,19082294794375/49042412129994603
8,-7,0.00038659289416532691,,0.00038914590999040034,19084654096451/49042412129994603
8,-6,0.00038482108684363974,,0.00038919401737283796,6362337799509/16347470709998201
8,-5,0.00038589168522323077,,0.00038924212475527554,19089372700603/49042412129994603
8,-4,0.00038263825653701839,,0.00038929023213771317,19091732002679/49042412129994603
8,-3,0.00038372995928361058,,0.00038933833952015074,6364697101585/16347470709998201
8,-2,0.00038493491493642591,,0.00038938644690258837,19096450606831/49042412129994603
8,-1,0.00038604765283834646,,0.00038943455428502594,19098809908907/49042412129994603
8,0,0.00038254395048487695,,0.00038948266166746357,6367056403661/16347470709998201
8,1,0.00038465722926088675,,0.00038953076904990115,241816816621/620790026961957
8,2,0.0003874803677476953,,0.00038957887643233877,19105887815135/49042412129994603
8,3,0.00038457476674188368,,0.00038962698381477635,6369415705737/16347470709998201
8,4,0.00038577663788876861,,0.00038967509119721398,19110606419287/49042412129994603
8,5,0.00038441190407351346,,0.00038972319857965155,19112965721363/49042412129994603
8,6,0.00038472392595235956,,0.00038977130596208913,6371775007813/16347470709998201
8,7,0.00038522277998779831,,0.00038981941334452675,19117684325515/49042412129994603
8,8,0.00039022094357666433,,0.00038986752072696433,19120043627591/49042412129994603
8,9,0.00038782985373145978,,0.00038991562810940196,6374134309889/16347470709998201
8,10,0.00038886776940292287,,0.00038996373549183953,19124762231743/49042412129994603
8,11,0.00039020308899154757,,0.00039001184287427716,19127121533819/49042412129994603
8,12,0.00039227901058723751,,0.00039005995025671473,6376493611965/16347470709998201
8,13,0.00039441562055969625,,0.00039010805763915236,19131840137971/49042412129994603
9,-23,0.0004082552878524436,,0.00038829761620979008,19043051723255/49042412129994603
9,-22,0.00040516544242301183,,0.0003883457235922277,6348470341777/16347470709998201
9,-21,0.00040238740658090814,,0.00038839383097466528,19047770327407/49042412129994603
9,-20,0.00039977219871044172,,0.00038844193835710291,19050129629483/49042412129994603
9,-19,0.00039780799278028769,,0.00038849004573954048,6350829643853/16347470709998201
9,-18,0.00039540017041981928,,0.00038853815312197811,19054848233635/49042412129994603
9,-17,0.00039404430221420459,,0.00038858626050441568,19057207535711/49042412129994603
9,-16,0.00039413516836902092,,0.00038863436788685331,6353188945929/16347470709998201
9,-15,0.00039204537950625351,,0.00038868247526929089,19061926139863/49042412129994603
9,-14,0.00038976145993944772,,0.00038873058265172846,19064285441939/49042412129994603
9,-13,0.00039059348229002091,,0.00038877869003416609,6355548248005/16347470709998201
9,-12,0.00038702776248755705,,0.00038882679741660366,19069004046091/49042412129994603
9,-11,0.00038986477271761788,,0.00038887490479904129,19071363348167/49042412129994603
9,-10,0.00038830552680766225,,0.00038892301218147886,6357907550081/16347470709998201
9,-9,0.00038924802217198742,,0.00038897111956391649,19076081952319/49042412129994603
9,-8,0.00038641557379969573,,0.00038901922694635407,19078441254395/49042412129994603
9,-7,0.00038427336425538245,,0.0003890673343287917,6360266852157/16347470709998201
9,-6,0.00038547998421101449,,0.00038911544171122927,19083159858547/49042412129994603
9,-5,0.0003833142804752641,,0.0003891635490936669,19085519160623/49042412129994603
9,-4,0.00038532851749407303,,0.00038921165647610447,6362626154233/16347470709998201
9,-3,0.00038911090818291995,,0.0003892597638585421,19090237764775/49042412129994603
9,-2,0.00038554335879482032,,0.00038930787124097967,19092597066851/49042412129994603
9,-1,0.00038326979964334833,,0.00038935597862341725,6364985456309/16347470709998201
9,0,0.00038484006624406569,,0.00038940408600585488,19097315671003/49042412129994603
9,1,0.00038677567704468524,,0.00038945219338829245,19099674973079/49042412129994603
9,2,0.00038392808242489597,,0.00038950030077073008,6367344758385/16347470709998201
9,3,0.00038513831981570282,,0.00038954840815316765,19104393577231/49042412129994603
9,4,0.00038662071916241545,,0.00038959651553560528,19106752879307/49042412129994603
9,5,0.00038561572965464987,,0.00038964462291804286,6369704060461/16347470709998201
9,6,0.00038678146663389602,,0.00038969273030048048,19111471483459/49042412129994603
9,7,0.00038683818773192085,,0.00038974083768291806,19113830785535/49042412129994603
9,8,0.0003883785494725723,,0.00038978894506535569,6372063362537/16347470709998201
9,9,0.00039081578752076413,,0.00038983705244779326,19118549389687/49042412129994603
9,10,0.00039088358107780828,,0.00038988515983023089,19120908691763/49042412129994603
9,11,0.00039113648651764544,,0.00038993326721266846,6374422664613/16347470709998201
9,12,0.00039343876760901018,,0.00038998137459510604,19125627295915/49042412129994603
9,13,0.0003962994143619108,,0.00039002948197754367,19127986597991/49042412129994603
10,-22,0.00040621613325906745,,0.00038826714793061901,19041557485351/49042412129994603
10,-21,0.00040305447763896285,,0.00038831525531305658,19043916787427/49042412129994603
10,-20,0.00040074327629618006,,0.00038836336269549421,6348758696501/16347470709998201
10,-19,0.00039821279818061774,,0.00038841147007793179,19048635391579/49042412129994603
10,-18,0.00039576494352645147,,0.00038845957746036941,19050994693655/49042412129994603
10,-17,0.00039508306377435332,,0.00038850768484280699,6351117998577/16347470709998201
10,-16,0.00039364517386439378,,0.00038855579222524462,19055713297807/49042412129994603
10,-15,0.00039531682766236263,,0.00038860389960768219,19058072599883/49042412129994603
10,-14,0.00039093949676603356,,0.00038865200699011982,6353477300653/16347470709998201
10,-13,0.00039135265646522992,,0.00038870011437255739,19062791204035/49042412129994603
10,-12,0.00038986277488771952,,0.00038874822175499502,19065150506111/49042412129994603
10,-11,0.00039053818141896693,,0.0003887963291374326,6355836602729/16347470709998201
10,-10,0.00038744186949222364,,0.00038884443651987022,19069869110263/49042412129994603
10,-9,0.00038638973782110044,,0.0003888925439023078,19072228412339/49042412129994603
10,-8,0.00038711781071329768,,0.00038894065128474537,6358195904805/16347470709998201
10,-7,0.00038536829972089554,,0.000388988758667183,19076947016491/49042412129994603
10,-6,0.00038605292598168159,,0.00038903686604962057,19079306318567/49042412129994603
10,-5,0.00038600803389778944,,0.0003890849734320582,6360555206881/16347470709998201
10,-4,0.00038693156240647526,,0.00038913308081449578,19084024922719/49042412129994603
10,-3,0.00038428349610270305,,0.00038918118819693341,19086384224795/49042412129994603
10,-2,0.00038435416521719545,,0.00038922929557937098,6362914508957/16347470709998201
10,-1,0.00038378915072064982,,0.00038927740296180861,19091102828947/49042412129994603
10,0,0.00038759256047769201,,0.00038932551034424618,19093462131023/49042412129994603
10,1,0.0003855440048293744,,0.00038937361772668381,6365273811033/16347470709998201
10,2,0.00038631568315024788,,0.00038942172510912138,19098180735175/49042412129994603
10,3,0.00038631009182165001,,0.00038946983249155901,19100540037251/49042412129994603
10,4,0.00038757405058172356,,0.00038951793987399659,6367633113109/16347470709998201
10,5,0.00038589418057674867,,0.00038956604725643416,19105258641403/49042412129994603
10,6,0.00038670618066371175,,0.00038961415463887179,19107617943479/49042412129994603
10,7,0.00039009270101483795,,0.00038966226202130936,6369992415185/16347470709998201
10,8,0.00038823636012081769,,0.00038971036940374699,19112336547631/49042412129994603
10,9,0.00039031157535511529,,0.00038975847678618457,19114695849707/49042412129994603
10,10,0.00039044012824435772,,0.0003898065841686222,6372351717261/16347470709998201
10,11,0.00039262425725237099,,0.00038985469155105977,19119414453859/49042412129994603
10,12,0.00039540441639998461,,0.0003899027989334974,19121773755935/49042412129994603
11,-22,0.00040684244196943412,,0.00038818857226901031,19037703945371/49042412129994603
11,-21,0.0004039020169551778,,0.00038823667965144794,6346687749149/16347470709998201
11,-20,0.00040126348938407115,,0.00038828478703388552,19042422549523/49042412129994603
11,-19,0.00039886852532570278,,0.00038833289441632314,19044781851599/49042412129994603
11,-18,0.00039713954225583167,,0.00038838100179876072,6349047051225/16347470709998201
11,-17,0.00039529995248665134,,0.00038842910918119835,19049500455751/49042412129994603
11,-16,0.0003933253289240194,,0.00038847721656363592,19051859757827/49042412129994603
11,-15,0.00039278239079012741,,0.0003885253239460735,6351406353301/16347470709998201
11,-14,0.00039232484074985932,,0.00038857343132851112,19056578361979/49042412129994603
11,-13,0.00039042448995392395,,0.0003886215387109487,19058937664055/49042412129994603
11,-12,0.00038936896756934302,,0.00038866964609338633,6353765655377/16347470709998201
11,-11,0.00038811477687296679,,0.0003887177534758239,19063656268207/49042412129994603
11,-10,0.00039033683256418445,,0.00038876586085826153,19066015570283/49042412129994603
11,-9,0.00038693758571509834,,0.0003888139682406991,6356124957453/16347470709998201
11,-8,0.00038524388564040017,,0.00038886207562313673,19070734174435/49042412129994603
11,-7,0.00038501173655523156,,0.00038891018300557431,19073093476511/49042412129994603
11,-6,0.00038411200764095789,,0.00038895829038801193,6358484259529/16347470709998201
11,-5,0.00038414211686266274,,0.00038900639777044951,19077812080663/49042412129994603
11,-4,0.00038541460341577182,,0.00038905450515288714,19080171382739/49042412129994603
11,-3,0.00038362738978445297,,0.00038910261253532471,6360843561605/16347470709998201
11,-2,0.00038626281853444775,,0.00038915071991776228,19084889986891/49042412129994603
11,-1,0.00038772785435272088,,0.00038919882730019991,19087249288967/49042412129994603
11,0,0.00038744064299743591,,0.00038924693468263749,6363202863681/16347470709998201
11,1,0.00038570823030684354,,0.00038929504206507512,19091967893119/49042412129994603
11,2,0.00038560408914340989,,0.00038934314944751269,19094327195195/49042412129994603
11,3,0.00038458790382311616,,0.00038939125682995032,6365562165757/16347470709998201
11,4,0.00038985321277545308,,0.00038943936421238789,19099045799347/49042412129994603
11,5,0.00038588859433944574,,0.00038948747159482552,19101405101423/49042412129994603
11,6,0.00038797867647884411,,0.0003895355789772631,6367921467833/16347470709998201
11,7,0.00038839266874810278,,0.00038958368635970072,19106123705575/49042412129994603
11,8,0.00038953049069308232,,0.0003896317937421383,19108483007651/49042412129994603
11,9,0.00039039878521575377,,0.00038967990112457593,6370280769909/16347470709998201
11,10,0.00039273712626092418,,0.0003897280085070135,19113201611803/49042412129994603
11,11,0.00039443845264849003,,0.00038977611588945107,19115560913879/49042412129994603
12,-21,0.00040485409966243218,,0.00038815810398983925,19036209707467/49042412129994603
12,-20,0.0004019052215448501,,0.00038820621137227682,19038569009543/49042412129994603
12,-19,0.00039935426878953396,,0.00038825431875471445,6346976103873/16347470709998201
12,-18,0.00039821428924059895,,0.00038830242613715202,19043287613695/49042412129994603
12,-17,0.00039687233714553669,,0.00038835053351958965,19045646915771/49042412129994603
12,-16,0.00039430974072789078,,0.00038839864090202723,6349335405949/16347470709998201
12,-15,0.00039234534180991164,,0.00038844674828446486,19050365519923/49042412129994603
12,-14,0.00039127326008844631,,0.00038849485566690243,19052724821999/49042412129994603
12,-13,0.00039102636396960407,,0.00038854296304934006,6351694708025/16347470709998201
12,-12,0.00039327937855416253,,0.00038859107043177763,19057443426151/49042412129994603
12,-11,0.00038862524979907295,,0.00038863917781421526,19059802728227/49042412129994603
12,-10,0.00038982140843425521,,0.00038868728519665283,80431063419/206930008987319
12,-9,0.00038800836438788566,,0.00038873539257909041,19064521332379/49042412129994603
12,-8,0.00038767033269723067,,0.00038878349996152804,19066880634455/49042412129994603
12,-7,0.00038504509218700638,,0.00038883160734396561,6356413312177/16347470709998201
12,-6,0.00038860386440114838,,0.00038887971472640324,19071599238607/49042412129994603
12,-5,0.00038900741337745902,,0.00038892782210884081,19073958540683/49042412129994603
12,-4,0.00038422400916699156,,0.00038897592949127844,6358772614253/16347470709998201
12,-3,0.00038538285036215317,,0.00038902403687371602,19078677144835/49042412129994603
12,-2,0.00038773809954409388,,0.00038907214425615364,19081036446911/49042412129994603
12,-1,0.00038455599853930519,,0.00038912025163859122,6361131916329/16347470709998201
12,0,0.00038441972854581232,,0.00038916835902102885,19085755051063/49042412129994603
12,1,0.00038569493683040271,,0.00038921646640346642,19088114353139/49042412129994603
12,2,0.0003855857631878298,,0.00038926457378590405,6363491218405/16347470709998201
12,3,0.00038548413750619367,,0.00038931268116834162,19092832957291/49042412129994603
12,4,0.00038648112740221908,,0.0003893607885507792,19095192259367/49042412129994603
12,5,0.00038806064742960772,,0.00038940889593321683,6365850520481/16347470709998201
12,6,0.00038942924909922351,,0.0003894570033156544,19099910863519/49042412129994603
12,7,0.00038905224761917064,,0.00038950511069809203,19102270165595/49042412129994603
12,8,0.00038985989096737881,,0.0003895532180805296,6368209822557/16347470709998201
12,9,0.00039290060523113925,,0.00038960132546296723,19106988769747/49042412129994603
12,10,0.00039503677753049895,,0.00038964943284540481,19109348071823/49042412129994603
13,-20,0.00040313159647747862,,0.00038812763571066818,6344905156521/16347470709998201
13,-19,0.00040046640982874043,,0.00038817574309310576,19037074771639/49042412129994603
13,-18,0.00039752002009173389,,0.00038822385047554338,19039434073715/49042412129994603
13,-17,0.00039549999354901216,,0.00038827195785798096,6347264458597/16347470709998201
13,-16,0.00039516600588882032,,0.00038832006524041853,19044152677867/49042412129994603
13,-15,0.00039280947568673288,,0.00038836817262285616,19046511979943/49042412129994603
13,-14,0.00039155637374280839,,0.00038841628000529373,6349623760673/16347470709998201
13,-13,0.00039071396858094673,,0.00038846438738773136,19051230584095/49042412129994603
13,-12,0.00038942439522423293,,0.00038851249477016894,19053589886171/49042412129994603
13,-11,0.00038931824106111886,,0.00038856060215260657,6351983062749/16347470709998201
13,-10,0.00038803356390353392,,0.00038860870953504414,19058308490323/49042412129994603
13,-9,0.00038819542085318583,,0.00038865681691748177,19060667792399/49042412129994603
13,-8,0.00038859079777831012,,0.00038870492429991934,6354342364825/16347470709998201
13,-7,0.00038601444409890566,,0.00038875303168235697,19065386396551/49042412129994603
13,-6,0.00038639954472414285,,0.00038880113906479454,19067745698627/49042412129994603
13,-5,0.00038657684343265978,,0.00038884924644723217,6356701666901/16347470709998201
13,-4,0.00038741692344591898,,0.00038889735382966975,19072464302779/49042412129994603
13,-3,0.00038597905640049061,,0.00038894546121210732,19074823604855/49042412129994603
13,-2,0.00038536362299054669,,0.00038899356859454495,6359060968977/16347470709998201
13,-1,0.00038879112955151089,,0.00038904167597698252,19079542209007/49042412129994603
13,0,0.00038562416769458163,,0.00038908978335942015,19081901511083/49042412129994603
13,1,0.00038584685375707656,,0.00038913789074185773,6361420271053/16347470709998201
13,2,0.00038640283028038496,,0.00038918599812429535,19086620115235/49042412129994603
13,3,0.00039207612017845762,,0.00038923410550673293,19088979417311/49042412129994603
13,4,0.00038699047705779684,,0.00038928221288917056,6363779573129/16347470709998201
13,5,0.0003879554225845889,,0.00038933032027160813,19093698021463/49042412129994603
13,6,0.00039033812041497015,,0.00038937842765404576,19096057323539/49042412129994603
13,7,0.00039245880947536319,,0.00038942653503648333,80584036395/206930008987319
13,8,0.00039218903026536355,,0.00038947464241892096,19100775927691/49042412129994603
13,9,0.00039334038910904669,,0.00038952274980135854,19103135229767/49042412129994603
13,10,0.00039560879839115195,,0.00038957085718379611,6368498177281/16347470709998201
14,-20,0.00040386112244873663,,0.00038804906004905949,19030861929583/49042412129994603
14,-19,0.00040090369243602354,,0.00038809716743149706,19033221231659/49042412129994603
14,-18,0.00039843588724918459,,0.00038814527481393469,6345193511245/16347470709998201
14,-17,0.00039597718028908135,,0.00038819338219637226,19037939835811/49042412129994603
14,-16,0.00039585832432863314,,0.00038824148957880989,19040299137887/49042412129994603
14,-15,0.00039258438380662615,,0.00038828959696124747,6347552813321/16347470709998201
14,-14,0.00039392307204255629,,0.00038833770434368509,19045017742039/49042412129994603
14,-13,0.0003900125688313186,,0.00038838581172612267,19047377044115/49042412129994603
14,-12,0.0003904429614408459,,0.0003884339191085603,6349912115397/16347470709998201
14,-11,0.00038828812673372668,,0.00038848202649099787,19052095648267/49042412129994603
14,-10,0.00038675678372620073,,0.00038853013387343544,19054454950343/49042412129994603
14,-9,0.00038890328271512959,,0.00038857824125587307,6352271417473/16347470709998201
14,-8,0.00038804223414327092,,0.00038862634863831065,19059173554495/49042412129994603
14,-7,0.00038805591174096305,,0.00038867445602074828,19061532856571/49042412129994603
14,-6,0.00039004626939133526,,0.00038872256340318585,6354630719549/16347470709998201
14,-5,0.00038723544927294371,,0.00038877067078562348,19066251460723/49042412129994603
14,-4,0.00038723123829511057,,0.00038881877816806105,19068610762799/49042412129994603
14,-3,0.00038876430004964696,,0.00038886688555049868,6356990021625/16347470709998201
14,-2,0.00038687271444287814,,0.00038891499293293625,19073329366951/49042412129994603
14,-1,0.00038686590411672112,,0.00038896310031537388,19075688669027/49042412129994603
14,0,0.00038547301011726461,,0.00038901120769781146,6359349323701/16347470709998201
14,1,0.00038698049656892502,,0.00038905931508024909,19080407273179/49042412129994603
14,2,0.00038844602322741205,,0.00038910742246268666,19082766575255/49042412129994603
14,3,0.00039002122472304697,,0.00038915552984512423,6361708625777/16347470709998201
14,4,0.00038832905108206574,,0.00038920363722756186,19087485179407/49042412129994603
14,5,0.00039050338283175393,,0.00038925174460999944,19089844481483/49042412129994603
14,6,0.00038915240095532952,,0.00038929985199243706,6364067927853/16347470709998201
14,7,0.00039074512368899488,,0.00038934795937487464,19094563085635/49042412129994603
14,8,0.00039317881262040439,,0.00038939606675731227,19096922387711/49042412129994603
14,9,0.00039458667145615429,,0.00038944417413974984,6366427229929/16347470709998201
15,-19,0.00040190233994178814,,0.00038801859176988842,6343122563893/16347470709998201
15,-18,0.00039901630713017397,,0.00038806669915232599,19031726993755/49042412129994603
15,-17,0.0003969044267006742,,0.00038811480653476357,19034086295831/49042412129994603
15,-16,0.00039468250820889504,,0.0003881629139172012,6345481865969/16347470709998201
15,-15,0.00039426441427152124,,0.00038821102129963877,19038804899983/49042412129994603
15,-14,0.00039222398313600211,,0.0003882591286820764,19041164202059/49042412129994603
15,-13,0.00039030044045163117,,0.00038830723606451397,6347841168045/16347470709998201
15,-12,0.00039009114355711218,,0.0003883553434469516,19045882806211/49042412129994603
15,-11,0.00038971227465792619,,0.00038840345082938918,19048242108287/49042412129994603
15,-10,0.00038795623120706902,,0.0003884515582118268,6350200470121/16347470709998201
15,-9,0.00038742800293895934,,0.00038849966559426438,19052960712439/49042412129994603
15,-8,0.00038811317831963048,,0.00038854777297670201,19055320014515/49042412129994603
15,-7,0.00038567791154443928,,0.00038859588035913958,6352559772197/16347470709998201
15,-6,0.00038731706245470371,,0.00038864398774157721,19060038618667/49042412129994603
15,-5,0.00038526701327184506,,0.00038869209512401478,19062397920743/49042412129994603
15,-4,0.00038647457212712583,,0.00038874020250645236,6354919074273/16347470709998201
15,-3,0.00038706298303769327,,0.00038878830988888999,19067116524895/49042412129994603
15,-2,0.00038989202444101147,,0.00038883641727132756,19069475826971/49042412129994603
15,-1,0.00038704251802455732,,0.00038888452465376519,6357278376349/16347470709998201
15,0,0.00038909691518165368,,0.00038893263203620276,19074194431123/49042412129994603
15,1,0.00038894681059676206,,0.00038898073941864039,19076553733199/49042412129994603
15,2,0.00038820998912144603,,0.00038902884680107796,6359637678425/16347470709998201
15,3,0.00038935837079926089,,0.00038907695418351559,19081272337351/49042412129994603
15,4,0.0003880370074513795,,0.00038912506156595317,19083631639427/49042412129994603
15,5,0.00038951010119560433,,0.0003891731689483908,6361996980501/16347470709998201
15,6,0.00039082224435428884,,0.00038922127633082837,19088350243579/49042412129994603
15,7,0.00039286278685703711,,0.000389269383713266,19090709545655/49042412129994603
15,8,0.00039660224126683693,,0.00038931749109570357,6364356282577/16347470709998201
16,-18,0.00040008984416890547,,0.0003879881234907173,19027873453775/49042412129994603
16,-17,0.00039825292015764944,,0.00038803623087315493,6343410918617/16347470709998201
16,-16,0.00039625654511733235,,0.0003880843382555925,19032592057927/49042412129994603
16,-15,0.00039401185935574828,,0.00038813244563803013,19034951360003/49042412129994603
16,-14,0.00039307606450293567,,0.0003881805530204677,6345770220693/16347470709998201
16,-13,0.00039105832345681657,,0.00038822866040290533,19039669964155/49042412129994603
16,-12,0.00039341457425307638,,0.00038827676778534291,19042029266231/49042412129994603
16,-11,0.00038958295288908532,,0.00038832487516778048,6348129522769/16347470709998201
16,-10,0.00038922721788127007,,0.00038837298255021811,19046747870383/49042412129994603
16,-9,0.00039057515412591276,,0.00038842108993265568,19049107172459/49042412129994603
16,-8,0.0003886104220804755,,0.00038846919731509331,6350488824845/16347470709998201
16,-7,0.00038763908086090934,,0.00038851730469753089,19053825776611/49042412129994603
16,-6,0.00038625792291975617,,0.00038856541207996851,19056185078687/49042412129994603
16,-5,0.00038839109619468961,,0.00038861351946240609,6352848126921/16347470709998201
16,-4,0.00038927305114282667,,0.00038866162684484372,19060903682839/49042412129994603
16,-3,0.00038865529866381174,,0.00038870973422728129,19063262984915/49042412129994603
16,-2,0.00038884770163130644,,0.00038875784160971892,6355207428997/16347470709998201
16,-1,0.00038899391808996258,,0.00038880594899215649,19067981589067/49042412129994603
16,0,0.00039227688251151682,,0.00038885405637459412,19070340891143/49042412129994603
16,1,0.00038906488730368219,,0.0003889021637570317,6357566731073/16347470709998201
16,2,0.00038845586941696622,,0.00038895027113946927,19075059495295/49042412129994603
16,3,0.00039121256019371509,,0.0003889983785219069,19077418797371/49042412129994603
16,4,0.00039018889339503848,,0.00038904648590434447,6359926033149/16347470709998201
16,5,0.00039179934515386103,,0.0003890945932867821,19082137401523/49042412129994603
16,6,0.0003916292073196024,,0.00038914270066921967,19084496703599/49042412129994603
16,7,0.00039341362363040449,,0.0003891908080516573,6362285335225/16347470709998201
16,8,0.00039585755157334109,,0.00038923891543409488,19089215307751/49042412129994603
17,-18,0.00040161600223189006,,0.0003879095478291086,6341339971265/16347470709998201
17,-17,0.00039865796595172867,,0.00038795765521154623,19026379215871/49042412129994603
17,-16,0.00039641646393629435,,0.00038800576259398381,19028738517947/49042412129994603
17,-15,0.00039511695479783432,,0.00038805386997642143,6343699273341/16347470709998201
17,-14,0.00039373601323833328,,0.00038810197735885901,19033457122099/49042412129994603
17,-13,0.0003922223179837633,,0.00038815008474129664,19035816424175/49042412129994603
17,-12,0.00039173387454742744,,0.00038819819212373421,6346058575417/16347470709998201
17,-11,0.00038988492325572291,,0.00038824629950617184,19040535028327/49042412129994603
17,-10,0.00038999212146822532,,0.00038829440688860941,19042894330403/49042412129994603
17,-9,0.00038895140203284989,,0.00038834251427104704,6348417877493/16347470709998201
17,-8,0.00038985218248136356,,0.00038839062165348462,19047612934555/49042412129994603
17,-7,0.00038963429223510458,,0.00038843872903592224,19049972236631/49042412129994603
17,-6,0.0003869827017322022,,0.00038848683641835982,6350777179569/16347470709998201
17,-5,0.00038757138847588261,,0.00038853494380079739,19054690840783/49042412129994603
17,-4,0.00038724729517188906,,0.00038858305118323502,241228482821/620790026961957
17,-3,0.00038883075078770485,,0.0003886311585656726,6353136481645/16347470709998201
17,-2,0.0003877754106103653,,0.00038867926594811022,19061768747011/49042412129994603
17,-1,0.00038971284485709624,,0.0003887273733305478,19064128049087/49042412129994603
17,0,0.00038837344118068597,,0.00038877548071298543,6355495783721/16347470709998201
17,1,0.00038918856212229576,,0.000388823588095423,19068846653239/49042412129994603
17,2,0.00038916503483170216,,0.00038887169547786063,19071205955315/49042412129994603
17,3,0.00039171688821524058,,0.0003889198028602982,6357855085797/16347470709998201
17,4,0.00039173573571650675,,0.00038896791024273583,19075924559467/49042412129994603
17,5,0.00039132144408900686,,0.00038901601762517341,19078283861543/49042412129994603
17,6,0.00039351604569909745,,0.00038906412500761103,6360214387873/16347470709998201
17,7,0.00039521487899705154,,0.00038911223239004861,19083002465695/49042412129994603
18,-17,0.00039976308019277714,,0.00038787907954993754,19022525675891/49042412129994603
18,-16,0.00039751017726811849,,0.00038792718693237517,6341628325989/16347470709998201
18,-15,0.0003960252540185101,,0.00038797529431481274,19027244280043/49042412129994603
18,-14,0.00039402638830568232,,0.00038802340169725037,19029603582119/49042412129994603
18,-13,0.00039291279982722131,,0.00038807150907968794,6343987628065/16347470709998201
18,-12,0.0003922472440624227,,0.00038811961646212552,19034322186271/49042412129994603
18,-11,0.0003921513874563426,,0.00038816772384456314,19036681488347/49042412129994603
18,-10,0.0003922960090141831,,0.00038821583122700072,6346346930141/16347470709998201
18,-9,0.00038910671288950265,,0.00038826393860943835,19041400092499/49042412129994603
18,-8,0.00039080926021665301,,0.00038831204599187592,19043759394575/49042412129994603
18,-7,0.00039104328295453132,,0.00038836015337431355,6348706232217/16347470709998201
18,-6,0.0003894720906965691,,0.00038840826075675112,19048477998727/49042412129994603
18,-5,0.00038875334341493514,,0.00038845636813918875,19050837300803/49042412129994603
18,-4,0.00038858762770991695,,0.00038850447552162633,6351065534293/16347470709998201
18,-3,0.00038984166690481776,,0.00038855258290406395,19055555904955/49042412129994603
18,-2,0.00038986502734613716,,0.00038860069028650153,19057915207031/49042412129994603
18,-1,0.00038979216631213396,,0.00038864879766893916,6353424836369/16347470709998201
18,0,0.0003884480112868058,,0.00038869690505137673,19062633811183/49042412129994603
18,1,0.0003906188284288531,,0.00038874501243381431,19064993113259/49042412129994603
18,2,0.00038936844889376457,,0.00038879311981625193,6355784138445/16347470709998201
18,3,0.00039405218783286969,,0.00038884122719868951,19069711717411/49042412129994603
18,4,0.00039213243689274508,,0.00038888933458112714,19072071019487/49042412129994603
18,5,0.00039313782710973221,,0.00038893744196356471,6358143440521/16347470709998201
18,6,0.00039506723030387117,,0.00038898554934600234,19076789623639/49042412129994603
19,-16,0.00039896117347730726,,0.00038784861127076647,19021031437987/49042412129994603
19,-15,0.00039670639671910969,,0.00038789671865320404,19023390740063/49042412129994603
19,-14,0.00039571822280255595,,0.00038794482603564167,6341916680713/16347470709998201
19,-13,0.00039394147193258408,,0.00038799293341807925,19028109344215/49042412129994603
19,-12,0.00039236442875862244,,0.00038804104080051688,19030468646291/49042412129994603
19,-11,0.00039355734113522901,,0.00038808914818295445,6344275982789/16347470709998201
19,-10,0.00039022632674665981,,0.00038813725556539208,19035187250443/49042412129994603
19,-9,0.00038966536779709159,,0.00038818536294782965,19037546552519/49042412129994603
19,-8,0.00039083722126531336,,0.00038823347033026728,6346635284865/16347470709998201
19,-7,0.00038923558844261374,,0.00038828157771270485,19042265156671/49042412129994603
19,-6,0.00039072172495201776,,0.00038832968509514243,19044624458747/49042412129994603
19,-5,0.00038973310737125324,,0.00038837779247758006,6348994586941/16347470709998201
19,-4,0.00039101089364136968,,0.00038842589986001763,19049343062899/49042412129994603
19,-3,0.00039013441969570732,,0.00038847400724245526,19051702364975/49042412129994603
19,-2,0.00038937300355718042,,0.00038852211462489283,6351353889017/16347470709998201
19,-1,0.0003914268981493696,,0.00038857022200733046,19056420969127/49042412129994603
19,0,0.00039024537023376178,,0.00038861832938976804,19058780271203/49042412129994603
19,1,0.00039022779883268803,,0.00038866643677220566,6353713191093/16347470709998201
19,2,0.00039035703006143574,,0.00038871454415464324,19063498875355/49042412129994603
19,3,0.00039212165855429486,,0.00038876265153708087,19065858177431/49042412129994603
19,4,0.00039477100937813415,,0.00038881075891951844,6356072493169/16347470709998201
19,5,0.0003944662101987448,,0.00038885886630195607,19070576781583/49042412129994603
20,-16,0.00039973647845492757,,0.00038777003560915778,19017177898007/49042412129994603
20,-15,0.00039769469232805212,,0.0003878181429915954,6339845733361/16347470709998201
20,-14,0.00039609833308352273,,0.00038786625037403298,19021896502159/49042412129994603
20,-13,0.00039484192809661675,,0.00038791435775647055,19024255804235/49042412129994603
20,-12,0.00039308845030533549,,0.00038796246513890818,6342205035437/16347470709998201
20,-11,0.00039195084923040877,,0.00038801057252134575,19028974408387/49042412129994603
20,-10,0.00039103235231205586,,0.00038805867990378338,19031333710463/49042412129994603
20,-9,0.00039053986754712357,,0.00038810678728622096,6344564337513/16347470709998201
20,-8,0.00039292646620712264,,0.00038815489466865859,19036052314615/49042412129994603
20,-7,0.00038852878400191511,,0.00038820300205109616,19038411616691/49042412129994603
20,-6,0.00039393083930862083,,0.00038825110943353379,6346923639589/16347470709998201
20,-5,0.00039159121112418367,,0.00038829921681597136,19043130220843/49042412129994603
20,-4,0.00038981113863894006,,0.00038834732419840899,19045489522919/49042412129994603
20,-3,0.00039142949812727846,,0.00038839543158084657,6349282941665/16347470709998201
20,-2,0.00039064353840061525,,0.00038844353896328419,19050208127071/49042412129994603
20,-1,0.00039064774869856131,,0.00038849164634572177,19052567429147/49042412129994603
20,0,0.00039153015265648588,,0.00038853975372815934,6351642243741/16347470709998201
20,1,0.00039093169970853597,,0.00038858786111059697,19057286033299/49042412129994603
20,2,0.00039343843765459071,,0.00038863596849303454,19059645335375/49042412129994603
20,3,0.00039251116443732255,,0.00038868407587547217,6354001545817/16347470709998201
20,4,0.00039404258744656404,,0.00038873218325790975,19064363939527/49042412129994603
21,-15,0.00039872009349362628,,0.00038773956732998671,240704856457/620790026961957
21,-14,0.00039654370504164753,,0.00038778767471242428,19018042962179/49042412129994603
21,-13,0.00039509490150020768,,0.00038783578209486191,6340134088085/16347470709998201
21,-12,0.00039474189400982959,,0.00038788388947729949,19022761566331/49042412129994603
21,-11,0.00039230878891295017,,0.00038793199685973711,19025120868407/49042412129994603
21,-10,0.00039302635813438986,,0.00038798010424217469,6342493390161/16347470709998201
21,-9,0.00039112867696198107,,0.00038802821162461232,19029839472559/49042412129994603
21,-8,0.0003909210595010469,,0.00038807631900704989,19032198774635/49042412129994603
21,-7,0.00039125977427543351,,0.00038812442638948747,6344852692237/16347470709998201
21,-6,0.00039095465945093369,,0.00038817253377192509,19036917378787/49042412129994603
21,-5,0.0003895143512653505,,0.00038822064115436267,19039276680863/49042412129994603
21,-4,0.00039199361081715715,,0.0003882687485368003,6347211994313/16347470709998201
21,-3,0.00039018791020331133,,0.00038831685591923787,19043995285015/49042412129994603
21,-2,0.00039117171572453124,,0.0003883649633016755,19046354587091/49042412129994603
21,-1,0.0003916323410661902,,0.00038841307068411307,6349571296389/16347470709998201
21,0,0.00039195386630575793,,0.0003884611780665507,19051073191243/49042412129994603
21,1,0.00039240678625256152,,0.00038850928544898828,19053432493319/49042412129994603
21,2,0.0003928395783756993,,0.0003885573928314259,6351930598465/16347470709998201
21,3,0.00039422179894424187,,0.00038860550021386348,19058151097471/49042412129994603
22,-14,0.00039770998318297242,,0.00038770909905081559,6338063140733/16347470709998201
22,-13,0.00039627691266417388,,0.00038775720643325322,19016548724275/49042412129994603
22,-12,0.00039456704459889442,,0.00038780531381569079,19018908026351/49042412129994603
22,-11,0.00039492308120044382,,0.00038785342119812842,6340422442809/16347470709998201
22,-10,0.00039252567208376647,,0.00038790152858056599,19023626630503/49042412129994603
22,-9,0.00039183290159872672,,0.00038794963596300362,19025985932579/49042412129994603
22,-8,0.0003913869284921591,,0.0003879977433454412,6342781744885/16347470709998201
22,-7,0.0003906037505397753,,0.00038804585072787882,19030704536731/49042412129994603
22,-6,0.00039072507201102916,,0.0003880939581103164,19033063838807/49042412129994603
22,-5,0.00039030250285331392,,0.00038814206549275403,6345141046961/16347470709998201
22,-4,0.00039092187305970983,,0.0003881901728751916,19037782442959/49042412129994603
22,-3,0.00039497576055090019,,0.00038823828025762923,19040141745035/49042412129994603
22,-2,0.00040010584019061331,,0.0003882863876400668,6347500349037/16347470709998201
22,-1,0.00039183607019405988,,0.00038833449502250438,19044860349187/49042412129994603
22,0,0.00039222091861703144,,0.00038838260240494201,19047219651263/49042412129994603
22,1,0.00039471154598311891,,0.00038843070978737958,6349859651113/16347470709998201
22,2,0.00039415105588200006,,0.00038847881716981721,241163775385/620790026961957
23,-14,0.00039927585071778077,,0.00038763052338920695,19010335882219/49042412129994603
23,-13,0.00039719148008448933,,0.00038767863077164452,19012695184295/49042412129994603
23,-12,0.00039687420843284376,,0.00038772673815408215,6338351495457/16347470709998201
23,-11,0.00039432531313766744,,0.00038777484553651972,19017413788447/49042412129994603
23,-10,0.00039405948843493024,,0.00038782295291895735,19019773090523/49042412129994603
23,-9,0.00039344772760110366,,0.00038787106030139493,6340710797533/16347470709998201
23,-8,0.00039148013628072053,,0.0003879191676838325,19024491694675/49042412129994603
23,-7,0.00039169965144230019,,0.00038796727506627013,19026850996751/49042412129994603
23,-6,0.00039139630505374856,,0.0003880153824487077,6343070099609/16347470709998201
23,-5,0.00039211933483349412,,0.00038806348983114533,19031569600903/49042412129994603
23,-4,0.00039183582056320472,,0.00038811159721358291,19033928902979/49042412129994603
23,-3,0.00039184277001884848,,0.00038815970459602053,6345429401685/16347470709998201
23,-2,0.00039319356455765346,,0.00038820781197845811,19038647507131/49042412129994603
23,-1,0.0003930034219860822,,0.00038825591936089574,19041006809207/49042412129994603
23,0,0.00039333183922539325,,0.00038830402674333331,6347788703761/16347470709998201
23,1,0.00039430815146076971,,0.00038835213412577094,19045725413359/49042412129994603
24,-13,0.00039862308766988526,,0.00038760005511003583,6336280548105/16347470709998201
24,-12,0.00039654936610359183,,0.00038764816249247346,19011200946391/49042412129994603
24,-11,0.00039655514853212235,,0.00038769626987491103,19013560248467/49042412129994603
24,-10,0.00039407162499368605,,0.00038774437725734866,6338639850181/16347470709998201
24,-9,0.00039312479604981435,,0.00038779248463978623,19018278852619/49042412129994603
24,-8,0.00039412066030668821,,0.00038784059202222386,19020638154695/49042412129994603
24,-7,0.00039391374501999987,,0.00038788869940466143,6340999152257/16347470709998201
24,-6,0.00039271187715431854,,0.00038793680678709906,19025356758847/49042412129994603
24,-5,0.00039242807486521792,,0.00038798491416953664,19027716060923/49042412129994603
24,-4,0.00039338828197152951,,0.00038803302155197427,6343358454333/16347470709998201
24,-3,0.00039242380963077972,,0.00038808112893441184,19032434665075/49042412129994603
24,-2,0.00039423899616281965,,0.00038812923631684941,19034793967151/49042412129994603
24,-1,0.00039436120400794777,,0.00038817734369928704,6345717756409/16347470709998201
24,0,0.00039519857971413177,,0.00038822545108172462,19039512571303/49042412129994603
25,-12,0.00039769637697256412,,0.00038756958683086476,19007347406411/49042412129994603
25,-11,0.0003963186745084228,,0.00038761769421330239,6336568902829/16347470709998201
25,-10,0.00039511876700376358,,0.00038766580159573996,19012066010563/49042412129994603
25,-9,0.00039502846109570937,,0.00038771390897817754,19014425312639/49042412129994603
25,-8,0.00039579048485204949,,0.00038776201636061517,6338928204905/16347470709998201
25,-7,0.00039333514686810375,,0.00038781012374305274,19019143916791/49042412129994603
25,-6,0.00039328738257966936,,0.00038785823112549037,19021503218867/49042412129994603
25,-5,0.00039380470307257475,,0.00038790633850792794,6341287506981/16347470709998201
25,-4,0.0003935825557942585,,0.00038795444589036557,19026221823019/49042412129994603
25,-3,0.00039474813185701489,,0.00038800255327280314,19028581125095/49042412129994603
25,-2,0.00039457661046957159,,0.00038805066065524077,6343646809057/16347470709998201
25,-1,0.00039507973729964674,,0.00038809876803767835,19033299729247/49042412129994603
26,-12,0.00039906687037863365,,0.00038749101116925607,6334497955477/16347470709998201
26,-11,0.00039753281504105789,,0.00038753911855169369,19005853168507/49042412129994603
26,-10,0.00039666626601734942,,0.00038758722593413127,19008212470583/49042412129994603
26,-9,0.0003962174874221979,,0.0003876353333165689,80213383007/206930008987319
26,-8,0.0003952241789361207,,0.00038768344069900647,19012931074735/49042412129994603
26,-7,0.00039441575106107798,,0.0003877315480814441,19015290376811/49042412129994603
26,-6,0.0003949734717089627,,0.00038777965546388167,6339216559629/16347470709998201
26,-5,0.00039470657426131877,,0.0003878277628463193,19020008980963/49042412129994603
26,-4,0.00039541957341100167,,0.00038787587022875688,19022368283039/49042412129994603
26,-3,0.00039555917527698078,,0.00038792397761119445,6341575861705/16347470709998201
26,-2,0.00039565129334321312,,0.00038797208499363208,19027086887191/49042412129994603
27,-11,0.00039840881819252263,,0.000387460542890085,19001999628527/49042412129994603
27,-10,0.00039708301317189923,,0.00038750865027252257,6334786310201/16347470709998201
27,-9,0.00039679742979624368,,0.0003875567576549602,19006718232679/49042412129994603
27,-8,0.00039770209396184242,,0.00038760486503739778,19009077534755/49042412129994603
27,-7,0.00039496535879098634,,0.0003876529724198354,6337145612277/16347470709998201
27,-6,0.00039738666643503629,,0.00038770107980227298,19013796138907/49042412129994603
27,-5,0.00039541441907370826,,0.00038774918718471061,19016155440983/49042412129994603
27,-4,0.00039589801039544031,,0.00038779729456714818,6339504914353/16347470709998201
27,-3,0.00039625947853547545,,0.00038784540194958581,19020874045135/49042412129994603
28,-10,0.00039828700943616018,,0.00038743007461091393,19000505390623/49042412129994603
28,-9,0.00039721736292074153,,0.00038747818199335151,19002864692699/49042412129994603
28,-8,0.0003966926568159819,,0.00038752628937578913,6335074664925/16347470709998201
28,-7,0.00039615630823791587,,0.00038757439675822671,19007583296851/49042412129994603
28,-6,0.00039645399785116688,,0.00038762250414066434,19009942598927/49042412129994603
28,-5,0.00039664774246095938,,0.00038767061152310191,6337433967001/16347470709998201
28,-4,0.000397092850028513,,0.00038771871890553949,19014661203079/49042412129994603
29,-10,0.00039939449178825825,,0.00038735149894930524,18996651850643/49042412129994603
29,-9,0.00039835427546038797,,0.00038739960633174281,6333003717573/16347470709998201
29,-8,0.00039751829679311984,,0.00038744771371418044,19001370454795/49042412129994603
29,-7,0.00039778695180776641,,0.00038749582109661801,19003729756871/49042412129994603
29,-6,0.00039713358110908585,,0.00038754392847905564,6335363019649/16347470709998201
29,-5,0.00039762061455139106,,0.00038759203586149322,19008448361023/49042412129994603
30,-9,0.00039945132080985768,,0.00038732103067013417,18995157612739/49042412129994603
30,-8,0.00039854900501506339,,0.00038736913805257175,18997516914815/49042412129994603
30,-7,0.00039856018526721992,,0.00038741724543500937,6333292072297/16347470709998201
30,-6,0.00039842705427511037,,0.00038746535281744695,19002235518967/49042412129994603
31,-8,0.00040015340952099463,,0.00038729056239096305,6331221124945/16347470709998201
31,-7,0.00039933342998583208,,0.00038733866977340068,18996022676911/49042412129994603
32,-8,0.00040100414863551606,,0.00038721198672935441,18989809834855/49042412129994603
