x,y,ell_A,ell_A_exact
-5,6,0.00039556344778168508,6466461876557/16347470709998201
-4.875,5.125,0.00039514812044301321,6459672325053/16347470709998201
-4.875,5.25,0.00039519622782545078,19381376277235/49042412129994603
-4.875,5.375,0.00039524433520788841,19383735579311/49042412129994603
-4.875,5.5,0.00039529244259032598,6462031627129/16347470709998201
-4.875,5.625,0.00039534054997276361,19388454183463/49042412129994603
-4.875,5.75,0.00039538865735520119,19390813485539/49042412129994603
-4.875,5.875,0.00039543676473763881,6464390929205/16347470709998201
-4.75,4.25,0.00039473279310434133,6452882773549/16347470709998201
-4.75,4.375,0.0003947809004867789,19361007622723/49042412129994603
-4.75,4.5,0.00039482900786921653,19363366924799/49042412129994603
-4.75,4.625,0.00039487711525165411,6455242075625/16347470709998201
-4.75,4.75,0.00039492522263409174,19368085528951/49042412129994603
-4.75,4.875,0.00039497333001652931,19370444831027/49042412129994603
-4.75,5,0.00039502143739896694,6457601377701/16347470709998201
-4.75,5.125,0.00039506954478140451,19375163435179/49042412129994603
-4.75,5.25,0.00039511765216384209,19377522737255/49042412129994603
-4.75,5.375,0.00039516575954627971,6459960679777/16347470709998201
-4.75,5.5,0.00039521386692871729,19382241341407/49042412129994603
-4.75,5.625,0.00039526197431115492,19384600643483/49042412129994603
-4.75,5.75,0.00039531008169359249,6462319981853/16347470709998201
-4.625,3.375,0.00039431746576566945,6446093222045/16347470709998201
-4.625,3.5,0.00039436557314810703,19340638968211/49042412129994603
-4.625,3.625,0.00039441368053054466,19342998270287/49042412129994603
-4.625,3.75,0.00039446178791298223,6448452524121/16347470709998201
-4.625,3.875,0.00039450989529541986,19347716874439/49042412129994603
-4.625,4,0.00039455800267785743,19350076176515/49042412129994603
-4.625,4.125,0.00039460611006029506,6450811826197/16347470709998201
-4.625,4.25,0.00039465421744273264,19354794780667/49042412129994603
-4.625,4.375,0.00039470232482517021,19357154082743/49042412129994603
-4.625,4.5,0.00039475043220760784,6453171128273/16347470709998201
-4.625,4.625,0.00039479853959004541,19361872686895/49042412129994603
-4.625,4.75,0.00039484664697248304,19364231988971/49042412129994603
-4.625,4.875,0.00039489475435492061,6455530430349/16347470709998201
-4.625,5,0.00039494286173735824,19368950593123/49042412129994603
-4.625,5.125,0.00039499096911979582,19371309895199/49042412129994603
-4.625,5.25,0.00039503907650223345,6457889732425/16347470709998201
-4.625,5.375,0.00039508718388467102,19376028499351/49042412129994603
-4.625,5.5,0.00039513529126710865,19378387801427/49042412129994603
-4.625,5.625,0.00039518339864954622,6460249034501/16347470709998201
-4.5,2.5,0.00039390213842699758,6439303670541/16347470709998201
-4.5,2.625,0.00039395024580943515,19320270313699/49042412129994603
-4.5,2.75,0.00039399835319187278,19322629615775/49042412129994603
-4.5,2.875,0.00039404646057431035,6441662972617/16347470709998201
-4.5,3,0.00039409456795674798,19327348219927/49042412129994603
-4.5,3.125,0.00039414267533918556,19329707522003/49042412129994603
-4.5,3.25,0.00039419078272162318,6444022274693/16347470709998201
-4.5,3.375,0.00039423889010406076,19334426126155/49042412129994603
-4.5,3.5,0.00039428699748649833,19336785428231/49042412129994603
-4.5,3.625,0.00039433510486893596,6446381576769/16347470709998201
-4.5,3.75,0.00039438321225137354,19341504032383/49042412129994603
-4.5,3.875,0.00039443131963381116,19343863334459/49042412129994603
-4.5,4,0.00039447942701624874,6448740878845/16347470709998201
-4.5,4.125,0.00039452753439868637,19348581938611/49042412129994603
-4.5,4.25,0.00039457564178112394,19350941240687/49042412129994603
-4.5,4.375,0.00039462374916356157,6451100180921/16347470709998201
-4.5,4.5,0.00039467185654599914,19355659844839/49042412129994603
-4.5,4.625,0.00039471996392843677,19358019146915/49042412129994603
-4.5,4.75,0.00039476807131087435,6453459482997/16347470709998201
-4.5,4.875,0.00039481617869331197,19362737751067/49042412129994603
-4.5,5,0.00039486428607574955,19365097053143/49042412129994603
-4.5,5.125,0.00039491239345818712,6455818785073/16347470709998201
-4.5,5.25,0.00039496050084062475,19369815657295/49042412129994603
-4.5,5.375,0.00039500860822306232,245217404549/620790026961957
-4.5,5.5,0.00039505671560549995,6458178087149/16347470709998201
-4.5,5.625,0.00039510482298793753,19376893563523/49042412129994603
-4.375,1.625,0.0003934868110883257,6432514119037/16347470709998201
-4.375,1.75,0.00039353491847076327,19299901659187/49042412129994603
-4.375,1.875,0.0003935830258532009,19302260961263/49042412129994603
-4.375,2,0.00039363113323563848,6434873421113/16347470709998201
-4.375,2.125,0.00039367924061807611,19306979565415/49042412129994603
-4.375,2.25,0.00039372734800051368,19309338867491/49042412129994603
-4.375,2.375,0.00039377545538295131,6437232723189/16347470709998201
-4.375,2.5,0.00039382356276538888,19314057471643/49042412129994603
-4.375,2.625,0.00039387167014782646,19316416773719/49042412129994603
-4.375,2.75,0.00039391977753026408,6439592025265/16347470709998201
-4.375,2.875,0.00039396788491270166,19321135377871/49042412129994603
-4.375,3,0.00039401599229513929,19323494679947/49042412129994603
-4.375,3.125,0.00039406409967757686,6441951327341/16347470709998201
-4.375,3.25,0.00039411220706001449,19328213284099/49042412129994603
-4.375,3.375,0.00039416031444245206,19330572586175/49042412129994603
-4.375,3.5,0.00039420842182488969,6444310629417/16347470709998201
-4.375,3.625,0.00039425652920732727,19335291190327/49042412129994603
-4.375,3.75,0.00039430463658976489,19337650492403/49042412129994603
-4.375,3.875,0.00039435274397220247,6446669931493/16347470709998201
-4.375,4,0.0003944008513546401,19342369096555/49042412129994603
-4.375,4.125,0.00039444895873707767,19344728398631/49042412129994603
-4.375,4.25,0.00039449706611951525,6449029233569/16347470709998201
-4.375,4.375,0.00039454517350195287,19349447002783/49042412129994603
-4.375,4.5,0.00039459328088439045,19351806304859/49042412129994603
-4.375,4.625,0.00039464138826682808,6451388535645/16347470709998201
-4.375,4.75,0.00039468949564926565,19356524909011/49042412129994603
-4.375,4.875,0.00039473760303170328,19358884211087/49042412129994603
-4.375,5,0.00039478571041414085,6453747837721/16347470709998201
-4.375,5.125,0.00039483381779657848,19363602815239/49042412129994603
-4.375,5.25,0.00039488192517901606,19365962117315/49042412129994603
-4.375,5.375,0.00039493003256145368,6456107139797/16347470709998201
-4.375,5.5,0.00039497813994389126,19370680721467/49042412129994603
-4.25,0.75,0.00039307148374965382,6425724567533/16347470709998201
-4.25,0.875,0.0003931195911320914,19279533004675/49042412129994603
-4.25,1,0.00039316769851452903,19281892306751/49042412129994603
-4.25,1.125,0.0003932158058969666,6428083869609/16347470709998201
-4.25,1.25,0.00039326391327940423,19286610910903/49042412129994603
-4.25,1.375,0.0003933120206618418,19288970212979/49042412129994603
-4.25,1.5,0.00039336012804427943,6430443171685/16347470709998201
-4.25,1.625,0.00039340823542671701,19293688817131/49042412129994603
-4.25,1.75,0.00039345634280915458,19296048119207/49042412129994603
-4.25,1.875,0.00039350445019159221,6432802473761/16347470709998201
-4.25,2,0.00039355255757402978,19300766723359/49042412129994603
-4.25,2.125,0.00039360066495646741,19303126025435/49042412129994603
-4.25,2.25,0.00039364877233890498,6435161775837/16347470709998201
-4.25,2.375,0.00039369687972134261,19307844629587/49042412129994603
-4.25,2.5,0.00039374498710378019,19310203931663/49042412129994603
-4.25,2.625,0.00039379309448621782,6437521077913/16347470709998201
-4.25,2.75,0.00039384120186865539,19314922535815/49042412129994603
-4.25,2.875,0.00039388930925109302,19317281837891/49042412129994603
-4.25,3,0.00039393741663353059,6439880379989/16347470709998201
-4.25,3.125,0.00039398552401596822,19322000442043/49042412129994603
-4.25,3.25,0.00039403363139840579,19324359744119/49042412129994603
-4.25,3.375,0.00039408173878084337,6442239682065/16347470709998201
-4.25,3.5,0.000394129846163281,19329078348271/49042412129994603
-4.25,3.625,0.00039417795354571857,19331437650347/49042412129994603
-4.25,3.75,0.0003942260609281562,6444598984141/16347470709998201
-4.25,3.875,0.00039427416831059377,19336156254499/49042412129994603
-4.25,4,0.0003943222756930314,19338515556575/49042412129994603
-4.25,4.125,0.00039437038307546898,6446958286217/16347470709998201
-4.25,4.25,0.00039441849045790661,19343234160727/49042412129994603
-4.25,4.375,0.00039446659784034418,19345593462803/49042412129994603
-4.25,4.5,0.00039451470522278181,6449317588293/16347470709998201
-4.25,4.625,0.00039456281260521938,19350312066955/49042412129994603
-4.25,4.75,0.00039461091998765701,19352671369031/49042412129994603
-4.25,4.875,0.00039465902737009458,6451676890369/16347470709998201
-4.25,5,0.00039470713475253216,19357389973183/49042412129994603
-4.25,5.125,0.00039475524213496979,19359749275259/49042412129994603
-4.25,5.25,0.00039480334951740736,6454036192445/16347470709998201
-4.25,5.375,0.00039485145689984499,19364467879411/49042412129994603
-4.125,-0.125,0.00039265615641098195,6418935016029/16347470709998201
-4.125,0,0.00039270426379341952,19259164350163/49042412129994603
-4.125,0.125,0.00039275237117585715,19261523652239/49042412129994603
-4.125,0.25,0.00039280047855829472,6421294318105/16347470709998201
-4.125,0.375,0.00039284858594073235,19266242256391/49042412129994603
-4.125,0.5,0.00039289669332316993,19268601558467/49042412129994603
-4.125,0.625,0.00039294480070560755,6423653620181/16347470709998201
-4.125,0.75,0.00039299290808804513,19273320162619/49042412129994603
-4.125,0.875,0.00039304101547048276,19275679464695/49042412129994603
-4.125,1,0.00039308912285292033,6426012922257/16347470709998201
-4.125,1.125,0.00039313723023535791,19280398068847/49042412129994603
-4.125,1.25,0.00039318533761779553,19282757370923/49042412129994603
-4.125,1.375,0.00039323344500023311,6428372224333/16347470709998201
-4.125,1.5,0.00039328155238267074,19287475975075/49042412129994603
-4.125,1.625,0.00039332965976510831,19289835277151/49042412129994603
-4.125,1.75,0.00039337776714754594,6430731526409/16347470709998201
-4.125,1.875,0.00039342587452998351,244234859257/620790026961957
-4.125,2,0.00039347398191242114,19296913183379/49042412129994603
-4.125,2.125,0.00039352208929485872,6433090828485/16347470709998201
-4.125,2.25,0.00039357019667729634,19301631787531/49042412129994603
-4.125,2.375,0.00039361830405973392,19303991089607/49042412129994603
-4.125,2.5,0.00039366641144217149,6435450130561/16347470709998201
-4.125,2.625,0.00039371451882460912,19308709693759/49042412129994603
-4.125,2.75,0.0003937626262070467,19311068995835/49042412129994603
-4.125,2.875,0.00039381073358948432,6437809432637/16347470709998201
-4.125,3,0.0003938588409719219,19315787599987/49042412129994603
-4.125,3.125,0.00039390694835435953,19318146902063/49042412129994603
-4.125,3.25,0.0003939550557367971,6440168734713/16347470709998201
-4.125,3.375,0.00039400316311923473,19322865506215/49042412129994603
-4.125,3.5,0.0003940512705016723,19325224808291/49042412129994603
-4.125,3.625,0.00039409937788410993,6442528036789/16347470709998201
-4.125,3.75,0.00039414748526654751,19329943412443/49042412129994603
-4.125,3.875,0.00039419559264898513,19332302714519/49042412129994603
-4.125,4,0.00039424370003142271,6444887338865/16347470709998201
-4.125,4.125,0.00039429180741386028,19337021318671/49042412129994603
-4.125,4.25,0.00039433991479629791,19339380620747/49042412129994603
-4.125,4.375,0.00039438802217873548,6447246640941/16347470709998201
-4.125,4.5,0.00039443612956117311,19344099224899/49042412129994603
-4.125,4.625,0.00039448423694361069,19346458526975/49042412129994603
-4.125,4.75,0.00039453234432604832,6449605943017/16347470709998201
-4.125,4.875,0.00039458045170848589,19351177131127/49042412129994603
-4.125,5,0.00039462855909092352,19353536433203/49042412129994603
-4.125,5.125,0.00039467666647336109,6451965245093/16347470709998201
-4.125,5.25,0.00039472477385579872,19358255037355/49042412129994603
-4.125,5.375,0.00039477288123823629,19360614339431/49042412129994603
-4,-1,0.00039224082907231007,6412145464525/16347470709998201
-4,-0.875,0.00039228893645474764,19238795695651/49042412129994603
-4,-0.75,0.00039233704383718527,19241154997727/49042412129994603
-4,-0.625,0.00039238515121962285,6414504766601/16347470709998201
-4,-0.5,0.00039243325860206048,19245873601879/49042412129994603
-4,-0.375,0.00039248136598449805,19248232903955/49042412129994603
-4,-0.25,0.00039252947336693568,6416864068677/16347470709998201
-4,-0.125,0.00039257758074937325,19252951508107/49042412129994603
-4,0,0.00039262568813181088,19255310810183/49042412129994603
-4,0.125,0.00039267379551424845,6419223370753/16347470709998201
-4,0.25,0.00039272190289668603,19260029414335/49042412129994603
-4,0.375,0.00039277001027912366,19262388716411/49042412129994603
-4,0.5,0.00039281811766156123,6421582672829/16347470709998201
-4,0.625,0.00039286622504399886,19267107320563/49042412129994603
-4,0.75,0.00039291433242643643,19269466622639/49042412129994603
-4,0.875,0.00039296243980887406,6423941974905/16347470709998201
-4,1,0.00039301054719131164,19274185226791/49042412129994603
-4,1.125,0.00039305865457374927,19276544528867/49042412129994603
-4,1.25,0.00039310676195618684,6426301276981/16347470709998201
-4,1.375,0.00039315486933862447,19281263133019/49042412129994603
-4,1.5,0.00039320297672106204,19283622435095/49042412129994603
-4,1.625,0.00039325108410349962,6428660579057/16347470709998201
-4,1.75,0.00039329919148593724,19288341039247/49042412129994603
-4,1.875,0.00039334729886837482,19290700341323/49042412129994603
-4,2,0.00039339540625081245,6431019881133/16347470709998201
-4,2.125,0.00039344351363325002,19295418945475/49042412129994603
-4,2.25,0.00039349162101568765,19297778247551/49042412129994603
-4,2.375,0.00039353972839812522,6433379183209/16347470709998201
-4,2.5,0.00039358783578056285,19302496851703/49042412129994603
-4,2.625,0.00039363594316300043,19304856153779/49042412129994603
-4,2.75,0.00039368405054543805,6435738485285/16347470709998201
-4,2.875,0.00039373215792787563,19309574757931/49042412129994603
-4,3,0.00039378026531031326,19311934060007/49042412129994603
-4,3.125,0.00039382837269275083,6438097787361/16347470709998201
-4,3.25,0.00039387648007518841,19316652664159/49042412129994603
-4,3.375,0.00039392458745762603,19319011966235/49042412129994603
-4,3.5,0.00039397269484006361,6440457089437/16347470709998201
-4,3.625,0.00039402080222250124,19323730570387/49042412129994603
-4,3.75,0.00039406890960493881,19326089872463/49042412129994603
-4,3.875,0.00039411701698737644,6442816391513/16347470709998201
-4,4,0.00039416512436981401,244693778185/620790026961957
-4,4.125,0.00039421323175225164,19333167778691/49042412129994603
-4,4.25,0.00039426133913468922,6445175693589/16347470709998201
-4,4.375,0.00039430944651712684,19337886382843/49042412129994603
-4,4.5,0.00039435755389956442,19340245684919/49042412129994603
-4,4.625,0.00039440566128200205,6447534995665/16347470709998201
-4,4.75,0.00039445376866443962,19344964289071/49042412129994603
-4,4.875,0.00039450187604687719,19347323591147/49042412129994603
-4,5,0.00039454998342931482,6449894297741/16347470709998201
-4,5.125,0.0003945980908117524,19352042195299/49042412129994603
-4,5.25,0.00039464619819419003,19354401497375/49042412129994603
-3.875,-1.125,0.0003921141460282638,6410074517173/16347470709998201
-3.875,-1,0.00039216225341070138,19232582853595/49042412129994603
-3.875,-0.875,0.000392210360793139,19234942155671/49042412129994603
-3.875,-0.75,0.00039225846817557658,6412433819249/16347470709998201
-3.875,-0.625,0.00039230657555801415,19239660759823/49042412129994603
-3.875,-0.5,0.00039235468294045178,19242020061899/49042412129994603
-3.875,-0.375,0.00039240279032288936,6414793121325/16347470709998201
-3.875,-0.25,0.00039245089770532698,19246738666051/49042412129994603
-3.875,-0.125,0.00039249900508776456,19249097968127/49042412129994603
-3.875,0,0.00039254711247020219,6417152423401/16347470709998201
-3.875,0.125,0.00039259521985263976,19253816572279/49042412129994603
-3.875,0.25,0.00039264332723507739,19256175874355/49042412129994603
-3.875,0.375,0.00039269143461751496,6419511725477/16347470709998201
-3.875,0.5,0.00039273954199995259,19260894478507/49042412129994603
-3.875,0.625,0.00039278764938239017,19263253780583/49042412129994603
-3.875,0.75,0.00039283575676482774,6421871027553/16347470709998201
-3.875,0.875,0.00039288386414726537,19267972384735/49042412129994603
-3.875,1,0.00039293197152970294,19270331686811/49042412129994603
-3.875,1.125,0.00039298007891214057,6424230329629/16347470709998201
-3.875,1.25,0.00039302818629457814,19275050290963/49042412129994603
-3.875,1.375,0.00039307629367701577,19277409593039/49042412129994603
-3.875,1.5,0.00039312440105945335,6426589631705/16347470709998201
-3.875,1.625,0.00039317250844189098,19282128197191/49042412129994603
-3.875,1.75,0.00039322061582432855,19284487499267/49042412129994603
-3.875,1.875,0.00039326872320676618,6428948933781/16347470709998201
-3.875,2,0.00039331683058920375,19289206103419/49042412129994603
-3.875,2.125,0.00039336493797164138,19291565405495/49042412129994603
-3.875,2.25,0.00039341304535407895,6431308235857/16347470709998201
-3.875,2.375,0.00039346115273651653,19296284009647/49042412129994603
-3.875,2.5,0.00039350926011895416,19298643311723/49042412129994603
-3.875,2.625,0.00039355736750139173,6433667537933/16347470709998201
-3.875,2.75,0.00039360547488382936,19303361915875/49042412129994603
-3.875,2.875,0.00039365358226626693,19305721217951/49042412129994603
-3.875,3,0.00039370168964870456,6436026840009/16347470709998201
-3.875,3.125,0.00039374979703114214,19310439822103/49042412129994603
-3.875,3.25,0.00039379790441357976,19312799124179/49042412129994603
-3.875,3.375,0.00039384601179601734,6438386142085/16347470709998201
-3.875,3.5,0.00039389411917845497,19317517728331/49042412129994603
-3.875,3.625,0.00039394222656089254,19319877030407/49042412129994603
-3.875,3.75,0.00039399033394333017,6440745444161/16347470709998201
-3.875,3.875,0.00039403844132576774,19324595634559/49042412129994603
-3.875,4,0.00039408654870820532,19326954936635/49042412129994603
-3.875,4.125,0.00039413465609064295,6443104746237/16347470709998201
-3.875,4.25,0.00039418276347308052,19331673540787/49042412129994603
-3.875,4.375,0.00039423087085551815,19334032842863/49042412129994603
-3.875,4.5,0.00039427897823795572,6445464048313/16347470709998201
-3.875,4.625,0.00039432708562039335,19338751447015/49042412129994603
-3.875,4.75,0.00039437519300283093,19341110749091/49042412129994603
-3.875,4.875,0.00039442330038526855,6447823350389/16347470709998201
-3.875,5,0.00039447140776770613,19345829353243/49042412129994603
-3.875,5.125,0.00039451951515014376,19348188655319/49042412129994603
-3.75,-1.25,0.00039198746298421748,6408003569821/16347470709998201
-3.75,-1.125,0.00039203557036665511,19226370011539/49042412129994603
-3.75,-1,0.00039208367774909268,19228729313615/49042412129994603
-3.75,-0.875,0.00039213178513153031,6410362871897/16347470709998201
-3.75,-0.75,0.00039217989251396788,19233447917767/49042412129994603
-3.75,-0.625,0.00039222799989640551,19235807219843/49042412129994603
-3.75,-0.5,0.00039227610727884309,6412722173973/16347470709998201
-3.75,-0.375,0.00039232421466128071,19240525823995/49042412129994603
-3.75,-0.25,0.00039237232204371829,19242885126071/49042412129994603
-3.75,-0.125,0.00039242042942615592,6415081476049/16347470709998201
-3.75,0,0.00039246853680859349,19247603730223/49042412129994603
-3.75,0.125,0.00039251664419103107,19249963032299/49042412129994603
-3.75,0.25,0.00039256475157346869,6417440778125/16347470709998201
-3.75,0.375,0.00039261285895590627,19254681636451/49042412129994603
-3.75,0.5,0.0003926609663383439,19257040938527/49042412129994603
-3.75,0.625,0.00039270907372078147,6419800080201/16347470709998201
-3.75,0.75,0.0003927571811032191,19261759542679/49042412129994603
-3.75,0.875,0.00039280528848565667,19264118844755/49042412129994603
-3.75,1,0.0003928533958680943,6422159382277/16347470709998201
-3.75,1.125,0.00039290150325053188,19268837448907/49042412129994603
-3.75,1.25,0.0003929496106329695,19271196750983/49042412129994603
-3.75,1.375,0.00039299771801540708,6424518684353/16347470709998201
-3.75,1.5,0.00039304582539784465,19275915355135/49042412129994603
-3.75,1.625,0.00039309393278028228,19278274657211/49042412129994603
-3.75,1.75,0.00039314204016271985,6426877986429/16347470709998201
-3.75,1.875,0.00039319014754515748,19282993261363/49042412129994603
-3.75,2,0.00039323825492759506,19285352563439/49042412129994603
-3.75,2.125,0.00039328636231003269,6429237288505/16347470709998201
-3.75,2.25,0.00039333446969247026,19290071167591/49042412129994603
-3.75,2.375,0.00039338257707490789,19292430469667/49042412129994603
-3.75,2.5,0.00039343068445734546,6431596590581/16347470709998201
-3.75,2.625,0.00039347879183978309,19297149073819/49042412129994603
-3.75,2.75,0.00039352689922222066,19299508375895/49042412129994603
-3.75,2.875,0.00039357500660465829,6433955892657/16347470709998201
-3.75,3,0.00039362311398709587,19304226980047/49042412129994603
-3.75,3.125,0.00039367122136953344,19306586282123/49042412129994603
-3.75,3.25,0.00039371932875197107,6436315194733/16347470709998201
-3.75,3.375,0.00039376743613440864,19311304886275/49042412129994603
-3.75,3.5,0.00039381554351684627,19313664188351/49042412129994603
-3.75,3.625,0.00039386365089928385,6438674496809/16347470709998201
-3.75,3.75,0.00039391175828172147,19318382792503/49042412129994603
-3.75,3.875,0.00039395986566415905,19320742094579/49042412129994603
-3.75,4,0.00039400797304659668,6441033798885/16347470709998201
-3.75,4.125,0.00039405608042903425,19325460698731/49042412129994603
-3.75,4.25,0.00039410418781147188,19327820000807/49042412129994603
-3.75,4.375,0.00039415229519390945,6443393100961/16347470709998201
-3.75,4.5,0.00039420040257634708,19332538604959/49042412129994603
-3.75,4.625,0.00039424850995878466,19334897907035/49042412129994603
-3.75,4.75,0.00039429661734122223,6445752403037/16347470709998201
-3.75,4.875,0.00039434472472365986,19339616511187/49042412129994603
-3.75,5,0.00039439283210609743,19341975813263/49042412129994603
-3.625,-1.375,0.00039186077994017121,6405932622469/16347470709998201
-3.625,-1.25,0.00039190888732260884,19220157169483/49042412129994603
-3.625,-1.125,0.00039195699470504641,19222516471559/49042412129994603
-3.625,-1,0.00039200510208748404,6408291924545/16347470709998201
-3.625,-0.875,0.00039205320946992161,19227235075711/49042412129994603
-3.625,-0.75,0.00039210131685235919,19229594377787/49042412129994603
-3.625,-0.625,0.00039214942423479682,6410651226621/16347470709998201
-3.625,-0.5,0.00039219753161723439,19234312981939/49042412129994603
-3.625,-0.375,0.00039224563899967202,19236672284015/49042412129994603
-3.625,-0.25,0.00039229374638210959,6413010528697/16347470709998201
-3.625,-0.125,0.00039234185376454722,19241390888167/49042412129994603
-3.625,0,0.0003923899611469848,19243750190243/49042412129994603
-3.625,0.125,0.00039243806852942242,6415369830773/16347470709998201
-3.625,0.25,0.00039248617591186,19248468794395/49042412129994603
-3.625,0.375,0.00039253428329429763,19250828096471/49042412129994603
-3.625,0.5,0.0003925823906767352,81237077631/206930008987319
-3.625,0.625,0.00039263049805917278,19255546700623/49042412129994603
-3.625,0.75,0.0003926786054416104,19257906002699/49042412129994603
-3.625,0.875,0.00039272671282404798,6420088434925/16347470709998201
-3.625,1,0.00039277482020648561,19262624606851/49042412129994603
-3.625,1.125,0.00039282292758892318,19264983908927/49042412129994603
-3.625,1.25,0.00039287103497136081,6422447737001/16347470709998201
-3.625,1.375,0.00039291914235379838,19269702513079/49042412129994603
-3.625,1.5,0.00039296724973623601,19272061815155/49042412129994603
-3.625,1.625,0.00039301535711867359,6424807039077/16347470709998201
-3.625,1.75,0.00039306346450111121,19276780419307/49042412129994603
-3.625,1.875,0.00039311157188354879,19279139721383/49042412129994603
-3.625,2,0.00039315967926598642,6427166341153/16347470709998201
-3.625,2.125,0.00039320778664842399,19283858325535/49042412129994603
-3.625,2.25,0.00039325589403086156,19286217627611/49042412129994603
-3.625,2.375,0.00039330400141329919,6429525643229/16347470709998201
-3.625,2.5,0.00039335210879573677,19290936231763/49042412129994603
-3.625,2.625,0.0003934002161781744,19293295533839/49042412129994603
-3.625,2.75,0.00039344832356061197,6431884945305/16347470709998201
-3.625,2.875,0.0003934964309430496,19298014137991/49042412129994603
-3.625,3,0.00039354453832548717,19300373440067/49042412129994603
-3.625,3.125,0.0003935926457079248,6434244247381/16347470709998201
-3.625,3.25,0.00039364075309036237,19305092044219/49042412129994603
-3.625,3.375,0.0003936888604728,19307451346295/49042412129994603
-3.625,3.5,0.00039373696785523758,6436603549457/16347470709998201
-3.625,3.625,0.00039378507523767521,19312169950447/49042412129994603
-3.625,3.75,0.00039383318262011278,19314529252523/49042412129994603
-3.625,3.875,0.00039388129000255035,6438962851533/16347470709998201
-3.625,4,0.00039392939738498798,19319247856675/49042412129994603
-3.625,4.125,0.00039397750476742556,19321607158751/49042412129994603
-3.625,4.25,0.00039402561214986318,6441322153609/16347470709998201
-3.625,4.375,0.00039407371953230076,19326325762903/49042412129994603
-3.625,4.5,0.00039412182691473839,19328685064979/49042412129994603
-3.625,4.625,0.00039416993429717596,6443681455685/16347470709998201
-3.625,4.75,0.00039421804167961359,19333403669131/49042412129994603
-3.625,4.875,0.00039426614906205116,19335762971207/49042412129994603
-3.625,5,0.00039431425644448879,6446040757761/16347470709998201
-3.5,-1.5,0.00039173409689612494,6403861675117/16347470709998201
-3.5,-1.375,0.00039178220427856251,19213944327427/49042412129994603
-3.5,-1.25,0.00039183031166100014,19216303629503/49042412129994603
-3.5,-1.125,0.00039187841904343772,6406220977193/16347470709998201
-3.5,-1,0.00039192652642587535,19221022233655/49042412129994603
-3.5,-0.875,0.00039197463380831292,19223381535731/49042412129994603
-3.5,-0.75,0.00039202274119075055,6408580279269/16347470709998201
-3.5,-0.625,0.00039207084857318812,19228100139883/49042412129994603
-3.5,-0.5,0.00039211895595562575,19230459441959/49042412129994603
-3.5,-0.375,0.00039216706333806332,6410939581345/16347470709998201
-3.5,-0.25,0.00039221517072050095,19235178046111/49042412129994603
-3.5,-0.125,0.00039226327810293853,19237537348187/49042412129994603
-3.5,0,0.0003923113854853761,6413298883421/16347470709998201
-3.5,0.125,0.00039235949286781373,19242255952339/49042412129994603
-3.5,0.25,0.0003924076002502513,19244615254415/49042412129994603
-3.5,0.375,0.00039245570763268893,6415658185497/16347470709998201
-3.5,0.5,0.00039250381501512651,19249333858567/49042412129994603
-3.5,0.625,0.00039255192239756413,19251693160643/49042412129994603
-3.5,0.75,0.00039260002978000171,6418017487573/16347470709998201
-3.5,0.875,0.00039264813716243934,19256411764795/49042412129994603
-3.5,1,0.00039269624454487691,19258771066871/49042412129994603
-3.5,1.125,0.00039274435192731454,6420376789649/16347470709998201
-3.5,1.25,0.00039279245930975211,19263489671023/49042412129994603
-3.5,1.375,0.00039284056669218969,19265848973099/49042412129994603
-3.5,1.5,0.00039288867407462732,6422736091725/16347470709998201
-3.5,1.625,0.00039293678145706489,19270567577251/49042412129994603
-3.5,1.75,0.00039298488883950252,19272926879327/49042412129994603
-3.5,1.875,0.00039303299622194009,6425095393801/16347470709998201
-3.5,2,0.00039308110360437772,19277645483479/49042412129994603
-3.5,2.125,0.0003931292109868153,19280004785555/49042412129994603
-3.5,2.25,0.00039317731836925292,6427454695877/16347470709998201
-3.5,2.375,0.0003932254257516905,19284723389707/49042412129994603
-3.5,2.5,0.00039327353313412813,19287082691783/49042412129994603
-3.5,2.625,0.0003933216405165657,81390050607/206930008987319
-3.5,2.75,0.00039336974789900333,19291801295935/49042412129994603
-3.5,2.875,0.0003934178552814409,19294160598011/49042412129994603
-3.5,3,0.00039346596266387848,6432173300029/16347470709998201
-3.5,3.125,0.00039351407004631611,19298879202163/49042412129994603
-3.5,3.25,0.00039356217742875368,19301238504239/49042412129994603
-3.5,3.375,0.00039361028481119131,6434532602105/16347470709998201
-3.5,3.5,0.00039365839219362888,19305957108391/49042412129994603
-3.5,3.625,0.00039370649957606651,19308316410467/49042412129994603
-3.5,3.75,0.00039375460695850408,6436891904181/16347470709998201
-3.5,3.875,0.00039380271434094171,19313035014619/49042412129994603
-3.5,4,0.00039385082172337929,19315394316695/49042412129994603
-3.5,4.125,0.00039389892910581692,6439251206257/16347470709998201
-3.5,4.25,0.00039394703648825449,19320112920847/49042412129994603
-3.5,4.375,0.00039399514387069212,19322472222923/49042412129994603
-3.5,4.5,0.00039404325125312969,6441610508333/16347470709998201
-3.5,4.625,0.00039409135863556727,19327190827075/49042412129994603
-3.5,4.75,0.00039413946601800489,19329550129151/49042412129994603
-3.5,4.875,0.00039418757340044247,6443969810409/16347470709998201
-3.375,-1.625,0.00039160741385207867,6401790727765/16347470709998201
-3.375,-1.5,0.00039165552123451625,19207731485371/49042412129994603
-3.375,-1.375,0.00039170362861695387,19210090787447/49042412129994603
-3.375,-1.25,0.00039175173599939145,6404150029841/16347470709998201
-3.375,-1.125,0.00039179984338182908,19214809391599/49042412129994603
-3.375,-1,0.00039184795076426665,19217168693675/49042412129994603
-3.375,-0.875,0.00039189605814670422,6406509331917/16347470709998201
-3.375,-0.75,0.00039194416552914185,19221887297827/49042412129994603
-3.375,-0.625,0.00039199227291157943,19224246599903/49042412129994603
-3.375,-0.5,0.00039204038029401706,6408868633993/16347470709998201
-3.375,-0.375,0.00039208848767645463,19228965204055/49042412129994603
-3.375,-0.25,0.00039213659505889226,19231324506131/49042412129994603
-3.375,-0.125,0.00039218470244132983,6411227936069/16347470709998201
-3.375,0,0.00039223280982376746,19236043110283/49042412129994603
-3.375,0.125,0.00039228091720620503,19238402412359/49042412129994603
-3.375,0.25,0.00039232902458864266,6413587238145/16347470709998201
-3.375,0.375,0.00039237713197108024,19243121016511/49042412129994603
-3.375,0.5,0.00039242523935351781,19245480318587/49042412129994603
-3.375,0.625,0.00039247334673595544,6415946540221/16347470709998201
-3.375,0.75,0.00039252145411839301,19250198922739/49042412129994603
-3.375,0.875,0.00039256956150083064,19252558224815/49042412129994603
-3.375,1,0.00039261766888326822,6418305842297/16347470709998201
-3.375,1.125,0.00039266577626570584,19257276828967/49042412129994603
-3.375,1.25,0.00039271388364814342,19259636131043/49042412129994603
-3.375,1.375,0.00039276199103058105,6420665144373/16347470709998201
-3.375,1.5,0.00039281009841301862,19264354735195/49042412129994603
-3.375,1.625,0.00039285820579545625,19266714037271/49042412129994603
-3.375,1.75,0.00039290631317789382,6423024446449/16347470709998201
-3.375,1.875,0.00039295442056033145,19271432641423/49042412129994603
-3.375,2,0.00039300252794276903,19273791943499/49042412129994603
-3.375,2.125,0.0003930506353252066,6425383748525/16347470709998201
-3.375,2.25,0.00039309874270764423,19278510547651/49042412129994603
-3.375,2.375,0.0003931468500900818,19280869849727/49042412129994603
-3.375,2.5,0.00039319495747251943,6427743050601/16347470709998201
-3.375,2.625,0.00039324306485495701,19285588453879/49042412129994603
-3.375,2.75,0.00039329117223739463,19287947755955/49042412129994603
-3.375,2.875,0.00039333927961983221,6430102352677/16347470709998201
-3.375,3,0.00039338738700226984,19292666360107/49042412129994603
-3.375,3.125,0.00039343549438470741,19295025662183/49042412129994603
-3.375,3.25,0.00039348360176714504,6432461654753/16347470709998201
-3.375,3.375,0.00039353170914958261,19299744266335/49042412129994603
-3.375,3.5,0.00039357981653202024,19302103568411/49042412129994603
-3.375,3.625,0.00039362792391445782,6434820956829/16347470709998201
-3.375,3.75,0.00039367603129689539,19306822172563/49042412129994603
-3.375,3.875,0.00039372413867933302,19309181474639/49042412129994603
-3.375,4,0.00039377224606177059,6437180258905/16347470709998201
-3.375,4.125,0.00039382035344420822,19313900078791/49042412129994603
-3.375,4.25,0.00039386846082664579,19316259380867/49042412129994603
-3.375,4.375,0.00039391656820908342,6439539560981/16347470709998201
-3.375,4.5,0.000393964675591521,19320977985019/49042412129994603
-3.375,4.625,0.00039401278297395863,19323337287095/49042412129994603
-3.375,4.75,0.0003940608903563962,81543023583/206930008987319
-3.25,-1.75,0.00039148073080803235,6399719780413/16347470709998201
-3.25,-1.625,0.00039152883819046998,19201518643315/49042412129994603
-3.25,-1.5,0.00039157694557290755,19203877945391/49042412129994603
-3.25,-1.375,0.00039162505295534518,6402079082489/16347470709998201
-3.25,-1.25,0.00039167316033778275,19208596549543/49042412129994603
-3.25,-1.125,0.00039172126772022038,19210955851619/49042412129994603
-3.25,-1,0.00039176937510265796,6404438384565/16347470709998201
-3.25,-0.875,0.00039181748248509558,19215674455771/49042412129994603
-3.25,-0.75,0.00039186558986753316,19218033757847/49042412129994603
-3.25,-0.625,0.00039191369724997079,6406797686641/16347470709998201
-3.25,-0.5,0.00039196180463240836,19222752361999/49042412129994603
-3.25,-0.375,0.00039200991201484599,19225111664075/49042412129994603
-3.25,-0.25,0.00039205801939728356,6409156988717/16347470709998201
-3.25,-0.125,0.00039210612677972114,19229830268227/49042412129994603
-3.25,0,0.00039215423416215877,19232189570303/49042412129994603
-3.25,0.125,0.00039220234154459634,6411516290793/16347470709998201
-3.25,0.25,0.00039225044892703397,19236908174455/49042412129994603
-3.25,0.375,0.00039229855630947154,19239267476531/49042412129994603
-3.25,0.5,0.00039234666369190917,6413875592869/16347470709998201
-3.25,0.625,0.00039239477107434674,19243986080683/49042412129994603
-3.25,0.75,0.00039244287845678437,19246345382759/49042412129994603
-3.25,0.875,0.00039249098583922195,6416234894945/16347470709998201
-3.25,1,0.00039253909322165958,19251063986911/49042412129994603
-3.25,1.125,0.00039258720060409715,19253423288987/49042412129994603
-3.25,1.25,0.00039263530798653472,6418594197021/16347470709998201
-3.25,1.375,0.00039268341536897235,19258141893139/49042412129994603
-3.25,1.5,0.00039273152275140993,19260501195215/49042412129994603
-3.25,1.625,0.00039277963013384755,6420953499097/16347470709998201
-3.25,1.75,0.00039282773751628513,19265219799367/49042412129994603
-3.25,1.875,0.00039287584489872276,19267579101443/49042412129994603
-3.25,2,0.00039292395228116033,6423312801173/16347470709998201
-3.25,2.125,0.00039297205966359796,19272297705595/49042412129994603
-3.25,2.25,0.00039302016704603553,19274657007671/49042412129994603
-3.25,2.375,0.00039306827442847316,6425672103249/16347470709998201
-3.25,2.5,0.00039311638181091074,19279375611823/49042412129994603
-3.25,2.625,0.00039316448919334836,19281734913899/49042412129994603
-3.25,2.75,0.00039321259657578594,6428031405325/16347470709998201
-3.25,2.875,0.00039326070395822351,19286453518051/49042412129994603
-3.25,3,0.00039330881134066114,19288812820127/49042412129994603
-3.25,3.125,0.00039335691872309872,6430390707401/16347470709998201
-3.25,3.25,0.00039340502610553634,19293531424279/49042412129994603
-3.25,3.375,0.00039345313348797392,19295890726355/49042412129994603
-3.25,3.5,0.00039350124087041155,6432750009477/16347470709998201
-3.25,3.625,0.00039354934825284912,19300609330507/49042412129994603
-3.25,3.75,0.00039359745563528675,19302968632583/49042412129994603
-3.25,3.875,0.00039364556301772432,6435109311553/16347470709998201
-3.25,4,0.00039369367040016195,19307687236735/49042412129994603
-3.25,4.125,0.00039374177778259953,19310046538811/49042412129994603
-3.25,4.25,0.00039378988516503715,6437468613629/16347470709998201
-3.25,4.375,0.00039383799254747473,19314765142963/49042412129994603
-3.25,4.5,0.0003938860999299123,19317124445039/49042412129994603
-3.25,4.625,0.00039393420731234993,6439827915705/16347470709998201
-3.25,4.75,0.00039398231469478751,19321843049191/49042412129994603
-3.125,-1.875,0.00039135404776398608,6397648833061/16347470709998201
-3.125,-1.75,0.00039140215514642371,19195305801259/49042412129994603
-3.125,-1.625,0.00039145026252886128,19197665103335/49042412129994603
-3.125,-1.5,0.00039149836991129891,6400008135137/16347470709998201
-3.125,-1.375,0.00039154647729373648,19202383707487/49042412129994603
-3.125,-1.25,0.00039159458467617411,19204743009563/49042412129994603
-3.125,-1.125,0.00039164269205861169,6402367437213/16347470709998201
-3.125,-1,0.00039169079944104926,19209461613715/49042412129994603
-3.125,-0.875,0.00039173890682348689,243187606529/620790026961957
-3.125,-0.75,0.00039178701420592446,6404726739289/16347470709998201
-3.125,-0.625,0.00039183512158836209,19216539519943/49042412129994603
-3.125,-0.5,0.00039188322897079967,19218898822019/49042412129994603
-3.125,-0.375,0.00039193133635323729,6407086041365/16347470709998201
-3.125,-0.25,0.00039197944373567487,19223617426171/49042412129994603
-3.125,-0.125,0.0003920275511181125,19225976728247/49042412129994603
-3.125,0,0.00039207565850055007,6409445343441/16347470709998201
-3.125,0.125,0.0003921237658829877,19230695332399/49042412129994603
-3.125,0.25,0.00039217187326542527,19233054634475/49042412129994603
-3.125,0.375,0.00039221998064786285,6411804645517/16347470709998201
-3.125,0.5,0.00039226808803030048,19237773238627/49042412129994603
-3.125,0.625,0.00039231619541273805,19240132540703/49042412129994603
-3.125,0.75,0.00039236430279517568,6414163947593/16347470709998201
-3.125,0.875,0.00039241241017761325,19244851144855/49042412129994603
-3.125,1,0.00039246051756005088,19247210446931/49042412129994603
-3.125,1.125,0.00039250862494248845,6416523249669/16347470709998201
-3.125,1.25,0.00039255673232492608,19251929051083/49042412129994603
-3.125,1.375,0.00039260483970736366,19254288353159/49042412129994603
-3.125,1.5,0.00039265294708980129,6418882551745/16347470709998201
-3.125,1.625,0.00039270105447223886,19259006957311/49042412129994603
-3.125,1.75,0.00039274916185467649,19261366259387/49042412129994603
-3.125,1.875,0.00039279726923711406,6421241853821/16347470709998201
-3.125,2,0.00039284537661955164,19266084863539/49042412129994603
-3.125,2.125,0.00039289348400198926,19268444165615/49042412129994603
-3.125,2.25,0.00039294159138442684,6423601155897/16347470709998201
-3.125,2.375,0.00039298969876686447,19273162769767/49042412129994603
-3.125,2.5,0.00039303780614930204,19275522071843/49042412129994603
-3.125,2.625,0.00039308591353173967,6425960457973/16347470709998201
-3.125,2.75,0.00039313402091417724,19280240675995/49042412129994603
-3.125,2.875,0.00039318212829661487,19282599978071/49042412129994603
-3.125,3,0.00039323023567905245,6428319760049/16347470709998201
-3.125,3.125,0.00039327834306149008,19287318582223/49042412129994603
-3.125,3.25,0.00039332645044392765,19289677884299/49042412129994603
-3.125,3.375,0.00039337455782636528,3952476375/10047615679163
-3.125,3.5,0.00039342266520880285,19294396488451/49042412129994603
-3.125,3.625,0.00039347077259124043,19296755790527/49042412129994603
-3.125,3.75,0.00039351887997367805,6433038364201/16347470709998201
-3.125,3.875,0.00039356698735611563,19301474394679/49042412129994603
-3.125,4,0.00039361509473855326,19303833696755/49042412129994603
-3.125,4.125,0.00039366320212099083,6435397666277/16347470709998201
-3.125,4.25,0.00039371130950342846,19308552300907/49042412129994603
-3.125,4.375,0.00039375941688586603,19310911602983/49042412129994603
-3.125,4.5,0.00039380752426830366,6437756968353/16347470709998201
-3.125,4.625,0.00039385563165074124,19315630207135/49042412129994603
-3,-2,0.00039122736471993981,6395577885709/16347470709998201
-3,-1.875,0.00039127547210237738,19189092959203/49042412129994603
-3,-1.75,0.00039132357948481501,19191452261279/49042412129994603
-3,-1.625,0.00039137168686725259,6397937187785/16347470709998201
-3,-1.5,0.00039141979424969021,19196170865431/49042412129994603
-3,-1.375,0.00039146790163212779,19198530167507/49042412129994603
-3,-1.25,0.00039151600901456542,6400296489861/16347470709998201
-3,-1.125,0.00039156411639700299,19203248771659/49042412129994603
-3,-1,0.00039161222377944062,19205608073735/49042412129994603
-3,-0.875,0.00039166033116187819,6402655791937/16347470709998201
-3,-0.75,0.00039170843854431582,19210326677887/49042412129994603
-3,-0.625,0.0003917565459267534,19212685979963/49042412129994603
-3,-0.5,0.00039180465330919102,6405015094013/16347470709998201
-3,-0.375,0.0003918527606916286,19217404584115/49042412129994603
-3,-0.25,0.00039190086807406617,19219763886191/49042412129994603
-3,-0.125,0.0003919489754565038,6407374396089/16347470709998201
-3,0,0.00039199708283894138,19224482490343/49042412129994603
-3,0.125,0.000392045190221379,19226841792419/49042412129994603
-3,0.25,0.00039209329760381658,6409733698165/16347470709998201
-3,0.375,0.00039214140498625421,19231560396571/49042412129994603
-3,0.5,0.00039218951236869178,19233919698647/49042412129994603
-3,0.625,0.00039223761975112941,6412093000241/16347470709998201
-3,0.75,0.00039228572713356698,19238638302799/49042412129994603
-3,0.875,0.00039233383451600461,19240997604875/49042412129994603
-3,1,0.00039238194189844219,6414452302317/16347470709998201
-3,1.125,0.00039243004928087976,19245716209027/49042412129994603
-3,1.25,0.00039247815666331739,243646525457/620790026961957
-3,1.375,0.00039252626404575496,6416811604393/16347470709998201
-3,1.5,0.00039257437142819259,19252794115255/49042412129994603
-3,1.625,0.00039262247881063017,19255153417331/49042412129994603
-3,1.75,0.00039267058619306779,6419170906469/16347470709998201
-3,1.875,0.00039271869357550537,19259872021483/49042412129994603
-3,2,0.000392766800957943,19262231323559/49042412129994603
-3,2.125,0.00039281490834038057,6421530208545/16347470709998201
-3,2.25,0.0003928630157228182,19266949927711/49042412129994603
-3,2.375,0.00039291112310525577,19269309229787/49042412129994603
-3,2.5,0.0003929592304876934,6423889510621/16347470709998201
-3,2.625,0.00039300733787013098,19274027833939/49042412129994603
-3,2.75,0.00039305544525256855,19276387136015/49042412129994603
-3,2.875,0.00039310355263500618,6426248812697/16347470709998201
-3,3,0.00039315166001744375,19281105740167/49042412129994603
-3,3.125,0.00039319976739988138,19283465042243/49042412129994603
-3,3.25,0.00039324787478231895,6428608114773/16347470709998201
-3,3.375,0.00039329598216475658,19288183646395/49042412129994603
-3,3.5,0.00039334408954719416,19290542948471/49042412129994603
-3,3.625,0.00039339219692963179,6430967416849/16347470709998201
-3,3.75,0.00039344030431206936,19295261552623/49042412129994603
-3,3.875,0.00039348841169450699,19297620854699/49042412129994603
-3,4,0.00039353651907694456,6433326718925/16347470709998201
-3,4.125,0.00039358462645938219,19302339458851/49042412129994603
-3,4.25,0.00039363273384181976,19304698760927/49042412129994603
-3,4.375,0.00039368084122425734,6435686021001/16347470709998201
-3,4.5,0.00039372894860669497,19309417365079/49042412129994603
-2.875,-2,0.00039114878905833111,19182880117147/49042412129994603
-2.875,-1.875,0.00039119689644076874,19185239419223/49042412129994603
-2.875,-1.75,0.00039124500382320632,6395866240433/16347470709998201
-2.875,-1.625,0.00039129311120564395,19189958023375/49042412129994603
-2.875,-1.5,0.00039134121858808152,19192317325451/49042412129994603
-2.875,-1.375,0.00039138932597051915,6398225542509/16347470709998201
-2.875,-1.25,0.00039143743335295672,19197035929603/49042412129994603
-2.875,-1.125,0.0003914855407353943,19199395231679/49042412129994603
-2.875,-1,0.00039153364811783192,6400584844585/16347470709998201
-2.875,-0.875,0.0003915817555002695,19204113835831/49042412129994603
-2.875,-0.75,0.00039162986288270713,19206473137907/49042412129994603
-2.875,-0.625,0.0003916779702651447,6402944146661/16347470709998201
-2.875,-0.5,0.00039172607764758233,19211191742059/49042412129994603
-2.875,-0.375,0.0003917741850300199,19213551044135/49042412129994603
-2.875,-0.25,0.00039182229241245753,6405303448737/16347470709998201
-2.875,-0.125,0.00039187039979489511,19218269648287/49042412129994603
-2.875,0,0.00039191850717733274,19220628950363/49042412129994603
-2.875,0.125,0.00039196661455977031,6407662750813/16347470709998201
-2.875,0.25,0.00039201472194220788,19225347554515/49042412129994603
-2.875,0.375,0.00039206282932464551,19227706856591/49042412129994603
-2.875,0.5,0.00039211093670708309,6410022052889/16347470709998201
-2.875,0.625,0.00039215904408952071,19232425460743/49042412129994603
-2.875,0.75,0.00039220715147195829,19234784762819/49042412129994603
-2.875,0.875,0.00039225525885439592,6412381354965/16347470709998201
-2.875,1,0.00039230336623683349,19239503366971/49042412129994603
-2.875,1.125,0.00039235147361927112,19241862669047/49042412129994603
-2.875,1.25,0.00039239958100170869,6414740657041/16347470709998201
-2.875,1.375,0.00039244768838414632,19246581273199/49042412129994603
-2.875,1.5,0.0003924957957665839,19248940575275/49042412129994603
-2.875,1.625,0.00039254390314902152,6417099959117/16347470709998201
-2.875,1.75,0.0003925920105314591,19253659179427/49042412129994603
-2.875,1.875,0.00039264011791389667,19256018481503/49042412129994603
-2.875,2,0.0003926882252963343,6419459261193/16347470709998201
-2.875,2.125,0.00039273633267877188,19260737085655/49042412129994603
-2.875,2.25,0.0003927844400612095,19263096387731/49042412129994603
-2.875,2.375,0.00039283254744364708,6421818563269/16347470709998201
-2.875,2.5,0.00039288065482608471,19267814991883/49042412129994603
-2.875,2.625,0.00039292876220852228,19270174293959/49042412129994603
-2.875,2.75,0.00039297686959095991,6424177865345/16347470709998201
-2.875,2.875,0.00039302497697339748,19274892898111/49042412129994603
-2.875,3,0.00039307308435583511,19277252200187/49042412129994603
-2.875,3.125,0.00039312119173827269,6426537167421/16347470709998201
-2.875,3.25,0.00039316929912071031,19281970804339/49042412129994603
-2.875,3.375,0.00039321740650314789,244105444385/620790026961957
-2.875,3.5,0.00039326551388558546,6428896469497/16347470709998201
-2.875,3.625,0.00039331362126802309,19289048710567/49042412129994603
-2.875,3.75,0.00039336172865046066,19291408012643/49042412129994603
-2.875,3.875,0.00039340983603289829,6431255771573/16347470709998201
-2.875,4,0.00039345794341533587,19296126616795/49042412129994603
-2.875,4.125,0.0003935060507977735,19298485918871/49042412129994603
-2.875,4.25,0.00039355415818021107,6433615073649/16347470709998201
-2.875,4.375,0.0003936022655626487,19303204523023/49042412129994603
-2.75,-2,0.00039107021339672242,19179026577167/49042412129994603
-2.75,-1.875,0.00039111832077916005,6393795293081/16347470709998201
-2.75,-1.75,0.00039116642816159762,19183745181319/49042412129994603
-2.75,-1.625,0.00039121453554403525,19186104483395/49042412129994603
-2.75,-1.5,0.00039126264292647283,6396154595157/16347470709998201
-2.75,-1.375,0.00039131075030891045,19190823087547/49042412129994603
-2.75,-1.25,0.00039135885769134803,19193182389623/49042412129994603
-2.75,-1.125,0.00039140696507378566,6398513897233/16347470709998201
-2.75,-1,0.00039145507245622323,19197900993775/49042412129994603
-2.75,-0.875,0.00039150317983866086,19200260295851/49042412129994603
-2.75,-0.75,0.00039155128722109843,6400873199309/16347470709998201
-2.75,-0.625,0.00039159939460353606,19204978900003/49042412129994603
-2.75,-0.5,0.00039164750198597364,19207338202079/49042412129994603
-2.75,-0.375,0.00039169560936841121,6403232501385/16347470709998201
-2.75,-0.25,0.00039174371675084884,19212056806231/49042412129994603
-2.75,-0.125,0.00039179182413328641,19214416108307/49042412129994603
-2.75,0,0.00039183993151572404,6405591803461/16347470709998201
-2.75,0.125,0.00039188803889816161,19219134712459/49042412129994603
-2.75,0.25,0.00039193614628059924,19221494014535/49042412129994603
-2.75,0.375,0.00039198425366303682,6407951105537/16347470709998201
-2.75,0.5,0.00039203236104547445,19226212618687/49042412129994603
-2.75,0.625,0.00039208046842791202,19228571920763/49042412129994603
-2.75,0.75,0.00039212857581034965,6410310407613/16347470709998201
-2.75,0.875,0.00039217668319278722,19233290524915/49042412129994603
-2.75,1,0.0003922247905752248,19235649826991/49042412129994603
-2.75,1.125,0.00039227289795766242,6412669709689/16347470709998201
-2.75,1.25,0.0003923210053401,19240368431143/49042412129994603
-2.75,1.375,0.00039236911272253763,19242727733219/49042412129994603
-2.75,1.5,0.0003924172201049752,6415029011765/16347470709998201
-2.75,1.625,0.00039246532748741283,19247446337371/49042412129994603
-2.75,1.75,0.0003925134348698504,19249805639447/49042412129994603
-2.75,1.875,0.00039256154225228803,6417388313841/16347470709998201
-2.75,2,0.00039260964963472561,19254524243599/49042412129994603
-2.75,2.125,0.00039265775701716323,19256883545675/49042412129994603
-2.75,2.25,0.00039270586439960081,6419747615917/16347470709998201
-2.75,2.375,0.00039275397178203844,19261602149827/49042412129994603
-2.75,2.5,0.00039280207916447601,19263961451903/49042412129994603
-2.75,2.625,0.00039285018654691359,6422106917993/16347470709998201
-2.75,2.75,0.00039289829392935121,19268680056055/49042412129994603
-2.75,2.875,0.00039294640131178879,19271039358131/49042412129994603
-2.75,3,0.00039299450869422642,6424466220069/16347470709998201
-2.75,3.125,0.00039304261607666399,19275757962283/49042412129994603
-2.75,3.25,0.00039309072345910162,19278117264359/49042412129994603
-2.75,3.375,0.00039313883084153919,6426825522145/16347470709998201
-2.75,3.5,0.00039318693822397682,19282835868511/49042412129994603
-2.75,3.625,0.0003932350456064144,19285195170587/49042412129994603
-2.75,3.75,0.00039328315298885202,6429184824221/16347470709998201
-2.75,3.875,0.0003933312603712896,19289913774739/49042412129994603
-2.75,4,0.00039337936775372723,19292273076815/49042412129994603
-2.75,4.125,0.0003934274751361648,6431544126297/16347470709998201
-2.75,4.25,0.00039347558251860237,19296991680967/49042412129994603
-2.75,4.375,0.00039352368990104,19299350983043/49042412129994603
-2.625,-2,0.00039099163773511378,6391724345729/16347470709998201
-2.625,-1.875,0.00039103974511755135,19177532339263/49042412129994603
-2.625,-1.75,0.00039108785249998898,19179891641339/49042412129994603
-2.625,-1.625,0.00039113595988242656,6394083647805/16347470709998201
-2.625,-1.5,0.00039118406726486418,19184610245491/49042412129994603
-2.625,-1.375,0.00039123217464730176,19186969547567/49042412129994603
-2.625,-1.25,0.00039128028202973933,6396442949881/16347470709998201
-2.625,-1.125,0.00039132838941217696,19191688151719/49042412129994603
-2.625,-1,0.00039137649679461454,19194047453795/49042412129994603
-2.625,-0.875,0.00039142460417705216,6398802251957/16347470709998201
-2.625,-0.75,0.00039147271155948974,19198766057947/49042412129994603
-2.625,-0.625,0.00039152081894192737,19201125360023/49042412129994603
-2.625,-0.5,0.00039156892632436494,6401161554033/16347470709998201
-2.625,-0.375,0.00039161703370680257,19205843964175/49042412129994603
-2.625,-0.25,0.00039166514108924014,19208203266251/49042412129994603
-2.625,-0.125,0.00039171324847167777,6403520856109/16347470709998201
-2.625,0,0.00039176135585411535,19212921870403/49042412129994603
-2.625,0.125,0.00039180946323655292,19215281172479/49042412129994603
-2.625,0.25,0.00039185757061899055,6405880158185/16347470709998201
-2.625,0.375,0.00039190567800142812,19219999776631/49042412129994603
-2.625,0.5,0.00039195378538386575,19222359078707/49042412129994603
-2.625,0.625,0.00039200189276630332,6408239460261/16347470709998201
-2.625,0.75,0.00039205000014874095,19227077682859/49042412129994603
-2.625,0.875,0.00039209810753117853,19229436984935/49042412129994603
-2.625,1,0.00039214621491361616,6410598762337/16347470709998201
-2.625,1.125,0.00039219432229605373,19234155589087/49042412129994603
-2.625,1.25,0.00039224242967849136,19236514891163/49042412129994603
-2.625,1.375,0.00039229053706092893,6412958064413/16347470709998201
-2.625,1.5,0.00039233864444336656,19241233495315/49042412129994603
-2.625,1.625,0.00039238675182580413,19243592797391/49042412129994603
-2.625,1.75,0.00039243485920824171,6415317366489/16347470709998201
-2.625,1.875,0.00039248296659067934,19248311401543/49042412129994603
-2.625,2,0.00039253107397311691,19250670703619/49042412129994603
-2.625,2.125,0.00039257918135555454,6417676668565/16347470709998201
-2.625,2.25,0.00039262728873799211,19255389307771/49042412129994603
-2.625,2.375,0.00039267539612042974,19257748609847/49042412129994603
-2.625,2.5,0.00039272350350286732,6420035970641/16347470709998201
-2.625,2.625,0.00039277161088530494,19262467213999/49042412129994603
-2.625,2.75,0.00039281971826774252,19264826516075/49042412129994603
-2.625,2.875,0.00039286782565018015,6422395272717/16347470709998201
-2.625,3,0.00039291593303261772,19269545120227/49042412129994603
-2.625,3.125,0.00039296404041505535,19271904422303/49042412129994603
-2.625,3.25,0.00039301214779749292,6424754574793/16347470709998201
-2.625,3.375,0.0003930602551799305,19276623026455/49042412129994603
-2.625,3.5,0.00039310836256236813,19278982328531/49042412129994603
-2.625,3.625,0.0003931564699448057,6427113876869/16347470709998201
-2.625,3.75,0.00039320457732724333,19283700932683/49042412129994603
-2.625,3.875,0.0003932526847096809,19286060234759/49042412129994603
-2.625,4,0.00039330079209211853,6429473178945/16347470709998201
-2.625,4.125,0.00039334889947455611,19290778838911/49042412129994603
-2.625,4.25,0.00039339700685699373,19293138140987/49042412129994603
-2.5,-2.125,0.00039086495469106746,6389653398377/16347470709998201
-2.5,-2,0.00039091306207350508,19171319497207/49042412129994603
-2.5,-1.875,0.00039096116945594266,19173678799283/49042412129994603
-2.5,-1.75,0.00039100927683838029,6392012700453/16347470709998201
-2.5,-1.625,0.00039105738422081786,19178397403435/49042412129994603
-2.5,-1.5,0.00039110549160325549,19180756705511/49042412129994603
-2.5,-1.375,0.00039115359898569306,6394372002529/16347470709998201
-2.5,-1.25,0.00039120170636813069,19185475309663/49042412129994603
-2.5,-1.125,0.00039124981375056827,19187834611739/49042412129994603
-2.5,-1,0.00039129792113300589,6396731304605/16347470709998201
-2.5,-0.875,0.00039134602851544347,19192553215891/49042412129994603
-2.5,-0.75,0.0003913941358978811,19194912517967/49042412129994603
-2.5,-0.625,0.00039144224328031867,6399090606681/16347470709998201
-2.5,-0.5,0.00039149035066275625,19199631122119/49042412129994603
-2.5,-0.375,0.00039153845804519387,19201990424195/49042412129994603
-2.5,-0.25,0.00039158656542763145,6401449908757/16347470709998201
-2.5,-0.125,0.00039163467281006908,243122899093/620790026961957
-2.5,0,0.00039168278019250665,19209068330423/49042412129994603
-2.5,0.125,0.00039173088757494428,6403809210833/16347470709998201
-2.5,0.25,0.00039177899495738185,19213786934575/49042412129994603
-2.5,0.375,0.00039182710233981948,19216146236651/49042412129994603
-2.5,0.5,0.00039187520972225706,6406168512909/16347470709998201
-2.5,0.625,0.00039192331710469468,19220864840803/49042412129994603
-2.5,0.75,0.00039197142448713226,19223224142879/49042412129994603
-2.5,0.875,0.00039201953186956983,6408527814985/16347470709998201
-2.5,1,0.00039206763925200746,19227942747031/49042412129994603
-2.5,1.125,0.00039211574663444503,19230302049107/49042412129994603
-2.5,1.25,0.00039216385401688266,6410887117061/16347470709998201
-2.5,1.375,0.00039221196139932024,19235020653259/49042412129994603
-2.5,1.5,0.00039226006878175787,19237379955335/49042412129994603
-2.5,1.625,0.00039230817616419544,6413246419137/16347470709998201
-2.5,1.75,0.00039235628354663307,19242098559487/49042412129994603
-2.5,1.875,0.00039240439092907064,19244457861563/49042412129994603
-2.5,2,0.00039245249831150827,6415605721213/16347470709998201
-2.5,2.125,0.00039250060569394584,19249176465715/49042412129994603
-2.5,2.25,0.00039254871307638347,19251535767791/49042412129994603
-2.5,2.375,0.00039259682045882105,6417965023289/16347470709998201
-2.5,2.5,0.00039264492784125862,19256254371943/49042412129994603
-2.5,2.625,0.00039269303522369625,19258613674019/49042412129994603
-2.5,2.75,0.00039274114260613382,6420324325365/16347470709998201
-2.5,2.875,0.00039278924998857145,19263332278171/49042412129994603
-2.5,3,0.00039283735737100903,19265691580247/49042412129994603
-2.5,3.125,0.00039288546475344665,6422683627441/16347470709998201
-2.5,3.25,0.00039293357213588423,19270410184399/49042412129994603
-2.5,3.375,0.00039298167951832186,19272769486475/49042412129994603
-2.5,3.5,0.00039302978690075943,6425042929517/16347470709998201
-2.5,3.625,0.00039307789428319706,19277488090627/49042412129994603
-2.5,3.75,0.00039312600166563463,19279847392703/49042412129994603
-2.5,3.875,0.00039317410904807226,6427402231593/16347470709998201
-2.5,4,0.00039322221643050984,19284565996855/49042412129994603
-2.5,4.125,0.00039327032381294741,19286925298931/49042412129994603
-2.375,-2.125,0.00039078637902945882,19165106655151/49042412129994603
-2.375,-2,0.00039083448641189639,19167465957227/49042412129994603
-2.375,-1.875,0.00039088259379433402,6389941753101/16347470709998201
-2.375,-1.75,0.00039093070117677159,19172184561379/49042412129994603
-2.375,-1.625,0.00039097880855920922,19174543863455/49042412129994603
-2.375,-1.5,0.00039102691594164679,6392301055177/16347470709998201
-2.375,-1.375,0.00039107502332408437,19179262467607/49042412129994603
-2.375,-1.25,0.000391123130706522,19181621769683/49042412129994603
-2.375,-1.125,0.00039117123808895957,6394660357253/16347470709998201
-2.375,-1,0.0003912193454713972,19186340373835/49042412129994603
-2.375,-0.875,0.00039126745285383477,19188699675911/49042412129994603
-2.375,-0.75,0.0003913155602362724,6397019659329/16347470709998201
-2.375,-0.625,0.00039136366761870998,19193418280063/49042412129994603
-2.375,-0.5,0.0003914117750011476,19195777582139/49042412129994603
-2.375,-0.375,0.00039145988238358518,6399378961405/16347470709998201
-2.375,-0.25,0.00039150798976602281,19200496186291/49042412129994603
-2.375,-0.125,0.00039155609714846038,19202855488367/49042412129994603
-2.375,0,0.00039160420453089796,6401738263481/16347470709998201
-2.375,0.125,0.00039165231191333558,19207574092519/49042412129994603
-2.375,0.25,0.00039170041929577316,19209933394595/49042412129994603
-2.375,0.375,0.00039174852667821079,6404097565557/16347470709998201
-2.375,0.5,0.00039179663406064836,19214651998747/49042412129994603
-2.375,0.625,0.00039184474144308599,19217011300823/49042412129994603
-2.375,0.75,0.00039189284882552356,6406456867633/16347470709998201
-2.375,0.875,0.00039194095620796119,19221729904975/49042412129994603
-2.375,1,0.00039198906359039877,19224089207051/49042412129994603
-2.375,1.125,0.00039203717097283639,6408816169709/16347470709998201
-2.375,1.25,0.00039208527835527397,19228807811203/49042412129994603
-2.375,1.375,0.0003921333857377116,19231167113279/49042412129994603
-2.375,1.5,0.00039218149312014917,6411175471785/16347470709998201
-2.375,1.625,0.00039222960050258674,19235885717431/49042412129994603
-2.375,1.75,0.00039227770788502437,19238245019507/49042412129994603
-2.375,1.875,0.00039232581526746195,6413534773861/16347470709998201
-2.375,2,0.00039237392264989958,243581818021/620790026961957
-2.375,2.125,0.00039242203003233715,19245322925735/49042412129994603
-2.375,2.25,0.00039247013741477478,6415894075937/16347470709998201
-2.375,2.375,0.00039251824479721235,19250041529887/49042412129994603
-2.375,2.5,0.00039256635217964998,19252400831963/49042412129994603
-2.375,2.625,0.00039261445956208755,6418253378013/16347470709998201
-2.375,2.75,0.00039266256694452518,19257119436115/49042412129994603
-2.375,2.875,0.00039271067432696276,19259478738191/49042412129994603
-2.375,3,0.00039275878170940039,6420612680089/16347470709998201
-2.375,3.125,0.00039280688909183796,19264197342343/49042412129994603
-2.375,3.25,0.00039285499647427553,19266556644419/49042412129994603
-2.375,3.375,0.00039290310385671316,6422971982165/16347470709998201
-2.375,3.5,0.00039295121123915074,19271275248571/49042412129994603
-2.375,3.625,0.00039299931862158836,19273634550647/49042412129994603
-2.375,3.75,0.00039304742600402594,6425331284241/16347470709998201
-2.375,3.875,0.00039309553338646357,19278353154799/49042412129994603
-2.375,4,0.00039314364076890114,19280712456875/49042412129994603
-2.375,4.125,0.00039319174815133877,6427690586317/16347470709998201
-2.25,-2.125,0.00039070780336785012,19161253115171/49042412129994603
-2.25,-2,0.00039075591075028769,6387870805749/16347470709998201
-2.25,-1.875,0.00039080401813272532,19165971719323/49042412129994603
-2.25,-1.75,0.0003908521255151629,19168331021399/49042412129994603
-2.25,-1.625,0.00039090023289760053,6390230107825/16347470709998201
-2.25,-1.5,0.0003909483402800381,19173049625551/49042412129994603
-2.25,-1.375,0.00039099644766247573,19175408927627/49042412129994603
-2.25,-1.25,0.0003910445550449133,6392589409901/16347470709998201
-2.25,-1.125,0.00039109266242735093,19180127531779/49042412129994603
-2.25,-1,0.0003911407698097885,19182486833855/49042412129994603
-2.25,-0.875,0.00039118887719222613,6394948711977/16347470709998201
-2.25,-0.75,0.00039123698457466371,19187205438007/49042412129994603
-2.25,-0.625,0.00039128509195710128,19189564740083/49042412129994603
-2.25,-0.5,0.00039133319933953891,6397308014053/16347470709998201
-2.25,-0.375,0.00039138130672197648,19194283344235/49042412129994603
-2.25,-0.25,0.00039142941410441411,19196642646311/49042412129994603
-2.25,-0.125,0.00039147752148685169,6399667316129/16347470709998201
-2.25,0,0.00039152562886928931,19201361250463/49042412129994603
-2.25,0.125,0.00039157373625172689,19203720552539/49042412129994603
-2.25,0.25,0.00039162184363416452,6402026618205/16347470709998201
-2.25,0.375,0.00039166995101660209,19208439156691/49042412129994603
-2.25,0.5,0.00039171805839903972,19210798458767/49042412129994603
-2.25,0.625,0.00039176616578147729,6404385920281/16347470709998201
-2.25,0.75,0.00039181427316391487,19215517062919/49042412129994603
-2.25,0.875,0.0003918623805463525,19217876364995/49042412129994603
-2.25,1,0.00039191048792879007,6406745222357/16347470709998201
-2.25,1.125,0.0003919585953112277,19222594969147/49042412129994603
-2.25,1.25,0.00039200670269366527,19224954271223/49042412129994603
-2.25,1.375,0.0003920548100761029,6409104524433/16347470709998201
-2.25,1.5,0.00039210291745854048,19229672875375/49042412129994603
-2.25,1.625,0.0003921510248409781,19232032177451/49042412129994603
-2.25,1.75,0.00039219913222341568,6411463826509/16347470709998201
-2.25,1.875,0.00039224723960585331,19236750781603/49042412129994603
-2.25,2,0.00039229534698829088,19239110083679/49042412129994603
-2.25,2.125,0.00039234345437072851,6413823128585/16347470709998201
-2.25,2.25,0.00039239156175316608,19243828687831/49042412129994603
-2.25,2.375,0.00039243966913560366,19246187989907/49042412129994603
-2.25,2.5,0.00039248777651804129,6416182430661/16347470709998201
-2.25,2.625,0.00039253588390047886,19250906594059/49042412129994603
-2.25,2.75,0.00039258399128291649,19253265896135/49042412129994603
-2.25,2.875,0.00039263209866535406,6418541732737/16347470709998201
-2.25,3,0.00039268020604779169,19257984500287/49042412129994603
-2.25,3.125,0.00039272831343022926,19260343802363/49042412129994603
-2.25,3.25,0.00039277642081266689,6420901034813/16347470709998201
-2.25,3.375,0.00039282452819510447,19265062406515/49042412129994603
-2.25,3.5,0.0003928726355775421,19267421708591/49042412129994603
-2.25,3.625,0.00039292074295997967,6423260336889/16347470709998201
-2.25,3.75,0.0003929688503424173,19272140312743/49042412129994603
-2.25,3.875,0.00039301695772485487,19274499614819/49042412129994603
-2.25,4,0.00039306506510729245,6425619638965/16347470709998201
-2.125,-2.125,0.00039062922770624143,6385799858397/16347470709998201
-2.125,-2,0.00039067733508867905,19159758877267/49042412129994603
-2.125,-1.875,0.00039072544247111663,19162118179343/49042412129994603
-2.125,-1.75,0.00039077354985355426,6388159160473/16347470709998201
-2.125,-1.625,0.00039082165723599183,19166836783495/49042412129994603
-2.125,-1.5,0.0003908697646184294,19169196085571/49042412129994603
-2.125,-1.375,0.00039091787200086703,6390518462549/16347470709998201
-2.125,-1.25,0.00039096597938330461,19173914689723/49042412129994603
-2.125,-1.125,0.00039101408676574224,19176273991799/49042412129994603
-2.125,-1,0.00039106219414817981,6392877764625/16347470709998201
-2.125,-0.875,0.00039111030153061744,19180992595951/49042412129994603
-2.125,-0.75,0.00039115840891305501,19183351898027/49042412129994603
-2.125,-0.625,0.00039120651629549264,6395237066701/16347470709998201
-2.125,-0.5,0.00039125462367793021,19188070502179/49042412129994603
-2.125,-0.375,0.00039130273106036784,19190429804255/49042412129994603
-2.125,-0.25,0.00039135083844280542,6397596368777/16347470709998201
-2.125,-0.125,0.00039139894582524299,19195148408407/49042412129994603
-2.125,0,0.00039144705320768062,19197507710483/49042412129994603
-2.125,0.125,0.00039149516059011819,6399955670853/16347470709998201
-2.125,0.25,0.00039154326797255582,19202226314635/49042412129994603
-2.125,0.375,0.0003915913753549934,19204585616711/49042412129994603
-2.125,0.5,0.00039163948273743102,6402314972929/16347470709998201
-2.125,0.625,0.0003916875901198686,19209304220863/49042412129994603
-2.125,0.75,0.00039173569750230623,19211663522939/49042412129994603
-2.125,0.875,0.0003917838048847438,6404674275005/16347470709998201
-2.125,1,0.00039183191226718143,19216382127091/49042412129994603
-2.125,1.125,0.000391880019649619,19218741429167/49042412129994603
-2.125,1.25,0.00039192812703205663,6407033577081/16347470709998201
-2.125,1.375,0.00039197623441449421,19223460033319/49042412129994603
-2.125,1.5,0.00039202434179693178,19225819335395/49042412129994603
-2.125,1.625,0.00039207244917936941,6409392879157/16347470709998201
-2.125,1.75,0.00039212055656180698,19230537939547/49042412129994603
-2.125,1.875,0.00039216866394424461,19232897241623/49042412129994603
-2.125,2,0.00039221677132668219,6411752181233/16347470709998201
-2.125,2.125,0.00039226487870911981,19237615845775/49042412129994603
-2.125,2.25,0.00039231298609155739,19239975147851/49042412129994603
-2.125,2.375,0.00039236109347399502,6414111483309/16347470709998201
-2.125,2.5,0.00039240920085643259,19244693752003/49042412129994603
-2.125,2.625,0.00039245730823887022,19247053054079/49042412129994603
-2.125,2.75,0.00039250541562130779,6416470785385/16347470709998201
-2.125,2.875,0.00039255352300374542,19251771658231/49042412129994603
-2.125,3,0.000392601630386183,19254130960307/49042412129994603
-2.125,3.125,0.00039264973776862057,6418830087461/16347470709998201
-2.125,3.25,0.0003926978451510582,19258849564459/49042412129994603
-2.125,3.375,0.00039274595253349577,19261208866535/49042412129994603
-2.125,3.5,0.0003927940599159334,6421189389537/16347470709998201
-2.125,3.625,0.00039284216729837097,19265927470687/49042412129994603
-2.125,3.75,0.0003928902746808086,19268286772763/49042412129994603
-2.125,3.875,0.00039293838206324618,6423548691613/16347470709998201
-2,-2.25,0.00039050254466219516,6383728911045/16347470709998201
-2,-2.125,0.00039055065204463273,19153546035211/49042412129994603
-2,-2,0.00039059875942707036,19155905337287/49042412129994603
-2,-1.875,0.00039064686680950793,6386088213121/16347470709998201
-2,-1.75,0.00039069497419194556,19160623941439/49042412129994603
-2,-1.625,0.00039074308157438314,19162983243515/49042412129994603
-2,-1.5,0.00039079118895682076,80866424243/206930008987319
-2,-1.375,0.00039083929633925834,19167701847667/49042412129994603
-2,-1.25,0.00039088740372169597,19170061149743/49042412129994603
-2,-1.125,0.00039093551110413354,6390806817273/16347470709998201
-2,-1,0.00039098361848657111,19174779753895/49042412129994603
-2,-0.875,0.00039103172586900874,19177139055971/49042412129994603
-2,-0.75,0.00039107983325144632,6393166119349/16347470709998201
-2,-0.625,0.00039112794063388395,19181857660123/49042412129994603
-2,-0.5,0.00039117604801632152,19184216962199/49042412129994603
-2,-0.375,0.00039122415539875915,6395525421425/16347470709998201
-2,-0.25,0.00039127226278119672,19188935566351/49042412129994603
-2,-0.125,0.00039132037016363435,19191294868427/49042412129994603
-2,0,0.00039136847754607192,6397884723501/16347470709998201
-2,0.125,0.00039141658492850955,19196013472579/49042412129994603
-2,0.25,0.00039146469231094713,19198372774655/49042412129994603
-2,0.375,0.00039151279969338476,6400244025577/16347470709998201
-2,0.5,0.00039156090707582233,19203091378807/49042412129994603
-2,0.625,0.0003916090144582599,19205450680883/49042412129994603
-2,0.75,0.00039165712184069753,6402603327653/16347470709998201
-2,0.875,0.00039170522922313511,19210169285035/49042412129994603
-2,1,0.00039175333660557273,19212528587111/49042412129994603
-2,1.125,0.00039180144398801031,6404962629729/16347470709998201
-2,1.25,0.00039184955137044794,19217247191263/49042412129994603
-2,1.375,0.00039189765875288551,19219606493339/49042412129994603
-2,1.5,0.00039194576613532314,6407321931805/16347470709998201
-2,1.625,0.00039199387351776071,19224325097491/49042412129994603
-2,1.75,0.00039204198090019834,19226684399567/49042412129994603
-2,1.875,0.00039209008828263592,6409681233881/16347470709998201
-2,2,0.00039213819566507355,19231403003719/49042412129994603
-2,2.125,0.00039218630304751112,19233762305795/49042412129994603
-2,2.25,0.00039223441042994869,6412040535957/16347470709998201
-2,2.375,0.00039228251781238632,19238480909947/49042412129994603
-2,2.5,0.0003923306251948239,19240840212023/49042412129994603
-2,2.625,0.00039237873257726152,6414399838033/16347470709998201
-2,2.75,0.0003924268399596991,19245558816175/49042412129994603
-2,2.875,0.00039247494734213673,19247918118251/49042412129994603
-2,3,0.0003925230547245743,6416759140109/16347470709998201
-2,3.125,0.00039257116210701193,19252636722403/49042412129994603
-2,3.25,0.0003926192694894495,19254996024479/49042412129994603
-2,3.375,0.00039266737687188713,6419118442185/16347470709998201
-2,3.5,0.00039271548425432471,19259714628631/49042412129994603
-2,3.625,0.00039276359163676233,19262073930707/49042412129994603
-2,3.75,0.00039281169901919991,6421477744261/16347470709998201
-1.875,-2.25,0.00039042396900058646,19147333193155/49042412129994603
-1.875,-2.125,0.00039047207638302409,19149692495231/49042412129994603
-1.875,-2,0.00039052018376546166,6384017265769/16347470709998201
-1.875,-1.875,0.00039056829114789929,19154411099383/49042412129994603
-1.875,-1.75,0.00039061639853033687,19156770401459/49042412129994603
-1.875,-1.625,0.00039066450591277444,6386376567845/16347470709998201
-1.875,-1.5,0.00039071261329521207,19161489005611/49042412129994603
-1.875,-1.375,0.00039076072067764964,19163848307687/49042412129994603
-1.875,-1.25,0.00039080882806008727,6388735869921/16347470709998201
-1.875,-1.125,0.00039085693544252485,19168566911839/49042412129994603
-1.875,-1,0.00039090504282496247,19170926213915/49042412129994603
-1.875,-0.875,0.00039095315020740005,6391095171997/16347470709998201
-1.875,-0.75,0.00039100125758983768,19175644818067/49042412129994603
-1.875,-0.625,0.00039104936497227525,19178004120143/49042412129994603
-1.875,-0.5,0.00039109747235471288,6393454474073/16347470709998201
-1.875,-0.375,0.00039114557973715045,19182722724295/49042412129994603
-1.875,-0.25,0.00039119368711958803,19185082026371/49042412129994603
-1.875,-0.125,0.00039124179450202566,6395813776149/16347470709998201
-1.875,0,0.00039128990188446323,19189800630523/49042412129994603
-1.875,0.125,0.00039133800926690086,19192159932599/49042412129994603
-1.875,0.25,0.00039138611664933843,6398173078225/16347470709998201
-1.875,0.375,0.00039143422403177606,19196878536751/49042412129994603
-1.875,0.5,0.00039148233141421363,19199237838827/49042412129994603
-1.875,0.625,0.00039153043879665126,81019397219/206930008987319
-1.875,0.75,0.00039157854617908884,19203956442979/49042412129994603
-1.875,0.875,0.00039162665356152647,19206315745055/49042412129994603
-1.875,1,0.00039167476094396404,6402891682377/16347470709998201
-1.875,1.125,0.00039172286832640167,19211034349207/49042412129994603
-1.875,1.25,0.00039177097570883924,19213393651283/49042412129994603
-1.875,1.375,0.00039181908309127682,6405250984453/16347470709998201
-1.875,1.5,0.00039186719047371445,19218112255435/49042412129994603
-1.875,1.625,0.00039191529785615202,19220471557511/49042412129994603
-1.875,1.75,0.00039196340523858965,6407610286529/16347470709998201
-1.875,1.875,0.00039201151262102722,19225190161663/49042412129994603
-1.875,2,0.00039205962000346485,19227549463739/49042412129994603
-1.875,2.125,0.00039210772738590242,6409969588605/16347470709998201
-1.875,2.25,0.00039215583476834005,19232268067891/49042412129994603
-1.875,2.375,0.00039220394215077763,19234627369967/49042412129994603
-1.875,2.5,0.00039225204953321526,6412328890681/16347470709998201
-1.875,2.625,0.00039230015691565283,19239345974119/49042412129994603
-1.875,2.75,0.00039234826429809046,19241705276195/49042412129994603
-1.875,2.875,0.00039239637168052803,6414688192757/16347470709998201
-1.875,3,0.00039244447906296561,19246423880347/49042412129994603
-1.875,3.125,0.00039249258644540323,19248783182423/49042412129994603
-1.875,3.25,0.00039254069382784081,6417047494833/16347470709998201
-1.875,3.375,0.00039258880121027844,19253501786575/49042412129994603
-1.875,3.5,0.00039263690859271601,19255861088651/49042412129994603
-1.875,3.625,0.00039268501597515364,6419406796909/16347470709998201
-1.875,3.75,0.00039273312335759121,19260579692803/49042412129994603
-1.75,-2.25,0.00039034539333897777,19143479653175/49042412129994603
-1.75,-2.125,0.00039039350072141539,6381946318417/16347470709998201
-1.75,-2,0.00039044160810385297,19148198257327/49042412129994603
-1.75,-1.875,0.0003904897154862906,19150557559403/49042412129994603
-1.75,-1.75,0.00039053782286872817,6384305620493/16347470709998201
-1.75,-1.625,0.0003905859302511658,19155276163555/49042412129994603
-1.75,-1.5,0.00039063403763360337,19157635465631/49042412129994603
-1.75,-1.375,0.000390682145016041,6386664922569/16347470709998201
-1.75,-1.25,0.00039073025239847858,19162354069783/49042412129994603
-1.75,-1.125,0.00039077835978091615,19164713371859/49042412129994603
-1.75,-1,0.00039082646716335378,6389024224645/16347470709998201
-1.75,-0.875,0.00039087457454579135,19169431976011/49042412129994603
-1.75,-0.75,0.00039092268192822898,19171791278087/49042412129994603
-1.75,-0.625,0.00039097078931066656,6391383526721/16347470709998201
-1.75,-0.5,0.00039101889669310418,19176509882239/49042412129994603
-1.75,-0.375,0.00039106700407554176,19178869184315/49042412129994603
-1.75,-0.25,0.00039111511145797939,6393742828797/16347470709998201
-1.75,-0.125,0.00039116321884041696,19183587788467/49042412129994603
-1.75,0,0.00039121132622285459,19185947090543/49042412129994603
-1.75,0.125,0.00039125943360529216,6396102130873/16347470709998201
-1.75,0.25,0.00039130754098772979,19190665694695/49042412129994603
-1.75,0.375,0.00039135564837016737,19193024996771/49042412129994603
-1.75,0.5,0.00039140375575260494,6398461432949/16347470709998201
-1.75,0.625,0.00039145186313504257,19197743600923/49042412129994603
-1.75,0.75,0.00039149997051748014,19200102902999/49042412129994603
-1.75,0.875,0.00039154807789991777,6400820735025/16347470709998201
-1.75,1,0.00039159618528235535,19204821507151/49042412129994603
-1.75,1.125,0.00039164429266479297,19207180809227/49042412129994603
-1.75,1.25,0.00039169240004723055,6403180037101/16347470709998201
-1.75,1.375,0.00039174050742966818,19211899413379/49042412129994603
-1.75,1.5,0.00039178861481210575,19214258715455/49042412129994603
-1.75,1.625,0.00039183672219454338,6405539339177/16347470709998201
-1.75,1.75,0.00039188482957698095,19218977319607/49042412129994603
-1.75,1.875,0.00039193293695941858,19221336621683/49042412129994603
-1.75,2,0.00039198104434185616,6407898641253/16347470709998201
-1.75,2.125,0.00039202915172429373,19226055225835/49042412129994603
-1.75,2.25,0.00039207725910673136,19228414527911/49042412129994603
-1.75,2.375,0.00039212536648916893,6410257943329/16347470709998201
-1.75,2.5,0.00039217347387160656,19233133132063/49042412129994603
-1.75,2.625,0.00039222158125404413,19235492434139/49042412129994603
-1.75,2.75,0.00039226968863648176,81172370195/206930008987319
-1.75,2.875,0.00039231779601891934,19240211038291/49042412129994603
-1.75,3,0.00039236590340135697,19242570340367/49042412129994603
-1.75,3.125,0.00039241401078379454,6414976547481/16347470709998201
-1.75,3.25,0.00039246211816623217,19247288944519/49042412129994603
-1.75,3.375,0.00039251022554866974,19249648246595/49042412129994603
-1.75,3.5,0.00039255833293110737,6417335849557/16347470709998201
-1.75,3.625,0.00039260644031354494,19254366850747/49042412129994603
-1.625,-2.25,0.00039026681767736913,6379875371065/16347470709998201
-1.625,-2.125,0.0003903149250598067,19141985415271/49042412129994603
-1.625,-2,0.00039036303244224433,19144344717347/49042412129994603
-1.625,-1.875,0.0003904111398246819,6382234673141/16347470709998201
-1.625,-1.75,0.00039045924720711948,19149063321499/49042412129994603
-1.625,-1.625,0.00039050735458955711,19151422623575/49042412129994603
-1.625,-1.5,0.00039055546197199468,6384593975217/16347470709998201
-1.625,-1.375,0.00039060356935443231,19156141227727/49042412129994603
-1.625,-1.25,0.00039065167673686988,19158500529803/49042412129994603
-1.625,-1.125,0.00039069978411930751,6386953277293/16347470709998201
-1.625,-1,0.00039074789150174508,19163219133955/49042412129994603
-1.625,-0.875,0.00039079599888418271,19165578436031/49042412129994603
-1.625,-0.75,0.00039084410626662029,6389312579369/16347470709998201
-1.625,-0.625,0.00039089221364905792,19170297040183/49042412129994603
-1.625,-0.5,0.00039094032103149549,19172656342259/49042412129994603
-1.625,-0.375,0.00039098842841393306,6391671881445/16347470709998201
-1.625,-0.25,0.00039103653579637069,19177374946411/49042412129994603
-1.625,-0.125,0.00039108464317880827,19179734248487/49042412129994603
-1.625,0,0.00039113275056124589,6394031183521/16347470709998201
-1.625,0.125,0.00039118085794368347,19184452852639/49042412129994603
-1.625,0.25,0.0003912289653261211,19186812154715/49042412129994603
-1.625,0.375,0.00039127707270855867,6396390485597/16347470709998201
-1.625,0.5,0.0003913251800909963,19191530758867/49042412129994603
-1.625,0.625,0.00039137328747343387,19193890060943/49042412129994603
-1.625,0.75,0.0003914213948558715,6398749787673/16347470709998201
-1.625,0.875,0.00039146950223830908,19198608665095/49042412129994603
-1.625,1,0.0003915176096207467,19200967967171/49042412129994603
-1.625,1.125,0.00039156571700318428,6401109089749/16347470709998201
-1.625,1.25,0.00039161382438562185,19205686571323/49042412129994603
-1.625,1.375,0.00039166193176805948,19208045873399/49042412129994603
-1.625,1.5,0.00039171003915049706,6403468391825/16347470709998201
-1.625,1.625,0.00039175814653293468,19212764477551/49042412129994603
-1.625,1.75,0.00039180625391537226,19215123779627/49042412129994603
-1.625,1.875,0.00039185436129780989,6405827693901/16347470709998201
-1.625,2,0.00039190246868024746,19219842383779/49042412129994603
-1.625,2.125,0.00039195057606268509,19222201685855/49042412129994603
-1.625,2.25,0.00039199868344512266,6408186995977/16347470709998201
-1.625,2.375,0.00039204679082756029,19226920290007/49042412129994603
-1.625,2.5,0.00039209489820999787,19229279592083/49042412129994603
-1.625,2.625,0.00039214300559243549,6410546298053/16347470709998201
-1.625,2.75,0.00039219111297487307,19233998196235/49042412129994603
-1.625,2.875,0.00039223922035731064,19236357498311/49042412129994603
-1.625,3,0.00039228732773974827,6412905600129/16347470709998201
-1.625,3.125,0.00039233543512218584,19241076102463/49042412129994603
-1.625,3.25,0.00039238354250462347,19243435404539/49042412129994603
-1.625,3.375,0.00039243164988706105,6415264902205/16347470709998201
-1.625,3.5,0.00039247975726949868,19248154008691/49042412129994603
-1.5,-2.375,0.0003901401346333228,6377804423713/16347470709998201
-1.5,-2.25,0.00039018824201576043,19135772573215/49042412129994603
-1.5,-2.125,0.00039023634939819801,19138131875291/49042412129994603
-1.5,-2,0.00039028445678063563,6380163725789/16347470709998201
-1.5,-1.875,0.00039033256416307321,19142850479443/49042412129994603
-1.5,-1.75,0.00039038067154551084,19145209781519/49042412129994603
-1.5,-1.625,0.00039042877892794841,6382523027865/16347470709998201
-1.5,-1.5,0.00039047688631038604,19149928385671/49042412129994603
-1.5,-1.375,0.00039052499369282361,19152287687747/49042412129994603
-1.5,-1.25,0.00039057310107526119,6384882329941/16347470709998201
-1.5,-1.125,0.00039062120845769882,19157006291899/49042412129994603
-1.5,-1,0.00039066931584013639,19159365593975/49042412129994603
-1.5,-0.875,0.00039071742322257402,6387241632017/16347470709998201
-1.5,-0.75,0.00039076553060501159,19164084198127/49042412129994603
-1.5,-0.625,0.00039081363798744922,19166443500203/49042412129994603
-1.5,-0.5,0.00039086174536988679,6389600934093/16347470709998201
-1.5,-0.375,0.00039090985275232442,19171162104355/49042412129994603
-1.5,-0.25,0.000390957960134762,19173521406431/49042412129994603
-1.5,-0.125,0.00039100606751719963,6391960236169/16347470709998201
-1.5,0,0.0003910541748996372,19178240010583/49042412129994603
-1.5,0.125,0.00039110228228207483,19180599312659/49042412129994603
-1.5,0.25,0.0003911503896645124,6394319538245/16347470709998201
-1.5,0.375,0.00039119849704694998,19185317916811/49042412129994603
-1.5,0.5,0.0003912466044293876,19187677218887/49042412129994603
-1.5,0.625,0.00039129471181182518,6396678840321/16347470709998201
-1.5,0.75,0.00039134281919426281,19192395823039/49042412129994603
-1.5,0.875,0.00039139092657670038,19194755125115/49042412129994603
-1.5,1,0.00039143903395913801,6399038142397/16347470709998201
-1.5,1.125,0.00039148714134157558,19199473729267/49042412129994603
-1.5,1.25,0.00039153524872401321,19201833031343/49042412129994603
-1.5,1.375,0.00039158335610645079,6401397444473/16347470709998201
-1.5,1.5,0.00039163146348888841,19206551635495/49042412129994603
-1.5,1.625,0.00039167957087132599,19208910937571/49042412129994603
-1.5,1.75,0.00039172767825376362,6403756746549/16347470709998201
-1.5,1.875,0.00039177578563620119,19213629541723/49042412129994603
-1.5,2,0.00039182389301863877,19215988843799/49042412129994603
-1.5,2.125,0.00039187200040107639,6406116048625/16347470709998201
-1.5,2.25,0.00039192010778351397,19220707447951/49042412129994603
-1.5,2.375,0.0003919682151659516,19223066750027/49042412129994603
-1.5,2.5,0.00039201632254838917,6408475350701/16347470709998201
-1.5,2.625,0.0003920644299308268,19227785354179/49042412129994603
-1.5,2.75,0.00039211253731326437,19230144656255/49042412129994603
-1.5,2.875,0.000392160644695702,6410834652777/16347470709998201
-1.5,3,0.00039220875207813958,19234863260407/49042412129994603
-1.5,3.125,0.0003922568594605772,19237222562483/49042412129994603
-1.5,3.25,0.00039230496684301478,6413193954853/16347470709998201
-1.5,3.375,0.00039235307422545241,19241941166635/49042412129994603
-1.5,3.5,0.00039240118160788998,19244300468711/49042412129994603
-1.375,-2.375,0.00039006155897171416,19129559731159/49042412129994603
-1.375,-2.25,0.00039010966635415174,19131919033235/49042412129994603
-1.375,-2.125,0.00039015777373658936,6378092778437/16347470709998201
-1.375,-2,0.00039020588111902694,19136637637387/49042412129994603
-1.375,-1.875,0.00039025398850146451,19138996939463/49042412129994603
-1.375,-1.75,0.00039030209588390214,6380452080513/16347470709998201
-1.375,-1.625,0.00039035020326633972,19143715543615/49042412129994603
-1.375,-1.5,0.00039039831064877734,19146074845691/49042412129994603
-1.375,-1.375,0.00039044641803121492,6382811382589/16347470709998201
-1.375,-1.25,0.00039049452541365255,19150793449843/49042412129994603
-1.375,-1.125,0.00039054263279609012,19153152751919/49042412129994603
-1.375,-1,0.00039059074017852775,6385170684665/16347470709998201
-1.375,-0.875,0.00039063884756096532,19157871356071/49042412129994603
-1.375,-0.75,0.00039068695494340295,242534565293/620790026961957
-1.375,-0.625,0.00039073506232584053,6387529986741/16347470709998201
-1.375,-0.5,0.0003907831697082781,19164949262299/49042412129994603
-1.375,-0.375,0.00039083127709071573,19167308564375/49042412129994603
-1.375,-0.25,0.0003908793844731533,6389889288817/16347470709998201
-1.375,-0.125,0.00039092749185559093,19172027168527/49042412129994603
-1.375,0,0.0003909755992380285,19174386470603/49042412129994603
-1.375,0.125,0.00039102370662046613,6392248590893/16347470709998201
-1.375,0.25,0.00039107181400290371,19179105074755/49042412129994603
-1.375,0.375,0.00039111992138534134,19181464376831/49042412129994603
-1.375,0.5,0.00039116802876777891,6394607892969/16347470709998201
-1.375,0.625,0.00039121613615021654,19186182980983/49042412129994603
-1.375,0.75,0.00039126424353265411,19188542283059/49042412129994603
-1.375,0.875,0.00039131235091509174,6396967195045/16347470709998201
-1.375,1,0.00039136045829752931,19193260887211/49042412129994603
-1.375,1.125,0.00039140856567996689,19195620189287/49042412129994603
-1.375,1.25,0.00039145667306240452,6399326497121/16347470709998201
-1.375,1.375,0.00039150478044484209,19200338793439/49042412129994603
-1.375,1.5,0.00039155288782727972,19202698095515/49042412129994603
-1.375,1.625,0.00039160099520971729,6401685799197/16347470709998201
-1.375,1.75,0.00039164910259215492,19207416699667/49042412129994603
-1.375,1.875,0.0003916972099745925,19209776001743/49042412129994603
-1.375,2,0.00039174531735703012,6404045101273/16347470709998201
-1.375,2.125,0.0003917934247394677,19214494605895/49042412129994603
-1.375,2.25,0.00039184153212190533,19216853907971/49042412129994603
-1.375,2.375,0.0003918896395043429,6406404403349/16347470709998201
-1.375,2.5,0.00039193774688678053,19221572512123/49042412129994603
-1.375,2.625,0.0003919858542692181,19223931814199/49042412129994603
-1.375,2.75,0.00039203396165165568,6408763705425/16347470709998201
-1.375,2.875,0.00039208206903409331,19228650418351/49042412129994603
-1.375,3,0.00039213017641653088,19231009720427/49042412129994603
-1.375,3.125,0.00039217828379896851,6411123007501/16347470709998201
-1.375,3.25,0.00039222639118140608,19235728324579/49042412129994603
-1.375,3.375,0.00039227449856384371,19238087626655/49042412129994603
-1.25,-2.375,0.00038998298331010547,19125706191179/49042412129994603
-1.25,-2.25,0.00039003109069254304,6376021831085/16347470709998201
-1.25,-2.125,0.00039007919807498067,19130424795331/49042412129994603
-1.25,-2,0.00039012730545741824,19132784097407/49042412129994603
-1.25,-1.875,0.00039017541283985587,6378381133161/16347470709998201
-1.25,-1.75,0.00039022352022229345,19137502701559/49042412129994603
-1.25,-1.625,0.00039027162760473107,19139862003635/49042412129994603
-1.25,-1.5,0.00039031973498716865,6380740435237/16347470709998201
-1.25,-1.375,0.00039036784236960622,19144580607787/49042412129994603
-1.25,-1.25,0.00039041594975204385,19146939909863/49042412129994603
-1.25,-1.125,0.00039046405713448143,6383099737313/16347470709998201
-1.25,-1,0.00039051216451691905,19151658514015/49042412129994603
-1.25,-0.875,0.00039056027189935663,19154017816091/49042412129994603
-1.25,-0.75,0.00039060837928179426,6385459039389/16347470709998201
-1.25,-0.625,0.00039065648666423183,19158736420243/49042412129994603
-1.25,-0.5,0.00039070459404666946,19161095722319/49042412129994603
-1.25,-0.375,0.00039075270142910703,6387818341465/16347470709998201
-1.25,-0.25,0.00039080080881154466,19165814326471/49042412129994603
-1.25,-0.125,0.00039084891619398224,19168173628547/49042412129994603
-1.25,0,0.00039089702357641986,6390177643541/16347470709998201
-1.25,0.125,0.00039094513095885744,19172892232699/49042412129994603
-1.25,0.25,0.00039099323834129501,19175251534775/49042412129994603
-1.25,0.375,0.00039104134572373264,6392536945617/16347470709998201
-1.25,0.5,0.00039108945310617021,19179970138927/49042412129994603
-1.25,0.625,0.00039113756048860784,19182329441003/49042412129994603
-1.25,0.75,0.00039118566787104542,6394896247693/16347470709998201
-1.25,0.875,0.00039123377525348305,19187048045155/49042412129994603
-1.25,1,0.00039128188263592062,19189407347231/49042412129994603
-1.25,1.125,0.00039132999001835825,6397255549769/16347470709998201
-1.25,1.25,0.00039137809740079582,19194125951383/49042412129994603
-1.25,1.375,0.00039142620478323345,242993484221/620790026961957
-1.25,1.5,0.00039147431216567102,6399614851845/16347470709998201
-1.25,1.625,0.00039152241954810865,19201203857611/49042412129994603
-1.25,1.75,0.00039157052693054623,19203563159687/49042412129994603
-1.25,1.875,0.0003916186343129838,6401974153921/16347470709998201
-1.25,2,0.00039166674169542143,19208281763839/49042412129994603
-1.25,2.125,0.000391714849077859,19210641065915/49042412129994603
-1.25,2.25,0.00039176295646029663,6404333455997/16347470709998201
-1.25,2.375,0.00039181106384273421,19215359670067/49042412129994603
-1.25,2.5,0.00039185917122517183,19217718972143/49042412129994603
-1.25,2.625,0.00039190727860760941,6406692758073/16347470709998201
-1.25,2.75,0.00039195538599004704,19222437576295/49042412129994603
-1.25,2.875,0.00039200349337248461,19224796878371/49042412129994603
-1.25,3,0.00039205160075492224,6409052060149/16347470709998201
-1.25,3.125,0.00039209970813735981,19229515482523/49042412129994603
-1.25,3.25,0.00039214781551979744,19231874784599/49042412129994603
-1.125,-2.375,0.00038990440764849677,6373950883733/16347470709998201
-1.125,-2.25,0.0003899525150309344,19124211953275/49042412129994603
-1.125,-2.125,0.00039000062241337197,19126571255351/49042412129994603
-1.125,-2,0.00039004872979580955,6376310185809/16347470709998201
-1.125,-1.875,0.00039009683717824718,19131289859503/49042412129994603
-1.125,-1.75,0.00039014494456068475,19133649161579/49042412129994603
-1.125,-1.625,0.00039019305194312238,6378669487885/16347470709998201
-1.125,-1.5,0.00039024115932555995,19138367765731/49042412129994603
-1.125,-1.375,0.00039028926670799758,19140727067807/49042412129994603
-1.125,-1.25,0.00039033737409043516,6381028789961/16347470709998201
-1.125,-1.125,0.00039038548147287278,19145445671959/49042412129994603
-1.125,-1,0.00039043358885531036,19147804974035/49042412129994603
-1.125,-0.875,0.00039048169623774799,6383388092037/16347470709998201
-1.125,-0.75,0.00039052980362018556,19152523578187/49042412129994603
-1.125,-0.625,0.00039057791100262314,19154882880263/49042412129994603
-1.125,-0.5,0.00039062601838506076,6385747394113/16347470709998201
-1.125,-0.375,0.00039067412576749834,19159601484415/49042412129994603
-1.125,-0.25,0.00039072223314993597,19161960786491/49042412129994603
-1.125,-0.125,0.00039077034053237354,6388106696189/16347470709998201
-1.125,0,0.00039081844791481117,19166679390643/49042412129994603
-1.125,0.125,0.00039086655529724874,19169038692719/49042412129994603
-1.125,0.25,0.00039091466267968637,6390465998265/16347470709998201
-1.125,0.375,0.00039096277006212395,19173757296871/49042412129994603
-1.125,0.5,0.00039101087744456157,19176116598947/49042412129994603
-1.125,0.625,0.00039105898482699915,6392825300341/16347470709998201
-1.125,0.75,0.00039110709220943678,19180835203099/49042412129994603
-1.125,0.875,0.00039115519959187435,19183194505175/49042412129994603
-1.125,1,0.00039120330697431192,6395184602417/16347470709998201
-1.125,1.125,0.00039125141435674955,19187913109327/49042412129994603
-1.125,1.25,0.00039129952173918713,19190272411403/49042412129994603
-1.125,1.375,0.00039134762912162476,6397543904493/16347470709998201
-1.125,1.5,0.00039139573650406233,19194991015555/49042412129994603
-1.125,1.625,0.00039144384388649996,19197350317631/49042412129994603
-1.125,1.75,0.00039149195126893753,6399903206569/16347470709998201
-1.125,1.875,0.00039154005865137516,19202068921783/49042412129994603
-1.125,2,0.00039158816603381273,19204428223859/49042412129994603
-1.125,2.125,0.00039163627341625036,6402262508645/16347470709998201
-1.125,2.25,0.00039168438079868794,19209146828011/49042412129994603
-1.125,2.375,0.00039173248818112557,19211506130087/49042412129994603
-1.125,2.5,0.00039178059556356314,6404621810721/16347470709998201
-1.125,2.625,0.00039182870294600071,19216224734239/49042412129994603
-1.125,2.75,0.00039187681032843834,19218584036315/49042412129994603
-1.125,2.875,0.00039192491771087592,6406981112797/16347470709998201
-1.125,3,0.00039197302509331354,19223302640467/49042412129994603
-1.125,3.125,0.00039202113247575112,19225661942543/49042412129994603
-1,-2.5,0.0003897777246044505,6371879936381/16347470709998201
-1,-2.375,0.00038982583198688808,19117999111219/49042412129994603
-1,-2.25,0.00038987393936932571,19120358413295/49042412129994603
-1,-2.125,0.00038992204675176328,6374239238457/16347470709998201
-1,-2,0.00038997015413420091,19125077017447/49042412129994603
-1,-1.875,0.00039001826151663848,19127436319523/49042412129994603
-1,-1.75,0.00039006636889907611,6376598540533/16347470709998201
-1,-1.625,0.00039011447628151368,19132154923675/49042412129994603
-1,-1.5,0.00039016258366395126,19134514225751/49042412129994603
-1,-1.375,0.00039021069104638889,6378957842609/16347470709998201
-1,-1.25,0.00039025879842882646,19139232829903/49042412129994603
-1,-1.125,0.00039030690581126409,19141592131979/49042412129994603
-1,-1,0.00039035501319370166,6381317144685/16347470709998201
-1,-0.875,0.00039040312057613929,19146310736131/49042412129994603
-1,-0.75,0.00039045122795857687,19148670038207/49042412129994603
-1,-0.625,0.00039049933534101449,6383676446761/16347470709998201
-1,-0.5,0.00039054744272345207,19153388642359/49042412129994603
-1,-0.375,0.0003905955501058897,19155747944435/49042412129994603
-1,-0.25,0.00039064365748832727,6386035748837/16347470709998201
-1,-0.125,0.0003906917648707649,19160466548587/49042412129994603
-1,0,0.00039073987225320247,19162825850663/49042412129994603
-1,0.125,0.00039078797963564005,6388395050913/16347470709998201
-1,0.25,0.00039083608701807768,19167544454815/49042412129994603
-1,0.375,0.00039088419440051525,19169903756891/49042412129994603
-1,0.5,0.00039093230178295288,6390754352989/16347470709998201
-1,0.625,0.00039098040916539045,19174622361043/49042412129994603
-1,0.75,0.00039102851654782808,19176981663119/49042412129994603
-1,0.875,0.00039107662393026566,6393113655065/16347470709998201
-1,1,0.00039112473131270328,19181700267271/49042412129994603
-1,1.125,0.00039117283869514086,19184059569347/49042412129994603
-1,1.25,0.00039122094607757849,6395472957141/16347470709998201
-1,1.375,0.00039126905346001606,19188778173499/49042412129994603
-1,1.5,0.00039131716084245369,19191137475575/49042412129994603
-1,1.625,0.00039136526822489126,6397832259217/16347470709998201
-1,1.75,0.00039141337560732884,19195856079727/49042412129994603
-1,1.875,0.00039146148298976647,19198215381803/49042412129994603
-1,2,0.00039150959037220404,6400191561293/16347470709998201
-1,2.125,0.00039155769775464167,19202933985955/49042412129994603
-1,2.25,0.00039160580513707924,19205293288031/49042412129994603
-1,2.375,0.00039165391251951687,6402550863369/16347470709998201
-1,2.5,0.00039170201990195444,19210011892183/49042412129994603
-1,2.625,0.00039175012728439207,19212371194259/49042412129994603
-1,2.75,0.00039179823466682965,6404910165445/16347470709998201
-1,2.875,0.00039184634204926728,19217089798411/49042412129994603
-1,3,0.00039189444943170485,19219449100487/49042412129994603
-1,3.125,0.00039194255681414248,6407269467521/16347470709998201
-0.875,-2.5,0.00038969914894284181,19111786269163/49042412129994603
-0.875,-2.375,0.00038974725632527944,19114145571239/49042412129994603
-0.875,-2.25,0.00038979536370771701,6372168291105/16347470709998201
-0.875,-2.125,0.00038984347109015458,242010938929/620790026961957
-0.875,-2,0.00038989157847259221,19121223477467/49042412129994603
-0.875,-1.875,0.00038993968585502979,6374527593181/16347470709998201
-0.875,-1.75,0.00038998779323746742,19125942081619/49042412129994603
-0.875,-1.625,0.00039003590061990499,19128301383695/49042412129994603
-0.875,-1.5,0.00039008400800234262,6376886895257/16347470709998201
-0.875,-1.375,0.00039013211538478019,19133019987847/49042412129994603
-0.875,-1.25,0.00039018022276721782,19135379289923/49042412129994603
-0.875,-1.125,0.00039022833014965539,6379246197333/16347470709998201
-0.875,-1,0.00039027643753209302,19140097894075/49042412129994603
-0.875,-0.875,0.0003903245449145306,19142457196151/49042412129994603
-0.875,-0.75,0.00039037265229696817,6381605499409/16347470709998201
-0.875,-0.625,0.0003904207596794058,19147175800303/49042412129994603
-0.875,-0.5,0.00039046886706184337,19149535102379/49042412129994603
-0.875,-0.375,0.000390516974444281,6383964801485/16347470709998201
-0.875,-0.25,0.00039056508182671858,19154253706531/49042412129994603
-0.875,-0.125,0.0003906131892091562,19156613008607/49042412129994603
-0.875,0,0.00039066129659159378,6386324103561/16347470709998201
-0.875,0.125,0.00039070940397403141,19161331612759/49042412129994603
-0.875,0.25,0.00039075751135646898,19163690914835/49042412129994603
-0.875,0.375,0.00039080561873890661,6388683405637/16347470709998201
-0.875,0.5,0.00039085372612134418,19168409518987/49042412129994603
-0.875,0.625,0.00039090183350378181,19170768821063/49042412129994603
-0.875,0.75,0.00039094994088621939,6391042707713/16347470709998201
-0.875,0.875,0.00039099804826865696,19175487425215/49042412129994603
-0.875,1,0.00039104615565109459,19177846727291/49042412129994603
-0.875,1.125,0.00039109426303353216,6393402009789/16347470709998201
-0.875,1.25,0.00039114237041596979,19182565331443/49042412129994603
-0.875,1.375,0.00039119047779840737,19184924633519/49042412129994603
-0.875,1.5,0.00039123858518084499,6395761311865/16347470709998201
-0.875,1.625,0.00039128669256328257,19189643237671/49042412129994603
-0.875,1.75,0.0003913347999457202,19192002539747/49042412129994603
-0.875,1.875,0.00039138290732815777,6398120613941/16347470709998201
-0.875,2,0.0003914310147105954,19196721143899/49042412129994603
-0.875,2.125,0.00039147912209303297,19199080445975/49042412129994603
-0.875,2.25,0.0003915272294754706,6400479916017/16347470709998201
-0.875,2.375,0.00039157533685790818,19203799050127/49042412129994603
-0.875,2.5,0.00039162344424034575,19206158352203/49042412129994603
-0.875,2.625,0.00039167155162278338,6402839218093/16347470709998201
-0.875,2.75,0.00039171965900522095,19210876956355/49042412129994603
-0.875,2.875,0.00039176776638765858,19213236258431/49042412129994603
-0.875,3,0.00039181587377009616,6405198520169/16347470709998201
-0.75,-2.5,0.00038962057328123311,19107932729183/49042412129994603
-0.75,-2.375,0.00038966868066367074,6370097343753/16347470709998201
-0.75,-2.25,0.00038971678804610832,19112651333335/49042412129994603
-0.75,-2.125,0.00038976489542854594,19115010635411/49042412129994603
-0.75,-2,0.00038981300281098352,6372456645829/16347470709998201
-0.75,-1.875,0.00038986111019342115,19119729239563/49042412129994603
-0.75,-1.75,0.00038990921757585872,19122088541639/49042412129994603
-0.75,-1.625,0.00038995732495829629,6374815947905/16347470709998201
-0.75,-1.5,0.00039000543234073392,19126807145791/49042412129994603
-0.75,-1.375,0.0003900535397231715,19129166447867/49042412129994603
-0.75,-1.25,0.00039010164710560913,6377175249981/16347470709998201
-0.75,-1.125,0.0003901497544880467,19133885052019/49042412129994603
-0.75,-1,0.00039019786187048433,19136244354095/49042412129994603
-0.75,-0.875,0.0003902459692529219,6379534552057/16347470709998201
-0.75,-0.75,0.00039029407663535953,19140962958247/49042412129994603
-0.75,-0.625,0.0003903421840177971,19143322260323/49042412129994603
-0.75,-0.5,0.00039039029140023473,6381893854133/16347470709998201
-0.75,-0.375,0.00039043839878267231,19148040864475/49042412129994603
-0.75,-0.25,0.00039048650616510994,19150400166551/49042412129994603
-0.75,-0.125,0.00039053461354754751,6384253156209/16347470709998201
-0.75,0,0.00039058272092998508,242469857857/620790026961957
-0.75,0.125,0.00039063082831242271,19157478072779/49042412129994603
-0.75,0.25,0.00039067893569486029,6386612458285/16347470709998201
-0.75,0.375,0.00039072704307729792,19162196676931/49042412129994603
-0.75,0.5,0.00039077515045973549,19164555979007/49042412129994603
-0.75,0.625,0.00039082325784217312,6388971760361/16347470709998201
-0.75,0.75,0.00039087136522461069,19169274583159/49042412129994603
-0.75,0.875,0.00039091947260704832,19171633885235/49042412129994603
-0.75,1,0.00039096757998948589,6391331062437/16347470709998201
-0.75,1.125,0.00039101568737192352,19176352489387/49042412129994603
-0.75,1.25,0.0003910637947543611,19178711791463/49042412129994603
-0.75,1.375,0.00039111190213679873,6393690364513/16347470709998201
-0.75,1.5,0.0003911600095192363,19183430395615/49042412129994603
-0.75,1.625,0.00039120811690167387,19185789697691/49042412129994603
-0.75,1.75,0.0003912562242841115,6396049666589/16347470709998201
-0.75,1.875,0.00039130433166654908,19190508301843/49042412129994603
-0.75,2,0.0003913524390489867,19192867603919/49042412129994603
-0.75,2.125,0.00039140054643142428,6398408968665/16347470709998201
-0.75,2.25,0.00039144865381386191,19197586208071/49042412129994603
-0.75,2.375,0.00039149676119629948,19199945510147/49042412129994603
-0.75,2.5,0.00039154486857873711,6400768270741/16347470709998201
-0.75,2.625,0.00039159297596117468,19204664114299/49042412129994603
-0.75,2.75,0.00039164108334361231,19207023416375/49042412129994603
-0.75,2.875,0.00039168919072604989,6403127572817/16347470709998201
-0.625,-2.5,0.00038954199761962447,6368026396401/16347470709998201
-0.625,-2.375,0.00038959010500206205,19106438491279/49042412129994603
-0.625,-2.25,0.00038963821238449962,19108797793355/49042412129994603
-0.625,-2.125,0.00038968631976693725,6370385698477/16347470709998201
-0.625,-2,0.00038973442714937482,19113516397507/49042412129994603
-0.625,-1.875,0.00038978253453181245,19115875699583/49042412129994603
-0.625,-1.75,0.00038983064191425003,6372745000553/16347470709998201
-0.625,-1.625,0.00038987874929668765,19120594303735/49042412129994603
-0.625,-1.5,0.00038992685667912523,19122953605811/49042412129994603
-0.625,-1.375,0.00038997496406156286,6375104302629/16347470709998201
-0.625,-1.25,0.00039002307144400043,19127672209963/49042412129994603
-0.625,-1.125,0.00039007117882643806,19130031512039/49042412129994603
-0.625,-1,0.00039011928620887563,6377463604705/16347470709998201
-0.625,-0.875,0.00039016739359131321,19134750116191/49042412129994603
-0.625,-0.75,0.00039021550097375084,19137109418267/49042412129994603
-0.625,-0.625,0.00039026360835618841,6379822906781/16347470709998201
-0.625,-0.5,0.00039031171573862604,19141828022419/49042412129994603
-0.625,-0.375,0.00039035982312106361,19144187324495/49042412129994603
-0.625,-0.25,0.00039040793050350124,6382182208857/16347470709998201
-0.625,-0.125,0.00039045603788593882,19148905928647/49042412129994603
-0.625,0,0.00039050414526837644,19151265230723/49042412129994603
-0.625,0.125,0.00039055225265081402,6384541510933/16347470709998201
-0.625,0.25,0.00039060036003325165,19155983834875/49042412129994603
-0.625,0.375,0.00039064846741568922,19158343136951/49042412129994603
-0.625,0.5,0.00039069657479812685,6386900813009/16347470709998201
-0.625,0.625,0.00039074468218056442,19163061741103/49042412129994603
-0.625,0.75,0.000390792789563002,19165421043179/49042412129994603
-0.625,0.875,0.00039084089694543963,6389260115085/16347470709998201
-0.625,1,0.0003908890043278772,19170139647331/49042412129994603
-0.625,1.125,0.00039093711171031483,19172498949407/49042412129994603
-0.625,1.25,0.0003909852190927524,6391619417161/16347470709998201
-0.625,1.375,0.00039103332647519003,19177217553559/49042412129994603
-0.625,1.5,0.0003910814338576276,19179576855635/49042412129994603
-0.625,1.625,0.00039112954124006523,6393978719237/16347470709998201
-0.625,1.75,0.00039117764862250281,19184295459787/49042412129994603
-0.625,1.875,0.00039122575600494044,19186654761863/49042412129994603
-0.625,2,0.00039127386338737801,6396338021313/16347470709998201
-0.625,2.125,0.00039132197076981564,242928776785/620790026961957
-0.625,2.25,0.00039137007815225321,19193732668091/49042412129994603
-0.625,2.375,0.00039141818553469079,6398697323389/16347470709998201
-0.625,2.5,0.00039146629291712841,19198451272243/49042412129994603
-0.625,2.625,0.00039151440029956599,19200810574319/49042412129994603
-0.625,2.75,0.00039156250768200362,6401056625465/16347470709998201
-0.625,2.875,0.00039161061506444119,19205529178471/49042412129994603
-0.5,-2.625,0.00038941531457557815,6365955449049/16347470709998201
-0.5,-2.5,0.00038946342195801578,19100225649223/49042412129994603
-0.5,-2.375,0.00038951152934045335,19102584951299/49042412129994603
-0.5,-2.25,0.00038955963672289098,6368314751125/16347470709998201
-0.5,-2.125,0.00038960774410532855,19107303555451/49042412129994603
-0.5,-2,0.00038965585148776618,19109662857527/49042412129994603
-0.5,-1.875,0.00038970395887020376,6370674053201/16347470709998201
-0.5,-1.75,0.00038975206625264133,19114381461679/49042412129994603
-0.5,-1.625,0.00038980017363507896,19116740763755/49042412129994603
-0.5,-1.5,0.00038984828101751653,6373033355277/16347470709998201
-0.5,-1.375,0.00038989638839995416,19121459367907/49042412129994603
-0.5,-1.25,0.00038994449578239174,19123818669983/49042412129994603
-0.5,-1.125,0.00038999260316482936,6375392657353/16347470709998201
-0.5,-1,0.00039004071054726694,19128537274135/49042412129994603
-0.5,-0.875,0.00039008881792970457,19130896576211/49042412129994603
-0.5,-0.75,0.00039013692531214214,6377751959429/16347470709998201
-0.5,-0.625,0.00039018503269457977,19135615180363/49042412129994603
-0.5,-0.5,0.00039023314007701734,19137974482439/49042412129994603
-0.5,-0.375,0.00039028124745945497,6380111261505/16347470709998201
-0.5,-0.25,0.00039032935484189255,19142693086591/49042412129994603
-0.5,-0.125,0.00039037746222433012,19145052388667/49042412129994603
-0.5,0,0.00039042556960676775,6382470563581/16347470709998201
-0.5,0.125,0.00039047367698920532,19149770992819/49042412129994603
-0.5,0.25,0.00039052178437164295,19152130294895/49042412129994603
-0.5,0.375,0.00039056989175408053,6384829865657/16347470709998201
-0.5,0.5,0.00039061799913651815,19156848899047/49042412129994603
-0.5,0.625,0.00039066610651895573,19159208201123/49042412129994603
-0.5,0.75,0.00039071421390139336,6387189167733/16347470709998201
-0.5,0.875,0.00039076232128383093,19163926805275/49042412129994603
-0.5,1,0.00039081042866626856,19166286107351/49042412129994603
-0.5,1.125,0.00039085853604870613,6389548469809/16347470709998201
-0.5,1.25,0.00039090664343114376,19171004711503/49042412129994603
-0.5,1.375,0.00039095475081358134,19173364013579/49042412129994603
-0.5,1.5,0.00039100285819601891,6391907771885/16347470709998201
-0.5,1.625,0.00039105096557845654,19178082617731/49042412129994603
-0.5,1.75,0.00039109907296089411,19180441919807/49042412129994603
-0.5,1.875,0.00039114718034333174,6394267073961/16347470709998201
-0.5,2,0.00039119528772576931,19185160523959/49042412129994603
-0.5,2.125,0.00039124339510820694,19187519826035/49042412129994603
-0.5,2.25,0.00039129150249064452,6396626376037/16347470709998201
-0.5,2.375,0.00039133960987308215,19192238430187/49042412129994603
-0.5,2.5,0.00039138771725551972,19194597732263/49042412129994603
-0.5,2.625,0.00039143582463795735,6398985678113/16347470709998201
-0.5,2.75,0.00039148393202039492,19199316336415/49042412129994603
-0.375,-2.625,0.00038933673891396951,19094012807167/49042412129994603
-0.375,-2.5,0.00038938484629640708,19096372109243/49042412129994603
-0.375,-2.375,0.00038943295367884466,6366243803773/16347470709998201
-0.375,-2.25,0.00038948106106128229,19101090713395/49042412129994603
-0.375,-2.125,0.00038952916844371986,19103450015471/49042412129994603
-0.375,-2,0.00038957727582615749,6368603105849/16347470709998201
-0.375,-1.875,0.00038962538320859506,19108168619623/49042412129994603
-0.375,-1.75,0.00038967349059103269,19110527921699/49042412129994603
-0.375,-1.625,0.00038972159797347026,6370962407925/16347470709998201
-0.375,-1.5,0.00038976970535590789,19115246525851/49042412129994603
-0.375,-1.375,0.00038981781273834547,19117605827927/49042412129994603
-0.375,-1.25,0.0003898659201207831,6373321710001/16347470709998201
-0.375,-1.125,0.00038991402750322067,19122324432079/49042412129994603
-0.375,-1,0.00038996213488565824,19124683734155/49042412129994603
-0.375,-0.875,0.00039001024226809587,6375681012077/16347470709998201
-0.375,-0.75,0.00039005834965053345,19129402338307/49042412129994603
-0.375,-0.625,0.00039010645703297107,19131761640383/49042412129994603
-0.375,-0.5,0.00039015456441540865,6378040314153/16347470709998201
-0.375,-0.375,0.00039020267179784628,19136480244535/49042412129994603
-0.375,-0.25,0.00039025077918028385,19138839546611/49042412129994603
-0.375,-0.125,0.00039029888656272148,6380399616229/16347470709998201
-0.375,0,0.00039034699394515905,19143558150763/49042412129994603
-0.375,0.125,0.00039039510132759668,19145917452839/49042412129994603
-0.375,0.25,0.00039044320871003426,6382758918305/16347470709998201
-0.375,0.375,0.00039049131609247188,19150636056991/49042412129994603
-0.375,0.5,0.00039053942347490946,19152995359067/49042412129994603
-0.375,0.625,0.00039058753085734703,6385118220381/16347470709998201
-0.375,0.75,0.00039063563823978466,19157713963219/49042412129994603
-0.375,0.875,0.00039068374562222224,19160073265295/49042412129994603
-0.375,1,0.00039073185300465986,6387477522457/16347470709998201
-0.375,1.125,0.00039077996038709744,19164791869447/49042412129994603
-0.375,1.25,0.00039082806776953507,19167151171523/49042412129994603
-0.375,1.375,0.00039087617515197264,6389836824533/16347470709998201
-0.375,1.5,0.00039092428253441027,19171869775675/49042412129994603
-0.375,1.625,0.00039097238991684784,19174229077751/49042412129994603
-0.375,1.75,0.00039102049729928547,6392196126609/16347470709998201
-0.375,1.875,0.00039106860468172305,19178947681903/49042412129994603
-0.375,2,0.00039111671206416067,19181306983979/49042412129994603
-0.375,2.125,0.00039116481944659825,6394555428685/16347470709998201
-0.375,2.25,0.00039121292682903582,19186025588131/49042412129994603
-0.375,2.375,0.00039126103421147345,19188384890207/49042412129994603
-0.375,2.5,0.00039130914159391102,6396914730761/16347470709998201
-0.375,2.625,0.00039135724897634865,19193103494359/49042412129994603
-0.25,-2.625,0.00038925816325236081,19090159267187/49042412129994603
-0.25,-2.5,0.00038930627063479839,6364172856421/16347470709998201
-0.25,-2.375,0.00038935437801723602,19094877871339/49042412129994603
-0.25,-2.25,0.00038940248539967359,19097237173415/49042412129994603
-0.25,-2.125,0.00038945059278211122,6366532158497/16347470709998201
-0.25,-2,0.00038949870016454879,19101955777567/49042412129994603
-0.25,-1.875,0.00038954680754698637,19104315079643/49042412129994603
-0.25,-1.75,0.000389594914929424,6368891460573/16347470709998201
-0.25,-1.625,0.00038964302231186157,19109033683795/49042412129994603
-0.25,-1.5,0.0003896911296942992,19111392985871/49042412129994603
-0.25,-1.375,0.00038973923707673677,80648743831/206930008987319
-0.25,-1.25,0.0003897873444591744,19116111590023/49042412129994603
-0.25,-1.125,0.00038983545184161197,19118470892099/49042412129994603
-0.25,-1,0.0003898835592240496,6373610064725/16347470709998201
-0.25,-0.875,0.00038993166660648718,19123189496251/49042412129994603
-0.25,-0.75,0.00038997977398892481,19125548798327/49042412129994603
-0.25,-0.625,0.00039002788137136238,6375969366801/16347470709998201
-0.25,-0.5,0.00039007598875380001,19130267402479/49042412129994603
-0.25,-0.375,0.00039012409613623758,19132626704555/49042412129994603
-0.25,-0.25,0.00039017220351867516,6378328668877/16347470709998201
-0.25,-0.125,0.00039022031090111278,19137345308707/49042412129994603
-0.25,0,0.00039026841828355036,19139704610783/49042412129994603
-0.25,0.125,0.00039031652566598799,6380687970953/16347470709998201
-0.25,0.25,0.00039036463304842556,19144423214935/49042412129994603
-0.25,0.375,0.00039041274043086319,19146782517011/49042412129994603
-0.25,0.5,0.00039046084781330076,6383047273029/16347470709998201
-0.25,0.625,0.00039050895519573839,19151501121163/49042412129994603
-0.25,0.75,0.00039055706257817597,19153860423239/49042412129994603
-0.25,0.875,0.00039060516996061359,6385406575105/16347470709998201
-0.25,1,0.00039065327734305117,19158579027391/49042412129994603
-0.25,1.125,0.0003907013847254888,19160938329467/49042412129994603
-0.25,1.25,0.00039074949210792637,6387765877181/16347470709998201
-0.25,1.375,0.00039079759949036395,19165656933619/49042412129994603
-0.25,1.5,0.00039084570687280157,19168016235695/49042412129994603
-0.25,1.625,0.00039089381425523915,6390125179257/16347470709998201
-0.25,1.75,0.00039094192163767678,19172734839847/49042412129994603
-0.25,1.875,0.00039099002902011435,19175094141923/49042412129994603
-0.25,2,0.00039103813640255198,6392484481333/16347470709998201
-0.25,2.125,0.00039108624378498955,19179812746075/49042412129994603
-0.25,2.25,0.00039113435116742718,19182172048151/49042412129994603
-0.25,2.375,0.00039118245854986476,6394843783409/16347470709998201
-0.25,2.5,0.00039123056593230238,19186890652303/49042412129994603
-0.125,-2.625,0.00038917958759075212,6362101909069/16347470709998201
-0.125,-2.5,0.00038922769497318969,19088665029283/49042412129994603
-0.125,-2.375,0.00038927580235562732,19091024331359/49042412129994603
-0.125,-2.25,0.0003893239097380649,6364461211145/16347470709998201
-0.125,-2.125,0.00038937201712050252,19095742935511/49042412129994603
-0.125,-2,0.0003894201245029401,19098102237587/49042412129994603
-0.125,-1.875,0.00038946823188537773,6366820513221/16347470709998201
-0.125,-1.75,0.0003895163392678153,19102820841739/49042412129994603
-0.125,-1.625,0.00038956444665025293,19105180143815/49042412129994603
-0.125,-1.5,0.0003896125540326905,6369179815297/16347470709998201
-0.125,-1.375,0.00038966066141512813,19109898747967/49042412129994603
-0.125,-1.25,0.00038970876879756571,19112258050043/49042412129994603
-0.125,-1.125,0.00038975687618000328,6371539117373/16347470709998201
-0.125,-1,0.00038980498356244091,19116976654195/49042412129994603
-0.125,-0.875,0.00038985309094487848,19119335956271/49042412129994603
-0.125,-0.75,0.00038990119832731611,6373898419449/16347470709998201
-0.125,-0.625,0.00038994930570975368,19124054560423/49042412129994603
-0.125,-0.5,0.00038999741309219131,19126413862499/49042412129994603
-0.125,-0.375,0.00039004552047462889,6376257721525/16347470709998201
-0.125,-0.25,0.00039009362785706652,19131132466651/49042412129994603
-0.125,-0.125,0.00039014173523950409,19133491768727/49042412129994603
-0.125,0,0.00039018984262194172,6378617023601/16347470709998201
-0.125,0.125,0.00039023795000437929,19138210372879/49042412129994603
-0.125,0.25,0.00039028605738681692,19140569674955/49042412129994603
-0.125,0.375,0.00039033416476925449,6380976325677/16347470709998201
-0.125,0.5,0.00039038227215169207,19145288279107/49042412129994603
-0.125,0.625,0.0003904303795341297,19147647581183/49042412129994603
-0.125,0.75,0.00039047848691656727,80801716807/206930008987319
-0.125,0.875,0.0003905265942990049,19152366185335/49042412129994603
-0.125,1,0.00039057470168144247,19154725487411/49042412129994603
-0.125,1.125,0.0003906228090638801,6385694929829/16347470709998201
-0.125,1.25,0.00039067091644631768,19159444091563/49042412129994603
-0.125,1.375,0.0003907190238287553,19161803393639/49042412129994603
-0.125,1.5,0.00039076713121119288,6388054231905/16347470709998201
-0.125,1.625,0.00039081523859363051,19166521997791/49042412129994603
-0.125,1.75,0.00039086334597606808,19168881299867/49042412129994603
-0.125,1.875,0.00039091145335850571,6390413533981/16347470709998201
-0.125,2,0.00039095956074094328,19173599904019/49042412129994603
-0.125,2.125,0.00039100766812338086,19175959206095/49042412129994603
-0.125,2.25,0.00039105577550581849,6392772836057/16347470709998201
-0.125,2.375,0.00039110388288825606,19180677810247/49042412129994603
-0.125,2.5,0.00039115199027069369,19183037112323/49042412129994603
0,-2.75,0.00038905290454670585,6360030961717/16347470709998201
0,-2.625,0.00038910101192914342,19082452187227/49042412129994603
0,-2.5,0.00038914911931158105,19084811489303/49042412129994603
0,-2.375,0.00038919722669401863,6362390263793/16347470709998201
0,-2.25,0.00038924533407645625,19089530093455/49042412129994603
0,-2.125,0.00038929344145889383,19091889395531/49042412129994603
0,-2,0.0003893415488413314,6364749565869/16347470709998201
0,-1.875,0.00038938965622376903,19096607999683/49042412129994603
0,-1.75,0.00038943776360620661,19098967301759/49042412129994603
0,-1.625,0.00038948587098864423,6367108867945/16347470709998201
0,-1.5,0.00038953397837108181,19103685905911/49042412129994603
0,-1.375,0.00038958208575351944,19106045207987/49042412129994603
0,-1.25,0.00038963019313595701,6369468170021/16347470709998201
0,-1.125,0.00038967830051839464,19110763812139/49042412129994603
0,-1,0.00038972640790083221,19113123114215/49042412129994603
0,-0.875,0.00038977451528326984,6371827472097/16347470709998201
0,-0.75,0.00038982262266570742,19117841718367/49042412129994603
0,-0.625,0.00038987073004814504,19120201020443/49042412129994603
0,-0.5,0.00038991883743058262,6374186774173/16347470709998201
0,-0.375,0.00038996694481302019,19124919624595/49042412129994603
0,-0.25,0.00039001505219545782,19127278926671/49042412129994603
0,-0.125,0.00039006315957789539,6376546076249/16347470709998201
0,0,0.00039011126696033302,19131997530823/49042412129994603
0,0.125,0.0003901593743427706,19134356832899/49042412129994603
0,0.25,0.00039020748172520823,6378905378325/16347470709998201
0,0.375,0.0003902555891076458,19139075437051/49042412129994603
0,0.5,0.00039030369649008343,19141434739127/49042412129994603
0,0.625,0.000390351803872521,6381264680401/16347470709998201
0,0.75,0.00039039991125495863,19146153343279/49042412129994603
0,0.875,0.0003904480186373962,19148512645355/49042412129994603
0,1,0.00039049612601983383,6383623982477/16347470709998201
0,1.125,0.00039054423340227141,19153231249507/49042412129994603
0,1.25,0.00039059234078470898,19155590551583/49042412129994603
0,1.375,0.00039064044816714661,6385983284553/16347470709998201
0,1.5,0.00039068855554958418,19160309155735/49042412129994603
0,1.625,0.00039073666293202181,19162668457811/49042412129994603
0,1.75,0.00039078477031445939,6388342586629/16347470709998201
0,1.875,0.00039083287769689701,19167387061963/49042412129994603
0,2,0.00039088098507933459,19169746364039/49042412129994603
0,2.125,0.00039092909246177222,6390701888705/16347470709998201
0,2.25,0.00039097719984420979,19174464968191/49042412129994603
0,2.375,0.00039102530722664742,19176824270267/49042412129994603
0.125,-2.75,0.00038897432888509715,19076239345171/49042412129994603
0.125,-2.625,0.00038902243626753473,19078598647247/49042412129994603
0.125,-2.5,0.00038907054364997236,6360319316441/16347470709998201
0.125,-2.375,0.00038911865103240993,19083317251399/49042412129994603
0.125,-2.25,0.00038916675841484756,19085676553475/49042412129994603
0.125,-2.125,0.00038921486579728513,6362678618517/16347470709998201
0.125,-2,0.00038926297317972276,19090395157627/49042412129994603
0.125,-1.875,0.00038931108056216034,19092754459703/49042412129994603
0.125,-1.75,0.00038935918794459796,6365037920593/16347470709998201
0.125,-1.625,0.00038940729532703554,19097473063855/49042412129994603
0.125,-1.5,0.00038945540270947317,19099832365931/49042412129994603
0.125,-1.375,0.00038950351009191074,6367397222669/16347470709998201
0.125,-1.25,0.00038955161747434832,19104550970083/49042412129994603
0.125,-1.125,0.00038959972485678594,19106910272159/49042412129994603
0.125,-1,0.00038964783223922352,6369756524745/16347470709998201
0.125,-0.875,0.00038969593962166115,19111628876311/49042412129994603
0.125,-0.75,0.00038974404700409872,19113988178387/49042412129994603
0.125,-0.625,0.00038979215438653635,6372115826821/16347470709998201
0.125,-0.5,0.00038984026176897392,19118706782539/49042412129994603
0.125,-0.375,0.00038988836915141155,19121066084615/49042412129994603
0.125,-0.25,0.00038993647653384913,6374475128897/16347470709998201
0.125,-0.125,0.00038998458391628675,19125784688767/49042412129994603
0.125,0,0.00039003269129872433,19128143990843/49042412129994603
0.125,0.125,0.00039008079868116196,6376834430973/16347470709998201
0.125,0.25,0.00039012890606359953,19132862594995/49042412129994603
0.125,0.375,0.0003901770134460371,19135221897071/49042412129994603
0.125,0.5,0.00039022512082847473,6379193733049/16347470709998201
0.125,0.625,0.00039027322821091231,19139940501223/49042412129994603
0.125,0.75,0.00039032133559334994,19142299803299/49042412129994603
0.125,0.875,0.00039036944297578751,6381553035125/16347470709998201
0.125,1,0.00039041755035822514,19147018407451/49042412129994603
0.125,1.125,0.00039046565774066271,19149377709527/49042412129994603
0.125,1.25,0.00039051376512310034,6383912337201/16347470709998201
0.125,1.375,0.00039056187250553791,19154096313679/49042412129994603
0.125,1.5,0.00039060997988797554,19156455615755/49042412129994603
0.125,1.625,0.00039065808727041312,6386271639277/16347470709998201
0.125,1.75,0.00039070619465285075,19161174219907/49042412129994603
0.125,1.875,0.00039075430203528832,19163533521983/49042412129994603
0.125,2,0.00039080240941772589,6388630941353/16347470709998201
0.125,2.125,0.00039085051680016352,19168252126135/49042412129994603
0.125,2.25,0.0003908986241826011,19170611428211/49042412129994603
0.25,-2.75,0.00038889575322348846,241422605129/620790026961957
0.25,-2.625,0.00038894386060592609,6358248369089/16347470709998201
0.25,-2.5,0.00038899196798836366,19077104409343/49042412129994603
0.25,-2.375,0.00038904007537080129,19079463711419/49042412129994603
0.25,-2.25,0.00038908818275323886,6360607671165/16347470709998201
0.25,-2.125,0.00038913629013567644,19084182315571/49042412129994603
0.25,-2,0.00038918439751811407,19086541617647/49042412129994603
0.25,-1.875,0.00038923250490055164,6362966973241/16347470709998201
0.25,-1.75,0.00038928061228298927,19091260221799/49042412129994603
0.25,-1.625,0.00038932871966542684,19093619523875/49042412129994603
0.25,-1.5,0.00038937682704786447,6365326275317/16347470709998201
0.25,-1.375,0.00038942493443030205,19098338128027/49042412129994603
0.25,-1.25,0.00038947304181273967,19100697430103/49042412129994603
0.25,-1.125,0.00038952114919517725,6367685577393/16347470709998201
0.25,-1,0.00038956925657761488,19105416034255/49042412129994603
0.25,-0.875,0.00038961736396005245,19107775336331/49042412129994603
0.25,-0.75,0.00038966547134249008,6370044879469/16347470709998201
0.25,-0.625,0.00038971357872492765,19112493940483/49042412129994603
0.25,-0.5,0.00038976168610736523,19114853242559/49042412129994603
0.25,-0.375,0.00038980979348980286,6372404181545/16347470709998201
0.25,-0.25,0.00038985790087224043,19119571846711/49042412129994603
0.25,-0.125,0.00038990600825467806,19121931148787/49042412129994603
0.25,0,0.00038995411563711563,6374763483621/16347470709998201
0.25,0.125,0.00039000222301955326,19126649752939/49042412129994603
0.25,0.25,0.00039005033040199084,19129009055015/49042412129994603
0.25,0.375,0.00039009843778442846,6377122785697/16347470709998201
0.25,0.5,0.00039014654516686604,19133727659167/49042412129994603
0.25,0.625,0.00039019465254930367,19136086961243/49042412129994603
0.25,0.75,0.00039024275993174124,6379482087773/16347470709998201
0.25,0.875,0.00039029086731417887,19140805565395/49042412129994603
0.25,1,0.00039033897469661644,19143164867471/49042412129994603
0.25,1.125,0.00039038708207905402,6381841389849/16347470709998201
0.25,1.25,0.00039043518946149165,19147883471623/49042412129994603
0.25,1.375,0.00039048329684392922,19150242773699/49042412129994603
0.25,1.5,0.00039053140422636685,6384200691925/16347470709998201
0.25,1.625,0.00039057951160880442,19154961377851/49042412129994603
0.25,1.75,0.00039062761899124205,19157320679927/49042412129994603
0.25,1.875,0.00039067572637367963,6386559994001/16347470709998201
0.25,2,0.00039072383375611725,19162039284079/49042412129994603
0.25,2.125,0.00039077194113855483,19164398586155/49042412129994603
0.25,2.25,0.00039082004852099246,6388919296077/16347470709998201
0.375,-2.75,0.00038881717756187976,6356177421737/16347470709998201
0.375,-2.625,0.00038886528494431739,19070891567287/49042412129994603
0.375,-2.5,0.00038891339232675497,19073250869363/49042412129994603
0.375,-2.375,0.0003889614997091926,6358536723813/16347470709998201
0.375,-2.25,0.00038900960709163017,19077969473515/49042412129994603
0.375,-2.125,0.0003890577144740678,19080328775591/49042412129994603
0.375,-2,0.00038910582185650537,6360896025889/16347470709998201
0.375,-1.875,0.000389153929238943,19085047379743/49042412129994603
0.375,-1.75,0.00038920203662138057,19087406681819/49042412129994603
0.375,-1.625,0.0003892501440038182,6363255327965/16347470709998201
0.375,-1.5,0.00038929825138625578,19092125285971/49042412129994603
0.375,-1.375,0.00038934635876869335,19094484588047/49042412129994603
0.375,-1.25,0.00038939446615113098,6365614630041/16347470709998201
0.375,-1.125,0.00038944257353356855,19099203192199/49042412129994603
0.375,-1,0.00038949068091600618,19101562494275/49042412129994603
0.375,-0.875,0.00038953878829844376,6367973932117/16347470709998201
0.375,-0.75,0.00038958689568088139,19106281098427/49042412129994603
0.375,-0.625,0.00038963500306331896,241881524057/620790026961957
0.375,-0.5,0.00038968311044575659,6370333234193/16347470709998201
0.375,-0.375,0.00038973121782819416,19113359004655/49042412129994603
0.375,-0.25,0.00038977932521063179,19115718306731/49042412129994603
0.375,-0.125,0.00038982743259306936,6372692536269/16347470709998201
0.375,0,0.00038987553997550699,19120436910883/49042412129994603
0.375,0.125,0.00038992364735794457,19122796212959/49042412129994603
0.375,0.25,0.00038997175474038214,6375051838345/16347470709998201
0.375,0.375,0.00039001986212281977,19127514817111/49042412129994603
0.375,0.5,0.00039006796950525734,19129874119187/49042412129994603
0.375,0.625,0.00039011607688769497,6377411140421/16347470709998201
0.375,0.75,0.00039016418427013255,19134592723339/49042412129994603
0.375,0.875,0.00039021229165257017,19136952025415/49042412129994603
0.375,1,0.00039026039903500775,6379770442497/16347470709998201
0.375,1.125,0.00039030850641744538,19141670629567/49042412129994603
0.375,1.25,0.00039035661379988295,19144029931643/49042412129994603
0.375,1.375,0.00039040472118232058,6382129744573/16347470709998201
0.375,1.5,0.00039045282856475815,19148748535795/49042412129994603
0.375,1.625,0.00039050093594719578,19151107837871/49042412129994603
0.375,1.75,0.00039054904332963336,6384489046649/16347470709998201
0.375,1.875,0.00039059715071207093,19155826442023/49042412129994603
0.375,2,0.00039064525809450856,19158185744099/49042412129994603
0.375,2.125,0.00039069336547694613,6386848348725/16347470709998201
0.5,-2.875,0.0003886904945178335,6354106474385/16347470709998201
0.5,-2.75,0.00038873860190027112,19064678725231/49042412129994603
0.5,-2.625,0.0003887867092827087,19067038027307/49042412129994603
0.5,-2.5,0.00038883481666514633,6356465776461/16347470709998201
0.5,-2.375,0.0003888829240475839,19071756631459/49042412129994603
0.5,-2.25,0.00038893103143002147,19074115933535/49042412129994603
0.5,-2.125,0.0003889791388124591,6358825078537/16347470709998201
0.5,-2,0.00038902724619489668,19078834537687/49042412129994603
0.5,-1.875,0.00038907535357733431,19081193839763/49042412129994603
0.5,-1.75,0.00038912346095977188,6361184380613/16347470709998201
0.5,-1.625,0.00038917156834220951,19085912443915/49042412129994603
0.5,-1.5,0.00038921967572464708,19088271745991/49042412129994603
0.5,-1.375,0.00038926778310708471,6363543682689/16347470709998201
0.5,-1.25,0.00038931589048952229,19092990350143/49042412129994603
0.5,-1.125,0.00038936399787195991,19095349652219/49042412129994603
0.5,-1,0.00038941210525439749,6365902984765/16347470709998201
0.5,-0.875,0.00038946021263683512,19100068256371/49042412129994603
0.5,-0.75,0.00038950832001927269,19102427558447/49042412129994603
0.5,-0.625,0.00038955642740171026,6368262286841/16347470709998201
0.5,-0.5,0.00038960453478414789,19107146162599/49042412129994603
0.5,-0.375,0.00038965264216658547,19109505464675/49042412129994603
0.5,-0.25,0.0003897007495490231,6370621588917/16347470709998201
0.5,-0.125,0.00038974885693146067,19114224068827/49042412129994603
0.5,0,0.0003897969643138983,19116583370903/49042412129994603
0.5,0.125,0.00038984507169633587,6372980890993/16347470709998201
0.5,0.25,0.0003898931790787735,19121301975055/49042412129994603
0.5,0.375,0.00038994128646121107,19123661277131/49042412129994603
0.5,0.5,0.0003899893938436487,6375340193069/16347470709998201
0.5,0.625,0.00039003750122608628,19128379881283/49042412129994603
0.5,0.75,0.00039008560860852391,19130739183359/49042412129994603
0.5,0.875,0.00039013371599096148,6377699495145/16347470709998201
0.5,1,0.00039018182337339905,19135457787511/49042412129994603
0.5,1.125,0.00039022993075583668,19137817089587/49042412129994603
0.5,1.25,0.00039027803813827426,6380058797221/16347470709998201
0.5,1.375,0.00039032614552071188,19142535693739/49042412129994603
0.5,1.5,0.00039037425290314946,242340442985/620790026961957
0.5,1.625,0.00039042236028558709,6382418099297/16347470709998201
0.5,1.75,0.00039047046766802466,19149613599967/49042412129994603
0.5,1.875,0.00039051857505046229,19151972902043/49042412129994603
0.5,2,0.00039056668243289986,6384777401373/16347470709998201
0.625,-2.875,0.0003886119188562248,19058465883175/49042412129994603
0.625,-2.75,0.00038866002623866243,19060825185251/49042412129994603
0.625,-2.625,0.0003887081336211,6354394829109/16347470709998201
0.625,-2.5,0.00038875624100353763,19065543789403/49042412129994603
0.625,-2.375,0.00038880434838597521,19067903091479/49042412129994603
0.625,-2.25,0.00038885245576841283,6356754131185/16347470709998201
0.625,-2.125,0.00038890056315085041,19072621695631/49042412129994603
0.625,-2,0.00038894867053328804,19074980997707/49042412129994603
0.625,-1.875,0.00038899677791572561,6359113433261/16347470709998201
0.625,-1.75,0.00038904488529816324,19079699601859/49042412129994603
0.625,-1.625,0.00038909299268060081,19082058903935/49042412129994603
0.625,-1.5,0.00038914110006303839,6361472735337/16347470709998201
0.625,-1.375,0.00038918920744547602,19086777508087/49042412129994603
0.625,-1.25,0.00038923731482791359,19089136810163/49042412129994603
0.625,-1.125,0.00038928542221035122,6363832037413/16347470709998201
0.625,-1,0.00038933352959278879,19093855414315/49042412129994603
0.625,-0.875,0.00038938163697522642,19096214716391/49042412129994603
0.625,-0.75,0.000389429744357664,6366191339489/16347470709998201
0.625,-0.625,0.00038947785174010162,19100933320543/49042412129994603
0.625,-0.5,0.0003895259591225392,19103292622619/49042412129994603
0.625,-0.375,0.00038957406650497683,6368550641565/16347470709998201
0.625,-0.25,0.0003896221738874144,19108011226771/49042412129994603
0.625,-0.125,0.00038967028126985203,19110370528847/49042412129994603
0.625,0,0.0003897183886522896,6370909943641/16347470709998201
0.625,0.125,0.00038976649603472718,19115089132999/49042412129994603
0.625,0.25,0.00038981460341716481,19117448435075/49042412129994603
0.625,0.375,0.00038986271079960238,6373269245717/16347470709998201
0.625,0.5,0.00038991081818204001,19122167039227/49042412129994603
0.625,0.625,0.00038995892556447758,19124526341303/49042412129994603
0.625,0.75,0.00039000703294691521,6375628547793/16347470709998201
0.625,0.875,0.00039005514032935278,19129244945455/49042412129994603
0.625,1,0.00039010324771179041,19131604247531/49042412129994603
0.625,1.125,0.00039015135509422799,6377987849869/16347470709998201
0.625,1.25,0.00039019946247666562,19136322851683/49042412129994603
0.625,1.375,0.00039024756985910319,19138682153759/49042412129994603
0.625,1.5,0.00039029567724154082,6380347151945/16347470709998201
0.625,1.625,0.00039034378462397839,19143400757911/49042412129994603
0.625,1.75,0.00039039189200641597,19145760059987/49042412129994603
0.625,1.875,0.00039043999938885359,6382706454021/16347470709998201
0.75,-2.875,0.00038853334319461616,19054612343195/49042412129994603
0.75,-2.75,0.00038858145057705373,6352323881757/16347470709998201
0.75,-2.625,0.00038862955795949136,19059330947347/49042412129994603
0.75,-2.5,0.00038867766534192894,19061690249423/49042412129994603
0.75,-2.375,0.00038872577272436651,6354683183833/16347470709998201
0.75,-2.25,0.00038877388010680414,19066408853575/49042412129994603
0.75,-2.125,0.00038882198748924171,19068768155651/49042412129994603
0.75,-2,0.00038887009487167934,6357042485909/16347470709998201
0.75,-1.875,0.00038891820225411692,19073486759803/49042412129994603
0.75,-1.75,0.00038896630963655454,19075846061879/49042412129994603
0.75,-1.625,0.00038901441701899212,6359401787985/16347470709998201
0.75,-1.5,0.00038906252440142975,19080564666031/49042412129994603
0.75,-1.375,0.00038911063178386732,19082923968107/49042412129994603
0.75,-1.25,0.00038915873916630495,6361761090061/16347470709998201
0.75,-1.125,0.00038920684654874252,19087642572259/49042412129994603
0.75,-1,0.00038925495393118015,19090001874335/49042412129994603
0.75,-0.875,0.00038930306131361773,6364120392137/16347470709998201
0.75,-0.75,0.0003893511686960553,19094720478487/49042412129994603
0.75,-0.625,0.00038939927607849293,19097079780563/49042412129994603
0.75,-0.5,0.0003894473834609305,6366479694213/16347470709998201
0.75,-0.375,0.00038949549084336813,19101798384715/49042412129994603
0.75,-0.25,0.00038954359822580571,19104157686791/49042412129994603
0.75,-0.125,0.00038959170560824333,6368838996289/16347470709998201
0.75,0,0.00038963981299068091,19108876290943/49042412129994603
0.75,0.125,0.00038968792037311854,19111235593019/49042412129994603
0.75,0.25,0.00038973602775555611,6371198298365/16347470709998201
0.75,0.375,0.00038978413513799374,19115954197171/49042412129994603
0.75,0.5,0.00038983224252043131,19118313499247/49042412129994603
0.75,0.625,0.00038988034990286894,6373557600441/16347470709998201
0.75,0.75,0.00038992845728530652,19123032103399/49042412129994603
0.75,0.875,0.00038997656466774409,19125391405475/49042412129994603
0.75,1,0.00039002467205018172,6375916902517/16347470709998201
0.75,1.125,0.00039007277943261929,19130110009627/49042412129994603
0.75,1.25,0.00039012088681505692,19132469311703/49042412129994603
0.75,1.375,0.00039016899419749449,6378276204593/16347470709998201
0.75,1.5,0.00039021710157993212,19137187915855/49042412129994603
0.75,1.625,0.0003902652089623697,19139547217931/49042412129994603
0.75,1.75,0.00039031331634480733,6380635506669/16347470709998201
0.75,1.875,0.0003903614237272449,19144265822083/49042412129994603
0.875,-2.875,0.00038845476753300747,6350252934405/16347470709998201
0.875,-2.75,0.00038850287491544504,19053118105291/49042412129994603
0.875,-2.625,0.00038855098229788267,19055477407367/49042412129994603
0.875,-2.5,0.00038859908968032024,6352612236481/16347470709998201
0.875,-2.375,0.00038864719706275787,19060196011519/49042412129994603
0.875,-2.25,0.00038869530444519544,19062555313595/49042412129994603
0.875,-2.125,0.00038874341182763307,6354971538557/16347470709998201
0.875,-2,0.00038879151921007065,241357897693/620790026961957
0.875,-1.875,0.00038883962659250828,19069633219823/49042412129994603
0.875,-1.75,0.00038888773397494585,6357330840633/16347470709998201
0.875,-1.625,0.00038893584135738342,19074351823975/49042412129994603
0.875,-1.5,0.00038898394873982105,19076711126051/49042412129994603
0.875,-1.375,0.00038903205612225863,6359690142709/16347470709998201
0.875,-1.25,0.00038908016350469625,19081429730203/49042412129994603
0.875,-1.125,0.00038912827088713383,19083789032279/49042412129994603
0.875,-1,0.00038917637826957146,6362049444785/16347470709998201
0.875,-0.875,0.00038922448565200903,19088507636431/49042412129994603
0.875,-0.75,0.00038927259303444666,19090866938507/49042412129994603
0.875,-0.625,0.00038932070041688423,6364408746861/16347470709998201
0.875,-0.5,0.00038936880779932186,19095585542659/49042412129994603
0.875,-0.375,0.00038941691518175944,19097944844735/49042412129994603
0.875,-0.25,0.00038946502256419706,6366768048937/16347470709998201
0.875,-0.125,0.00038951312994663464,19102663448887/49042412129994603
0.875,0,0.00038956123732907221,19105022750963/49042412129994603
0.875,0.125,0.00038960934471150984,6369127351013/16347470709998201
0.875,0.25,0.00038965745209394742,19109741355115/49042412129994603
0.875,0.375,0.00038970555947638504,19112100657191/49042412129994603
0.875,0.5,0.00038975366685882262,6371486653089/16347470709998201
0.875,0.625,0.00038980177424126025,19116819261343/49042412129994603
0.875,0.75,0.00038984988162369782,19119178563419/49042412129994603
0.875,0.875,0.00038989798900613545,6373845955165/16347470709998201
0.875,1,0.00038994609638857302,19123897167571/49042412129994603
0.875,1.125,0.00038999420377101065,19126256469647/49042412129994603
0.875,1.25,0.00039004231115344823,6376205257241/16347470709998201
0.875,1.375,0.00039009041853588585,19130975073799/49042412129994603
0.875,1.5,0.00039013852591832343,19133334375875/49042412129994603
0.875,1.625,0.000390186633300761,6378564559317/16347470709998201
0.875,1.75,0.00039023474068319863,19138052980027/49042412129994603
1,-3,0.0003883280844889612,6348181987053/16347470709998201
1,-2.875,0.00038837619187139877,19046905263235/49042412129994603
1,-2.75,0.0003884242992538364,19049264565311/49042412129994603
1,-2.625,0.00038847240663627397,6350541289129/16347470709998201
1,-2.5,0.00038852051401871155,19053983169463/49042412129994603
1,-2.375,0.00038856862140114918,19056342471539/49042412129994603
1,-2.25,0.00038861672878358675,6352900591205/16347470709998201
1,-2.125,0.00038866483616602438,19061061075691/49042412129994603
1,-2,0.00038871294354846195,19063420377767/49042412129994603
1,-1.875,0.00038876105093089958,6355259893281/16347470709998201
1,-1.75,0.00038880915831333715,19068138981919/49042412129994603
1,-1.625,0.00038885726569577478,19070498283995/49042412129994603
1,-1.5,0.00038890537307821236,6357619195357/16347470709998201
1,-1.375,0.00038895348046064999,19075216888147/49042412129994603
1,-1.25,0.00038900158784308756,19077576190223/49042412129994603
1,-1.125,0.00038904969522552519,6359978497433/16347470709998201
1,-1,0.00038909780260796276,19082294794375/49042412129994603
1,-0.875,0.00038914590999040034,19084654096451/49042412129994603
1,-0.75,0.00038919401737283796,6362337799509/16347470709998201
1,-0.625,0.00038924212475527554,19089372700603/49042412129994603
1,-0.5,0.00038929023213771317,19091732002679/49042412129994603
1,-0.375,0.00038933833952015074,6364697101585/16347470709998201
1,-0.25,0.00038938644690258837,19096450606831/49042412129994603
1,-0.125,0.00038943455428502594,19098809908907/49042412129994603
1,0,0.00038948266166746357,6367056403661/16347470709998201
1,0.125,0.00038953076904990115,241816816621/620790026961957
1,0.25,0.00038957887643233877,19105887815135/49042412129994603
1,0.375,0.00038962698381477635,6369415705737/16347470709998201
1,0.5,0.00038967509119721398,19110606419287/49042412129994603
1,0.625,0.00038972319857965155,19112965721363/49042412129994603
1,0.75,0.00038977130596208913,6371775007813/16347470709998201
1,0.875,0.00038981941334452675,19117684325515/49042412129994603
1,1,0.00038986752072696433,19120043627591/49042412129994603
1,1.125,0.00038991562810940196,6374134309889/16347470709998201
1,1.25,0.00038996373549183953,19124762231743/49042412129994603
1,1.375,0.00039001184287427716,19127121533819/49042412129994603
1,1.5,0.00039005995025671473,6376493611965/16347470709998201
1,1.625,0.00039010805763915236,19131840137971/49042412129994603
1.125,-2.875,0.00038829761620979008,19043051723255/49042412129994603
1.125,-2.75,0.0003883457235922277,6348470341777/16347470709998201
1.125,-2.625,0.00038839383097466528,19047770327407/49042412129994603
1.125,-2.5,0.00038844193835710291,19050129629483/49042412129994603
1.125,-2.375,0.00038849004573954048,6350829643853/16347470709998201
1.125,-2.25,0.00038853815312197811,19054848233635/49042412129994603
1.125,-2.125,0.00038858626050441568,19057207535711/49042412129994603
1.125,-2,0.00038863436788685331,6353188945929/16347470709998201
1.125,-1.875,0.00038868247526929089,19061926139863/49042412129994603
1.125,-1.75,0.00038873058265172846,19064285441939/49042412129994603
1.125,-1.625,0.00038877869003416609,6355548248005/16347470709998201
1.125,-1.5,0.00038882679741660366,19069004046091/49042412129994603
1.125,-1.375,0.00038887490479904129,19071363348167/49042412129994603
1.125,-1.25,0.00038892301218147886,6357907550081/16347470709998201
1.125,-1.125,0.00038897111956391649,19076081952319/49042412129994603
1.125,-1,0.00038901922694635407,19078441254395/49042412129994603
1.125,-0.875,0.0003890673343287917,6360266852157/16347470709998201
1.125,-0.75,0.00038911544171122927,19083159858547/49042412129994603
1.125,-0.625,0.0003891635490936669,19085519160623/49042412129994603
1.125,-0.5,0.00038921165647610447,6362626154233/16347470709998201
1.125,-0.375,0.0003892597638585421,19090237764775/49042412129994603
1.125,-0.25,0.00038930787124097967,19092597066851/49042412129994603
1.125,-0.125,0.00038935597862341725,6364985456309/16347470709998201
1.125,0,0.00038940408600585488,19097315671003/49042412129994603
1.125,0.125,0.00038945219338829245,19099674973079/49042412129994603
1.125,0.25,0.00038950030077073008,6367344758385/16347470709998201
1.125,0.375,0.00038954840815316765,19104393577231/49042412129994603
1.125,0.5,0.00038959651553560528,19106752879307/49042412129994603
1.125,0.625,0.00038964462291804286,6369704060461/16347470709998201
1.125,0.75,0.00038969273030048048,19111471483459/49042412129994603
1.125,0.875,0.00038974083768291806,19113830785535/49042412129994603
1.125,1,0.00038978894506535569,6372063362537/16347470709998201
1.125,1.125,0.00038983705244779326,19118549389687/49042412129994603
1.125,1.25,0.00038988515983023089,19120908691763/49042412129994603
1.125,1.375,0.00038993326721266846,6374422664613/16347470709998201
1.125,1.5,0.00038998137459510604,19125627295915/49042412129994603
1.125,1.625,0.00039002948197754367,19127986597991/49042412129994603
1.25,-2.75,0.00038826714793061901,19041557485351/49042412129994603
1.25,-2.625,0.00038831525531305658,19043916787427/49042412129994603
1.25,-2.5,0.00038836336269549421,6348758696501/16347470709998201
1.25,-2.375,0.00038841147007793179,19048635391579/49042412129994603
1.25,-2.25,0.00038845957746036941,19050994693655/49042412129994603
1.25,-2.125,0.00038850768484280699,6351117998577/16347470709998201
1.25,-2,0.00038855579222524462,19055713297807/49042412129994603
1.25,-1.875,0.00038860389960768219,19058072599883/49042412129994603
1.25,-1.75,0.00038865200699011982,6353477300653/16347470709998201
1.25,-1.625,0.00038870011437255739,19062791204035/49042412129994603
1.25,-1.5,0.00038874822175499502,19065150506111/49042412129994603
1.25,-1.375,0.0003887963291374326,6355836602729/16347470709998201
1.25,-1.25,0.00038884443651987022,19069869110263/49042412129994603
1.25,-1.125,0.0003888925439023078,19072228412339/49042412129994603
1.25,-1,0.00038894065128474537,6358195904805/16347470709998201
1.25,-0.875,0.000388988758667183,19076947016491/49042412129994603
1.25,-0.75,0.00038903686604962057,19079306318567/49042412129994603
1.25,-0.625,0.0003890849734320582,6360555206881/16347470709998201
1.25,-0.5,0.00038913308081449578,19084024922719/49042412129994603
1.25,-0.375,0.00038918118819693341,19086384224795/49042412129994603
1.25,-0.25,0.00038922929557937098,6362914508957/16347470709998201
1.25,-0.125,0.00038927740296180861,19091102828947/49042412129994603
1.25,0,0.00038932551034424618,19093462131023/49042412129994603
1.25,0.125,0.00038937361772668381,6365273811033/16347470709998201
1.25,0.25,0.00038942172510912138,19098180735175/49042412129994603
1.25,0.375,0.00038946983249155901,19100540037251/49042412129994603
1.25,0.5,0.00038951793987399659,6367633113109/16347470709998201
1.25,0.625,0.00038956604725643416,19105258641403/49042412129994603
1.25,0.75,0.00038961415463887179,19107617943479/49042412129994603
1.25,0.875,0.00038966226202130936,6369992415185/16347470709998201
1.25,1,0.00038971036940374699,19112336547631/49042412129994603
1.25,1.125,0.00038975847678618457,19114695849707/49042412129994603
1.25,1.25,0.0003898065841686222,6372351717261/16347470709998201
1.25,1.375,0.00038985469155105977,19119414453859/49042412129994603
1.25,1.5,0.0003899027989334974,19121773755935/49042412129994603
1.375,-2.75,0.00038818857226901031,19037703945371/49042412129994603
1.375,-2.625,0.00038823667965144794,6346687749149/16347470709998201
1.375,-2.5,0.00038828478703388552,19042422549523/49042412129994603
1.375,-2.375,0.00038833289441632314,19044781851599/49042412129994603
1.375,-2.25,0.00038838100179876072,6349047051225/16347470709998201
1.375,-2.125,0.00038842910918119835,19049500455751/49042412129994603
1.375,-2,0.00038847721656363592,19051859757827/49042412129994603
1.375,-1.875,0.0003885253239460735,6351406353301/16347470709998201
1.375,-1.75,0.00038857343132851112,19056578361979/49042412129994603
1.375,-1.625,0.0003886215387109487,19058937664055/49042412129994603
1.375,-1.5,0.00038866964609338633,6353765655377/16347470709998201
1.375,-1.375,0.0003887177534758239,19063656268207/49042412129994603
1.375,-1.25,0.00038876586085826153,19066015570283/49042412129994603
1.375,-1.125,0.0003888139682406991,6356124957453/16347470709998201
1.375,-1,0.00038886207562313673,19070734174435/49042412129994603
1.375,-0.875,0.00038891018300557431,19073093476511/49042412129994603
1.375,-0.75,0.00038895829038801193,6358484259529/16347470709998201
1.375,-0.625,0.00038900639777044951,19077812080663/49042412129994603
1.375,-0.5,0.00038905450515288714,19080171382739/49042412129994603
1.375,-0.375,0.00038910261253532471,6360843561605/16347470709998201
1.375,-0.25,0.00038915071991776228,19084889986891/49042412129994603
1.375,-0.125,0.00038919882730019991,19087249288967/49042412129994603
1.375,0,0.00038924693468263749,6363202863681/16347470709998201
1.375,0.125,0.00038929504206507512,19091967893119/49042412129994603
1.375,0.25,0.00038934314944751269,19094327195195/49042412129994603
1.375,0.375,0.00038939125682995032,6365562165757/16347470709998201
1.375,0.5,0.00038943936421238789,19099045799347/49042412129994603
1.375,0.625,0.00038948747159482552,19101405101423/49042412129994603
1.375,0.75,0.0003895355789772631,6367921467833/16347470709998201
1.375,0.875,0.00038958368635970072,19106123705575/49042412129994603
1.375,1,0.0003896317937421383,19108483007651/49042412129994603
1.375,1.125,0.00038967990112457593,6370280769909/16347470709998201
1.375,1.25,0.0003897280085070135,19113201611803/49042412129994603
1.375,1.375,0.00038977611588945107,19115560913879/49042412129994603
1.5,-2.625,0.00038815810398983925,19036209707467/49042412129994603
1.5,-2.5,0.00038820621137227682,19038569009543/49042412129994603
1.5,-2.375,0.00038825431875471445,6346976103873/16347470709998201
1.5,-2.25,0.00038830242613715202,19043287613695/49042412129994603
1.5,-2.125,0.00038835053351958965,19045646915771/49042412129994603
1.5,-2,0.00038839864090202723,6349335405949/16347470709998201
1.5,-1.875,0.00038844674828446486,19050365519923/49042412129994603
1.5,-1.75,0.00038849485566690243,19052724821999/49042412129994603
1.5,-1.625,0.00038854296304934006,6351694708025/16347470709998201
1.5,-1.5,0.00038859107043177763,19057443426151/49042412129994603
1.5,-1.375,0.00038863917781421526,19059802728227/49042412129994603
1.5,-1.25,0.00038868728519665283,80431063419/206930008987319
1.5,-1.125,0.00038873539257909041,19064521332379/49042412129994603
1.5,-1,0.00038878349996152804,19066880634455/49042412129994603
1.5,-0.875,0.00038883160734396561,6356413312177/16347470709998201
1.5,-0.75,0.00038887971472640324,19071599238607/49042412129994603
1.5,-0.625,0.00038892782210884081,19073958540683/49042412129994603
1.5,-0.5,0.00038897592949127844,6358772614253/16347470709998201
1.5,-0.375,0.00038902403687371602,19078677144835/49042412129994603
1.5,-0.25,0.00038907214425615364,19081036446911/49042412129994603
1.5,-0.125,0.00038912025163859122,6361131916329/16347470709998201
1.5,0,0.00038916835902102885,19085755051063/49042412129994603
1.5,0.125,0.00038921646640346642,19088114353139/49042412129994603
1.5,0.25,0.00038926457378590405,6363491218405/16347470709998201
1.5,0.375,0.00038931268116834162,19092832957291/49042412129994603
1.5,0.5,0.0003893607885507792,19095192259367/49042412129994603
1.5,0.625,0.00038940889593321683,6365850520481/16347470709998201
1.5,0.75,0.0003894570033156544,19099910863519/49042412129994603
1.5,0.875,0.00038950511069809203,19102270165595/49042412129994603
1.5,1,0.0003895532180805296,6368209822557/16347470709998201
1.5,1.125,0.00038960132546296723,19106988769747/49042412129994603
1.5,1.25,0.00038964943284540481,19109348071823/49042412129994603
1.625,-2.5,0.00038812763571066818,6344905156521/16347470709998201
1.625,-2.375,0.00038817574309310576,19037074771639/49042412129994603
1.625,-2.25,0.00038822385047554338,19039434073715/49042412129994603
1.625,-2.125,0.00038827195785798096,6347264458597/16347470709998201
1.625,-2,0.00038832006524041853,19044152677867/49042412129994603
1.625,-1.875,0.00038836817262285616,19046511979943/49042412129994603
1.625,-1.75,0.00038841628000529373,6349623760673/16347470709998201
1.625,-1.625,0.00038846438738773136,19051230584095/49042412129994603
1.625,-1.5,0.00038851249477016894,19053589886171/49042412129994603
1.625,-1.375,0.00038856060215260657,6351983062749/16347470709998201
1.625,-1.25,0.00038860870953504414,19058308490323/49042412129994603
1.625,-1.125,0.00038865681691748177,19060667792399/49042412129994603
1.625,-1,0.00038870492429991934,6354342364825/16347470709998201
1.625,-0.875,0.00038875303168235697,19065386396551/49042412129994603
1.625,-0.75,0.00038880113906479454,19067745698627/49042412129994603
1.625,-0.625,0.00038884924644723217,6356701666901/16347470709998201
1.625,-0.5,0.00038889735382966975,19072464302779/49042412129994603
1.625,-0.375,0.00038894546121210732,19074823604855/49042412129994603
1.625,-0.25,0.00038899356859454495,6359060968977/16347470709998201
1.625,-0.125,0.00038904167597698252,19079542209007/49042412129994603
1.625,0,0.00038908978335942015,19081901511083/49042412129994603
1.625,0.125,0.00038913789074185773,6361420271053/16347470709998201
1.625,0.25,0.00038918599812429535,19086620115235/49042412129994603
1.625,0.375,0.00038923410550673293,19088979417311/49042412129994603
1.625,0.5,0.00038928221288917056,6363779573129/16347470709998201
1.625,0.625,0.00038933032027160813,19093698021463/49042412129994603
1.625,0.75,0.00038937842765404576,19096057323539/49042412129994603
1.625,0.875,0.00038942653503648333,80584036395/206930008987319
1.625,1,0.00038947464241892096,19100775927691/49042412129994603
1.625,1.125,0.00038952274980135854,19103135229767/49042412129994603
1.625,1.25,0.00038957085718379611,6368498177281/16347470709998201
1.75,-2.5,0.00038804906004905949,19030861929583/49042412129994603
1.75,-2.375,0.00038809716743149706,19033221231659/49042412129994603
1.75,-2.25,0.00038814527481393469,6345193511245/16347470709998201
1.75,-2.125,0.00038819338219637226,19037939835811/49042412129994603
1.75,-2,0.00038824148957880989,19040299137887/49042412129994603
1.75,-1.875,0.00038828959696124747,6347552813321/16347470709998201
1.75,-1.75,0.00038833770434368509,19045017742039/49042412129994603
1.75,-1.625,0.00038838581172612267,19047377044115/49042412129994603
1.75,-1.5,0.0003884339191085603,6349912115397/16347470709998201
1.75,-1.375,0.00038848202649099787,19052095648267/49042412129994603
1.75,-1.25,0.00038853013387343544,19054454950343/49042412129994603
1.75,-1.125,0.00038857824125587307,6352271417473/16347470709998201
1.75,-1,0.00038862634863831065,19059173554495/49042412129994603
1.75,-0.875,0.00038867445602074828,19061532856571/49042412129994603
1.75,-0.75,0.00038872256340318585,6354630719549/16347470709998201
1.75,-0.625,0.00038877067078562348,19066251460723/49042412129994603
1.75,-0.5,0.00038881877816806105,19068610762799/49042412129994603
1.75,-0.375,0.00038886688555049868,6356990021625/16347470709998201
1.75,-0.25,0.00038891499293293625,19073329366951/49042412129994603
1.75,-0.125,0.00038896310031537388,19075688669027/49042412129994603
1.75,0,0.00038901120769781146,6359349323701/16347470709998201
1.75,0.125,0.00038905931508024909,19080407273179/49042412129994603
1.75,0.25,0.00038910742246268666,19082766575255/49042412129994603
1.75,0.375,0.00038915552984512423,6361708625777/16347470709998201
1.75,0.5,0.00038920363722756186,19087485179407/49042412129994603
1.75,0.625,0.00038925174460999944,19089844481483/49042412129994603
1.75,0.75,0.00038929985199243706,6364067927853/16347470709998201
1.75,0.875,0.00038934795937487464,19094563085635/49042412129994603
1.75,1,0.00038939606675731227,19096922387711/49042412129994603
1.75,1.125,0.00038944417413974984,6366427229929/16347470709998201
1.875,-2.375,0.00038801859176988842,6343122563893/16347470709998201
1.875,-2.25,0.00038806669915232599,19031726993755/49042412129994603
1.875,-2.125,0.00038811480653476357,19034086295831/49042412129994603
1.875,-2,0.0003881629139172012,6345481865969/16347470709998201
1.875,-1.875,0.00038821102129963877,19038804899983/49042412129994603
1.875,-1.75,0.0003882591286820764,19041164202059/49042412129994603
1.875,-1.625,0.00038830723606451397,6347841168045/16347470709998201
1.875,-1.5,0.0003883553434469516,19045882806211/49042412129994603
1.875,-1.375,0.00038840345082938918,19048242108287/49042412129994603
1.875,-1.25,0.0003884515582118268,6350200470121/16347470709998201
1.875,-1.125,0.00038849966559426438,19052960712439/49042412129994603
1.875,-1,0.00038854777297670201,19055320014515/49042412129994603
1.875,-0.875,0.00038859588035913958,6352559772197/16347470709998201
1.875,-0.75,0.00038864398774157721,19060038618667/49042412129994603
1.875,-0.625,0.00038869209512401478,19062397920743/49042412129994603
1.875,-0.5,0.00038874020250645236,6354919074273/16347470709998201
1.875,-0.375,0.00038878830988888999,19067116524895/49042412129994603
1.875,-0.25,0.00038883641727132756,19069475826971/49042412129994603
1.875,-0.125,0.00038888452465376519,6357278376349/16347470709998201
1.875,0,0.00038893263203620276,19074194431123/49042412129994603
1.875,0.125,0.00038898073941864039,19076553733199/49042412129994603
1.875,0.25,0.00038902884680107796,6359637678425/16347470709998201
1.875,0.375,0.00038907695418351559,19081272337351/49042412129994603
1.875,0.5,0.00038912506156595317,19083631639427/49042412129994603
1.875,0.625,0.0003891731689483908,6361996980501/16347470709998201
1.875,0.75,0.00038922127633082837,19088350243579/49042412129994603
1.875,0.875,0.000389269383713266,19090709545655/49042412129994603
1.875,1,0.00038931749109570357,6364356282577/16347470709998201
2,-2.25,0.0003879881234907173,19027873453775/49042412129994603
2,-2.125,0.00038803623087315493,6343410918617/16347470709998201
2,-2,0.0003880843382555925,19032592057927/49042412129994603
2,-1.875,0.00038813244563803013,19034951360003/49042412129994603
2,-1.75,0.0003881805530204677,6345770220693/16347470709998201
2,-1.625,0.00038822866040290533,19039669964155/49042412129994603
2,-1.5,0.00038827676778534291,19042029266231/49042412129994603
2,-1.375,0.00038832487516778048,6348129522769/16347470709998201
2,-1.25,0.00038837298255021811,19046747870383/49042412129994603
2,-1.125,0.00038842108993265568,19049107172459/49042412129994603
2,-1,0.00038846919731509331,6350488824845/16347470709998201
2,-0.875,0.00038851730469753089,19053825776611/49042412129994603
2,-0.75,0.00038856541207996851,19056185078687/49042412129994603
2,-0.625,0.00038861351946240609,6352848126921/16347470709998201
2,-0.5,0.00038866162684484372,19060903682839/49042412129994603
2,-0.375,0.00038870973422728129,19063262984915/49042412129994603
2,-0.25,0.00038875784160971892,6355207428997/16347470709998201
2,-0.125,0.00038880594899215649,19067981589067/49042412129994603
2,0,0.00038885405637459412,19070340891143/49042412129994603
2,0.125,0.0003889021637570317,6357566731073/16347470709998201
2,0.25,0.00038895027113946927,19075059495295/49042412129994603
2,0.375,0.0003889983785219069,19077418797371/49042412129994603
2,0.5,0.00038904648590434447,6359926033149/16347470709998201
2,0.625,0.0003890945932867821,19082137401523/49042412129994603
2,0.75,0.00038914270066921967,19084496703599/49042412129994603
2,0.875,0.0003891908080516573,6362285335225/16347470709998201
2,1,0.00038923891543409488,19089215307751/49042412129994603
2.125,-2.25,0.0003879095478291086,6341339971265/16347470709998201
2.125,-2.125,0.00038795765521154623,19026379215871/49042412129994603
2.125,-2,0.00038800576259398381,19028738517947/49042412129994603
2.125,-1.875,0.00038805386997642143,6343699273341/16347470709998201
2.125,-1.75,0.00038810197735885901,19033457122099/49042412129994603
2.125,-1.625,0.00038815008474129664,19035816424175/49042412129994603
2.125,-1.5,0.00038819819212373421,6346058575417/16347470709998201
2.125,-1.375,0.00038824629950617184,19040535028327/49042412129994603
2.125,-1.25,0.00038829440688860941,19042894330403/49042412129994603
2.125,-1.125,0.00038834251427104704,6348417877493/16347470709998201
2.125,-1,0.00038839062165348462,19047612934555/49042412129994603
2.125,-0.875,0.00038843872903592224,19049972236631/49042412129994603
2.125,-0.75,0.00038848683641835982,6350777179569/16347470709998201
2.125,-0.625,0.00038853494380079739,19054690840783/49042412129994603
2.125,-0.5,0.00038858305118323502,241228482821/620790026961957
2.125,-0.375,0.0003886311585656726,6353136481645/16347470709998201
2.125,-0.25,0.00038867926594811022,19061768747011/49042412129994603
2.125,-0.125,0.0003887273733305478,19064128049087/49042412129994603
2.125,0,0.00038877548071298543,6355495783721/16347470709998201
2.125,0.125,0.000388823588095423,19068846653239/49042412129994603
2.125,0.25,0.00038887169547786063,19071205955315/49042412129994603
2.125,0.375,0.0003889198028602982,6357855085797/16347470709998201
2.125,0.5,0.00038896791024273583,19075924559467/49042412129994603
2.125,0.625,0.00038901601762517341,19078283861543/49042412129994603
2.125,0.75,0.00038906412500761103,6360214387873/16347470709998201
2.125,0.875,0.00038911223239004861,19083002465695/49042412129994603
2.25,-2.125,0.00038787907954993754,19022525675891/49042412129994603
2.25,-2,0.00038792718693237517,6341628325989/16347470709998201
2.25,-1.875,0.00038797529431481274,19027244280043/49042412129994603
2.25,-1.75,0.00038802340169725037,19029603582119/49042412129994603
2.25,-1.625,0.00038807150907968794,6343987628065/16347470709998201
2.25,-1.5,0.00038811961646212552,19034322186271/49042412129994603
2.25,-1.375,0.00038816772384456314,19036681488347/49042412129994603
2.25,-1.25,0.00038821583122700072,6346346930141/16347470709998201
2.25,-1.125,0.00038826393860943835,19041400092499/49042412129994603
2.25,-1,0.00038831204599187592,19043759394575/49042412129994603
2.25,-0.875,0.00038836015337431355,6348706232217/16347470709998201
2.25,-0.75,0.00038840826075675112,19048477998727/49042412129994603
2.25,-0.625,0.00038845636813918875,19050837300803/49042412129994603
2.25,-0.5,0.00038850447552162633,6351065534293/16347470709998201
2.25,-0.375,0.00038855258290406395,19055555904955/49042412129994603
2.25,-0.25,0.00038860069028650153,19057915207031/49042412129994603
2.25,-0.125,0.00038864879766893916,6353424836369/16347470709998201
2.25,0,0.00038869690505137673,19062633811183/49042412129994603
2.25,0.125,0.00038874501243381431,19064993113259/49042412129994603
2.25,0.25,0.00038879311981625193,6355784138445/16347470709998201
2.25,0.375,0.00038884122719868951,19069711717411/49042412129994603
2.25,0.5,0.00038888933458112714,19072071019487/49042412129994603
2.25,0.625,0.00038893744196356471,6358143440521/16347470709998201
2.25,0.75,0.00038898554934600234,19076789623639/49042412129994603
2.375,-2,0.00038784861127076647,19021031437987/49042412129994603
2.375,-1.875,0.00038789671865320404,19023390740063/49042412129994603
2.375,-1.75,0.00038794482603564167,6341916680713/16347470709998201
2.375,-1.625,0.00038799293341807925,19028109344215/49042412129994603
2.375,-1.5,0.00038804104080051688,19030468646291/49042412129994603
2.375,-1.375,0.00038808914818295445,6344275982789/16347470709998201
2.375,-1.25,0.00038813725556539208,19035187250443/49042412129994603
2.375,-1.125,0.00038818536294782965,19037546552519/49042412129994603
2.375,-1,0.00038823347033026728,6346635284865/16347470709998201
2.375,-0.875,0.00038828157771270485,19042265156671/49042412129994603
2.375,-0.75,0.00038832968509514243,19044624458747/49042412129994603
2.375,-0.625,0.00038837779247758006,6348994586941/16347470709998201
2.375,-0.5,0.00038842589986001763,19049343062899/49042412129994603
2.375,-0.375,0.00038847400724245526,19051702364975/49042412129994603
2.375,-0.25,0.00038852211462489283,6351353889017/16347470709998201
2.375,-0.125,0.00038857022200733046,19056420969127/49042412129994603
2.375,0,0.00038861832938976804,19058780271203/49042412129994603
2.375,0.125,0.00038866643677220566,6353713191093/16347470709998201
2.375,0.25,0.00038871454415464324,19063498875355/49042412129994603
2.375,0.375,0.00038876265153708087,19065858177431/49042412129994603
2.375,0.5,0.00038881075891951844,6356072493169/16347470709998201
2.375,0.625,0.00038885886630195607,19070576781583/49042412129994603
2.5,-2,0.00038777003560915778,19017177898007/49042412129994603
2.5,-1.875,0.0003878181429915954,6339845733361/16347470709998201
2.5,-1.75,0.00038786625037403298,19021896502159/49042412129994603
2.5,-1.625,0.00038791435775647055,19024255804235/49042412129994603
2.5,-1.5,0.00038796246513890818,6342205035437/16347470709998201
2.5,-1.375,0.00038801057252134575,19028974408387/49042412129994603
2.5,-1.25,0.00038805867990378338,19031333710463/49042412129994603
2.5,-1.125,0.00038810678728622096,6344564337513/16347470709998201
2.5,-1,0.00038815489466865859,19036052314615/49042412129994603
2.5,-0.875,0.00038820300205109616,19038411616691/49042412129994603
2.5,-0.75,0.00038825110943353379,6346923639589/16347470709998201
2.5,-0.625,0.00038829921681597136,19043130220843/49042412129994603
2.5,-0.5,0.00038834732419840899,19045489522919/49042412129994603
2.5,-0.375,0.00038839543158084657,6349282941665/16347470709998201
2.5,-0.25,0.00038844353896328419,19050208127071/49042412129994603
2.5,-0.125,0.00038849164634572177,19052567429147/49042412129994603
2.5,0,0.00038853975372815934,6351642243741/16347470709998201
2.5,0.125,0.00038858786111059697,19057286033299/49042412129994603
2.5,0.25,0.00038863596849303454,19059645335375/49042412129994603
2.5,0.375,0.00038868407587547217,6354001545817/16347470709998201
2.5,0.5,0.00038873218325790975,19064363939527/49042412129994603
2.625,-1.875,0.00038773956732998671,240704856457/620790026961957
2.625,-1.75,0.00038778767471242428,19018042962179/49042412129994603
2.625,-1.625,0.00038783578209486191,6340134088085/16347470709998201
2.625,-1.5,0.00038788388947729949,19022761566331/49042412129994603
2.625,-1.375,0.00038793199685973711,19025120868407/49042412129994603
2.625,-1.25,0.00038798010424217469,6342493390161/16347470709998201
2.625,-1.125,0.00038802821162461232,19029839472559/49042412129994603
2.625,-1,0.00038807631900704989,19032198774635/49042412129994603
2.625,-0.875,0.00038812442638948747,6344852692237/16347470709998201
2.625,-0.75,0.00038817253377192509,19036917378787/49042412129994603
2.625,-0.625,0.00038822064115436267,19039276680863/49042412129994603
2.625,-0.5,0.0003882687485368003,6347211994313/16347470709998201
2.625,-0.375,0.00038831685591923787,19043995285015/49042412129994603
2.625,-0.25,0.0003883649633016755,19046354587091/49042412129994603
2.625,-0.125,0.00038841307068411307,6349571296389/16347470709998201
2.625,0,0.0003884611780665507,19051073191243/49042412129994603
2.625,0.125,0.00038850928544898828,19053432493319/49042412129994603
2.625,0.25,0.0003885573928314259,6351930598465/16347470709998201
2.625,0.375,0.00038860550021386348,19058151097471/49042412129994603
2.75,-1.75,0.00038770909905081559,6338063140733/16347470709998201
2.75,-1.625,0.00038775720643325322,19016548724275/49042412129994603
2.75,-1.5,0.00038780531381569079,19018908026351/49042412129994603
2.75,-1.375,0.00038785342119812842,6340422442809/16347470709998201
2.75,-1.25,0.00038790152858056599,19023626630503/49042412129994603
2.75,-1.125,0.00038794963596300362,19025985932579/49042412129994603
2.75,-1,0.0003879977433454412,6342781744885/16347470709998201
2.75,-0.875,0.00038804585072787882,19030704536731/49042412129994603
2.75,-0.75,0.0003880939581103164,19033063838807/49042412129994603
2.75,-0.625,0.00038814206549275403,6345141046961/16347470709998201
2.75,-0.5,0.0003881901728751916,19037782442959/49042412129994603
2.75,-0.375,0.00038823828025762923,19040141745035/49042412129994603
2.75,-0.25,0.0003882863876400668,6347500349037/16347470709998201
2.75,-0.125,0.00038833449502250438,19044860349187/49042412129994603
2.75,0,0.00038838260240494201,19047219651263/49042412129994603
2.75,0.125,0.00038843070978737958,6349859651113/16347470709998201
2.75,0.25,0.00038847881716981721,241163775385/620790026961957
2.875,-1.75,0.00038763052338920695,19010335882219/49042412129994603
2.875,-1.625,0.00038767863077164452,19012695184295/49042412129994603
2.875,-1.5,0.00038772673815408215,6338351495457/16347470709998201
2.875,-1.375,0.00038777484553651972,19017413788447/49042412129994603
2.875,-1.25,0.00038782295291895735,19019773090523/49042412129994603
2.875,-1.125,0.00038787106030139493,6340710797533/16347470709998201
2.875,-1,0.0003879191676838325,19024491694675/49042412129994603
2.875,-0.875,0.00038796727506627013,19026850996751/49042412129994603
2.875,-0.75,0.0003880153824487077,6343070099609/16347470709998201
2.875,-0.625,0.00038806348983114533,19031569600903/49042412129994603
2.875,-0.5,0.00038811159721358291,19033928902979/49042412129994603
2.875,-0.375,0.00038815970459602053,6345429401685/16347470709998201
2.875,-0.25,0.00038820781197845811,19038647507131/49042412129994603
2.875,-0.125,0.00038825591936089574,19041006809207/49042412129994603
2.875,0,0.00038830402674333331,6347788703761/16347470709998201
2.875,0.125,0.00038835213412577094,19045725413359/49042412129994603
3,-1.625,0.00038760005511003583,6336280548105/16347470709998201
3,-1.5,0.00038764816249247346,19011200946391/49042412129994603
3,-1.375,0.00038769626987491103,19013560248467/49042412129994603
3,-1.25,0.00038774437725734866,6338639850181/16347470709998201
3,-1.125,0.00038779248463978623,19018278852619/49042412129994603
3,-1,0.00038784059202222386,19020638154695/49042412129994603
3,-0.875,0.00038788869940466143,6340999152257/16347470709998201
3,-0.75,0.00038793680678709906,19025356758847/49042412129994603
3,-0.625,0.00038798491416953664,19027716060923/49042412129994603
3,-0.5,0.00038803302155197427,6343358454333/16347470709998201
3,-0.375,0.00038808112893441184,19032434665075/49042412129994603
3,-0.25,0.00038812923631684941,19034793967151/49042412129994603
3,-0.125,0.00038817734369928704,6345717756409/16347470709998201
3,0,0.00038822545108172462,19039512571303/49042412129994603
3.125,-1.5,0.00038756958683086476,19007347406411/49042412129994603
3.125,-1.375,0.00038761769421330239,6336568902829/16347470709998201
3.125,-1.25,0.00038766580159573996,19012066010563/49042412129994603
3.125,-1.125,0.00038771390897817754,19014425312639/49042412129994603
3.125,-1,0.00038776201636061517,6338928204905/16347470709998201
3.125,-0.875,0.00038781012374305274,19019143916791/49042412129994603
3.125,-0.75,0.00038785823112549037,19021503218867/49042412129994603
3.125,-0.625,0.00038790633850792794,6341287506981/16347470709998201
3.125,-0.5,0.00038795444589036557,19026221823019/49042412129994603
3.125,-0.375,0.00038800255327280314,19028581125095/49042412129994603
3.125,-0.25,0.00038805066065524077,6343646809057/16347470709998201
3.125,-0.125,0.00038809876803767835,19033299729247/49042412129994603
3.25,-1.5,0.00038749101116925607,6334497955477/16347470709998201
3.25,-1.375,0.00038753911855169369,19005853168507/49042412129994603
3.25,-1.25,0.00038758722593413127,19008212470583/49042412129994603
3.25,-1.125,0.0003876353333165689,80213383007/206930008987319
3.25,-1,0.00038768344069900647,19012931074735/49042412129994603
3.25,-0.875,0.0003877315480814441,19015290376811/49042412129994603
3.25,-0.75,0.00038777965546388167,6339216559629/16347470709998201
3.25,-0.625,0.0003878277628463193,19020008980963/49042412129994603
3.25,-0.5,0.00038787587022875688,19022368283039/49042412129994603
3.25,-0.375,0.00038792397761119445,6341575861705/16347470709998201
3.25,-0.25,0.00038797208499363208,19027086887191/49042412129994603
3.375,-1.375,0.000387460542890085,19001999628527/49042412129994603
3.375,-1.25,0.00038750865027252257,6334786310201/16347470709998201
3.375,-1.125,0.0003875567576549602,19006718232679/49042412129994603
3.375,-1,0.00038760486503739778,19009077534755/49042412129994603
3.375,-0.875,0.0003876529724198354,6337145612277/16347470709998201
3.375,-0.75,0.00038770107980227298,19013796138907/49042412129994603
3.375,-0.625,0.00038774918718471061,19016155440983/49042412129994603
3.375,-0.5,0.00038779729456714818,6339504914353/16347470709998201
3.375,-0.375,0.00038784540194958581,19020874045135/49042412129994603
3.5,-1.25,0.00038743007461091393,19000505390623/49042412129994603
3.5,-1.125,0.00038747818199335151,19002864692699/49042412129994603
3.5,-1,0.00038752628937578913,6335074664925/16347470709998201
3.5,-0.875,0.00038757439675822671,19007583296851/49042412129994603
3.5,-0.75,0.00038762250414066434,19009942598927/49042412129994603
3.5,-0.625,0.00038767061152310191,6337433967001/16347470709998201
3.5,-0.5,0.00038771871890553949,19014661203079/49042412129994603
3.625,-1.25,0.00038735149894930524,18996651850643/49042412129994603
3.625,-1.125,0.00038739960633174281,6333003717573/16347470709998201
3.625,-1,0.00038744771371418044,19001370454795/49042412129994603
3.625,-0.875,0.00038749582109661801,19003729756871/49042412129994603
3.625,-0.75,0.00038754392847905564,6335363019649/16347470709998201
3.625,-0.625,0.00038759203586149322,19008448361023/49042412129994603
3.75,-1.125,0.00038732103067013417,18995157612739/49042412129994603
3.75,-1,0.00038736913805257175,18997516914815/49042412129994603
3.75,-0.875,0.00038741724543500937,6333292072297/16347470709998201
3.75,-0.75,0.00038746535281744695,19002235518967/49042412129994603
3.875,-1,0.00038729056239096305,6331221124945/16347470709998201
3.875,-0.875,0.00038733866977340068,18996022676911/49042412129994603
4,-1,0.00038721198672935441,18989809834855/49042412129994603
